[
    {
        "type": "message",
        "subtype": "bot_message",
        "text": "yeah, it was tracked in boujou, have no idea if anyone still uses it! the fire was a plugin for max called fumefx.\n\nThey sound like good options to me! Hope Russia was good",
        "ts": "1572619959.000700",
        "username": "Alex (Prospela Mentors (beta))",
        "icons": {
            "image_48": "https:\/\/s3-us-west-2.amazonaws.com\/slack-files2\/bot_icons\/2019-11-01\/817749915156_48.png"
        },
        "bot_id": "B6CS60LDU"
    }
]