[
    {
        "type": "message",
        "subtype": "bot_message",
        "text": "I’ll try to post some stuff although my time on projects seems to be very erratic at the moment with homework and coursework so it seems to be slowing at the moment. Can’t wait till this is something I’m studying so that that’s the homework. All seems to be slowing a bit which is frustrating but I just seem to be lacking the time. \n\nSorry going to bombarded with questions because I was listening to a 30 min podcast about interns but was wondering what university you went to and whether you did\/recommend and internship .\n\nAlso wondering whether you made time to do vfx or just tried to slot it in when you could.",
        "ts": "1570565944.000200",
        "username": "Harry Wilkinson (Prospela Students (beta))",
        "icons": {
            "image_48": "https:\/\/s3-us-west-2.amazonaws.com\/slack-files2\/bot_icons\/2019-10-08\/776839003747_48.png"
        },
        "bot_id": "B6CS60LDU"
    }
]