[
    {
        "type": "message",
        "subtype": "bot_message",
        "text": "Russia was great although the food didn’t sit well with me. \n\nBeen told I need to get some work experience next year and was wondering if u new anyone that could help out as ideally I’d love to do a week or 2 placement related to vfx. Got quite a bit of time left and no problem if u can’t, just been told to start thinking. ",
        "ts": "1573073905.000100",
        "username": "Harry Wilkinson (Prospela Students (beta))",
        "icons": {
            "image_48": "https:\/\/s3-us-west-2.amazonaws.com\/slack-files2\/bot_icons\/2019-11-06\/824479466357_48.png"
        },
        "bot_id": "B6CS60LDU"
    }
]