[
    {
        "type": "message",
        "subtype": "bot_message",
        "text": "Like the bin fire one, is it motion tracked? Been doing a lot of careers evening and things at school recently. Think I’m going to end up doing art, dt, chemistry and maths ",
        "ts": "1571296755.000500",
        "username": "Harry Wilkinson (Prospela Students (beta))",
        "icons": {
            "image_48": "https:\/\/s3-us-west-2.amazonaws.com\/slack-files2\/bot_icons\/2019-10-17\/798636576576_48.png"
        },
        "bot_id": "B6CS60LDU"
    },
    {
        "type": "message",
        "subtype": "bot_message",
        "text": "We’ve also got to look at getting work experience somewhere and was wondering if there were any places you recommended for vfx. Not managed to get time to do anything this week but I’m going to Russia on a trip next week so I won’t be able to get any messages either. Hope you have a good week ",
        "ts": "1571296850.000600",
        "username": "Harry Wilkinson (Prospela Students (beta))",
        "icons": {
            "image_48": "https:\/\/s3-us-west-2.amazonaws.com\/slack-files2\/bot_icons\/2019-10-17\/798646027749_48.png"
        },
        "bot_id": "B6CS60LDU"
    }
]