[
    {
        "type": "message",
        "subtype": "bot_message",
        "text": "where abouts in the UK are you? I'll ask around the room and see - are you nearer london, or another city?",
        "ts": "1573835662.000200",
        "username": "Alex (Prospela Mentors (beta))",
        "icons": {
            "image_48": "https:\/\/s3-us-west-2.amazonaws.com\/slack-files2\/bot_icons\/2019-11-15\/838698071350_48.png"
        },
        "bot_id": "B6CS60LDU"
    },
    {
        "type": "message",
        "subtype": "bot_message",
        "text": "Yeh I’m outskirts of London, can easily commute in. Thanks really appreciate it. Had an interview for a scholarship at our colleges dt department and he recommended I try get as much time in and around the industry as possible. ",
        "ts": "1573838299.000300",
        "username": "Harry Wilkinson (Prospela Students (beta))",
        "icons": {
            "image_48": "https:\/\/s3-us-west-2.amazonaws.com\/slack-files2\/bot_icons\/2019-11-15\/838417412903_48.png"
        },
        "bot_id": "B6CS60LDU"
    }
]