[
    {
        "type": "message",
        "subtype": "bot_message",
        "text": "Actually just managed to crack it. Issue with open vdb and the way it was talking to renderman. It was kind of like the plug-in was half installed into renderman.",
        "ts": "1569696098.002900",
        "username": "Harry Wilkinson (Prospela Students (beta))",
        "icons": {
            "image_48": "https:\/\/s3-us-west-2.amazonaws.com\/slack-files2\/bot_icons\/2019-09-28\/765420225747_48.png"
        },
        "bot_id": "B6CS60LDU"
    }
]