[
    {
        "type": "message",
        "subtype": "bot_message",
        "text": "Sorry to bother, Managed to get out every frame as a vdb file with numbers on the end and into maya. My problem is that I can’t work out how to get the frames to run in a sequence, just seems to be one frame still for the whole thing. I’m using renderman but can’t find any argument that will play all the frames. Any ideas?",
        "ts": "1569600276.002800",
        "username": "Harry Wilkinson (Prospela Students (beta))",
        "icons": {
            "image_48": "https:\/\/s3-us-west-2.amazonaws.com\/slack-files2\/bot_icons\/2019-09-27\/763251118194_48.png"
        },
        "bot_id": "B6CS60LDU"
    }
]