[
    {
        "type": "message",
        "subtype": "bot_message",
        "text": "had any more time to play about?",
        "ts": "1583239271.000100",
        "username": "Alex (Prospela Mentors (beta))",
        "icons": {
            "image_48": "https:\/\/s3-us-west-2.amazonaws.com\/slack-files2\/bot_icons\/2020-03-03\/978790183300_48.png"
        },
        "bot_id": "B6CS60LDU"
    },
    {
        "type": "message",
        "text": "",
        "files": [
            {
                "id": "FUW29077Z",
                "created": 1583267273,
                "timestamp": 1583267273,
                "name": "image.png",
                "title": "image",
                "mimetype": "image\/png",
                "filetype": "png",
                "pretty_type": "PNG",
                "user": "U6D2VCN07",
                "editable": false,
                "size": 1041622,
                "mode": "hosted",
                "is_external": false,
                "external_type": "",
                "is_public": true,
                "public_url_shared": false,
                "display_as_bot": false,
                "username": "",
                "url_private": "https:\/\/files.slack.com\/files-pri\/T4UUTPV18-FUW29077Z\/image.png?t=xoxe-164979811042-1081742544354-1080362743317-fee6284c0ee20406565ca4cadf37d845",
                "url_private_download": "https:\/\/files.slack.com\/files-pri\/T4UUTPV18-FUW29077Z\/download\/image.png?t=xoxe-164979811042-1081742544354-1080362743317-fee6284c0ee20406565ca4cadf37d845",
                "thumb_64": "https:\/\/files.slack.com\/files-tmb\/T4UUTPV18-FUW29077Z-3f9e1ea1b5\/image_64.png?t=xoxe-164979811042-1081742544354-1080362743317-fee6284c0ee20406565ca4cadf37d845",
                "thumb_80": "https:\/\/files.slack.com\/files-tmb\/T4UUTPV18-FUW29077Z-3f9e1ea1b5\/image_80.png?t=xoxe-164979811042-1081742544354-1080362743317-fee6284c0ee20406565ca4cadf37d845",
                "thumb_360": "https:\/\/files.slack.com\/files-tmb\/T4UUTPV18-FUW29077Z-3f9e1ea1b5\/image_360.png?t=xoxe-164979811042-1081742544354-1080362743317-fee6284c0ee20406565ca4cadf37d845",
                "thumb_360_w": 360,
                "thumb_360_h": 152,
                "thumb_480": "https:\/\/files.slack.com\/files-tmb\/T4UUTPV18-FUW29077Z-3f9e1ea1b5\/image_480.png?t=xoxe-164979811042-1081742544354-1080362743317-fee6284c0ee20406565ca4cadf37d845",
                "thumb_480_w": 480,
                "thumb_480_h": 203,
                "thumb_160": "https:\/\/files.slack.com\/files-tmb\/T4UUTPV18-FUW29077Z-3f9e1ea1b5\/image_160.png?t=xoxe-164979811042-1081742544354-1080362743317-fee6284c0ee20406565ca4cadf37d845",
                "thumb_720": "https:\/\/files.slack.com\/files-tmb\/T4UUTPV18-FUW29077Z-3f9e1ea1b5\/image_720.png?t=xoxe-164979811042-1081742544354-1080362743317-fee6284c0ee20406565ca4cadf37d845",
                "thumb_720_w": 720,
                "thumb_720_h": 304,
                "thumb_800": "https:\/\/files.slack.com\/files-tmb\/T4UUTPV18-FUW29077Z-3f9e1ea1b5\/image_800.png?t=xoxe-164979811042-1081742544354-1080362743317-fee6284c0ee20406565ca4cadf37d845",
                "thumb_800_w": 800,
                "thumb_800_h": 338,
                "thumb_960": "https:\/\/files.slack.com\/files-tmb\/T4UUTPV18-FUW29077Z-3f9e1ea1b5\/image_960.png?t=xoxe-164979811042-1081742544354-1080362743317-fee6284c0ee20406565ca4cadf37d845",
                "thumb_960_w": 960,
                "thumb_960_h": 405,
                "thumb_1024": "https:\/\/files.slack.com\/files-tmb\/T4UUTPV18-FUW29077Z-3f9e1ea1b5\/image_1024.png?t=xoxe-164979811042-1081742544354-1080362743317-fee6284c0ee20406565ca4cadf37d845",
                "thumb_1024_w": 1024,
                "thumb_1024_h": 432,
                "image_exif_rotation": 1,
                "original_w": 2560,
                "original_h": 1080,
                "thumb_tiny": "AwAUADCIQ5Gc\/pR5A9f0qyi5RfpSlMimIrfZsd6TyPf9KtBW77T70u2gDPP0FJigmjNIY4Ty44cgCkNzNn\/WGmCmnqaAJftM3\/PQ0faZv75qKigBdxpVOTzTKcnWgD\/\/2Q==",
                "permalink": "https:\/\/prospela.slack.com\/files\/U6D2VCN07\/FUW29077Z\/image.png",
                "permalink_public": "https:\/\/slack-files.com\/T4UUTPV18-FUW29077Z-ad51f15f37",
                "is_starred": false,
                "has_rich_preview": false
            }
        ],
        "upload": true,
        "user": "U6D2VCN07",
        "display_as_bot": false,
        "ts": "1583267279.000200"
    },
    {
        "type": "message",
        "subtype": "bot_message",
        "text": "in other news im also doing a week placement after my gcse's at the electric theatre collective which should be great <https:\/\/electrictheatre.tv\/>",
        "ts": "1583267461.000500",
        "username": "Harry Wilkinson (Prospela Students (beta))",
        "icons": {
            "image_48": "https:\/\/s3-us-west-2.amazonaws.com\/slack-files2\/bot_icons\/2020-03-03\/970121985281_48.png"
        },
        "bot_id": "B6CS60LDU",
        "attachments": [
            {
                "title": "Electric Theatre Collective",
                "title_link": "https:\/\/electrictheatre.tv\/",
                "text": "We are Electric Theatre Collective, and we produce award winning visual effects. Our London and LA based studios encompass a wealth of talent across all disciplines of visual creativity, CGI, 2D, animation and colour grading.",
                "fallback": "Electric Theatre Collective",
                "image_url": "https:\/\/electrictheatre.tv\/wp-content\/uploads\/2019\/04\/ETC_triangle_PNG_White-600x315.png",
                "from_url": "https:\/\/electrictheatre.tv\/",
                "image_width": 476,
                "image_height": 250,
                "image_bytes": 2617,
                "service_icon": "https:\/\/electrictheatre.tv\/wp-content\/themes\/etc2019\/static\/images\/icon-touch.png",
                "service_name": "electrictheatre.tv",
                "id": 1,
                "original_url": "https:\/\/electrictheatre.tv\/"
            }
        ],
        "edited": {
            "user": "B6CS60LDU",
            "ts": "1583267461.000000"
        }
    }
]