[
    {
        "type": "message",
        "subtype": "channel_join",
        "ts": "1585140085.000200",
        "user": "U4VR52RQE",
        "text": "<@U4VR52RQE> has joined the channel"
    },
    {
        "type": "message",
        "subtype": "channel_join",
        "ts": "1585140085.000400",
        "user": "U6D2VCN07",
        "text": "<@U6D2VCN07> has joined the channel",
        "inviter": "U4VR52RQE"
    },
    {
        "type": "message",
        "subtype": "bot_message",
        "text": ":champagne: _You have opened a new, empty shared channel._ \n_Share <https:\/\/www.smooz.io\/room\/5e7b51744e229b0004288b16|this link> with other teams to invite them in it_",
        "ts": "1585140085.000500",
        "username": "Smooz",
        "bot_id": "B6CS60LDU"
    },
    {
        "type": "message",
        "subtype": "channel_name",
        "ts": "1585142570.000600",
        "user": "U4VR52RQE",
        "text": "<@U4VR52RQE> has renamed the channel from \"z-shared-23\" to \"william-and-weiran\"",
        "old_name": "z-shared-23",
        "name": "william-and-weiran"
    },
    {
        "type": "message",
        "subtype": "channel_join",
        "ts": "1585142578.000800",
        "user": "UTTNC1BJM",
        "text": "<@UTTNC1BJM> has joined the channel",
        "inviter": "U4VR52RQE"
    },
    {
        "type": "message",
        "subtype": "channel_join",
        "ts": "1585142578.001000",
        "user": "U4V22C6A1",
        "text": "<@U4V22C6A1> has joined the channel",
        "inviter": "U4VR52RQE"
    },
    {
        "type": "message",
        "subtype": "bot_message",
        "text": "_Team *Prospela Students (beta)* joined the shared channel_",
        "ts": "1585142602.001100",
        "username": "Smooz",
        "bot_id": "B6CS60LDU"
    },
    {
        "type": "message",
        "subtype": "bot_message",
        "text": "_Team *Prospela Mentors (beta)* joined the shared channel_",
        "ts": "1585142605.001200",
        "username": "Smooz",
        "bot_id": "B6CS60LDU"
    }
]