[
    {
        "type": "message",
        "subtype": "bot_message",
        "text": "_@winnie.lin.1225 has joined the channel_",
        "ts": "1585221869.001300",
        "username": "smooz (Prospela Students (beta))",
        "icons": {
            "image_48": "https:\/\/s3-us-west-2.amazonaws.com\/slack-files2\/bot_icons\/2020-03-26\/1015343574178_48.png"
        },
        "bot_id": "B6CS60LDU"
    },
    {
        "type": "message",
        "subtype": "bot_message",
        "text": "_@williamfoulds has joined the channel_",
        "ts": "1585221881.001400",
        "username": "smooz (Prospela Mentors (beta))",
        "icons": {
            "image_48": "https:\/\/s3-us-west-2.amazonaws.com\/slack-files2\/bot_icons\/2020-03-26\/1015343979378_48.png"
        },
        "bot_id": "B6CS60LDU"
    },
    {
        "type": "message",
        "subtype": "bot_message",
        "text": "Hey Winnie, please meet William your incredible E-Mentor we've been telling you about :smile:. Feel free to introduce yourselves, say a little bit about what you would like to get out of the mentorship and continue chatting within this channel. :wave:\n\nI will now be leaving the channel, but please direct message myself or penny-prospela if you have any questions. All the best for now! :slightly_smiling_face:\n\nNote: You will not see your match as a \"member\" in this channel however you can see from the chat history that they have joined\/been added :smile:",
        "ts": "1585221910.001500",
        "username": "Dexter Boyce (Prospela Students (beta))",
        "icons": {
            "image_48": "https:\/\/s3-us-west-2.amazonaws.com\/slack-files2\/bot_icons\/2020-03-26\/1029888897607_48.png"
        },
        "bot_id": "B6CS60LDU"
    },
    {
        "type": "message",
        "subtype": "bot_message",
        "text": "_@dexter has left the channel_",
        "ts": "1585221924.001600",
        "username": "smooz (Prospela Mentors (beta))",
        "icons": {
            "image_48": "https:\/\/s3-us-west-2.amazonaws.com\/slack-files2\/bot_icons\/2020-03-26\/1029889315479_48.png"
        },
        "bot_id": "B6CS60LDU"
    },
    {
        "type": "message",
        "subtype": "bot_message",
        "text": "_@dexter has left the channel_",
        "ts": "1585221928.001700",
        "username": "smooz (Prospela Students (beta))",
        "icons": {
            "image_48": "https:\/\/s3-us-west-2.amazonaws.com\/slack-files2\/bot_icons\/2020-03-26\/1016379523939_48.png"
        },
        "bot_id": "B6CS60LDU"
    },
    {
        "type": "message",
        "subtype": "bot_message",
        "text": "Hi William, hope you are doing ok during these chaotic times",
        "ts": "1585233858.001800",
        "username": "Winnie (Prospela Students (beta))",
        "icons": {
            "image_48": "https:\/\/s3-us-west-2.amazonaws.com\/slack-files2\/bot_icons\/2020-03-26\/1030427632775_48.png"
        },
        "bot_id": "B6CS60LDU"
    },
    {
        "type": "message",
        "subtype": "bot_message",
        "text": "I hope you are well in this period. My full name is Weiran Lin, you can call me Winnie, that would be easier.:slightly_smiling_face:\n\nI want to be a 3D modeller in animation\/ film\/ VFX or related field.\nI have studied traditional sculpture during my university and some modelling work experience in 3d printing industry and industrial field, but none in advertisement or vfx.\nBut it seems my experience is not enough. I have been looking for a job for more than 6 months, and did not get any luck .\n\nSo, I am a bit lost now. I am in doubt of my skills and abilities, perhaps my skill set is not yet suitable to work in VFX? or my works are just not good enough?\n\nCould you take a look at my portfolio and CV, and give some tips in which areas or skills should I be focusing on getting\/improving?\n\nHere is the link to some of my works: <https:\/\/www.artstation.com\/winnie1225>",
        "ts": "1585233860.001900",
        "username": "Winnie (Prospela Students (beta))",
        "icons": {
            "image_48": "https:\/\/s3-us-west-2.amazonaws.com\/slack-files2\/bot_icons\/2020-03-26\/1030427744663_48.png"
        },
        "bot_id": "B6CS60LDU",
        "attachments": [
            {
                "service_name": "ArtStation",
                "title": "Winnie Lin",
                "title_link": "https:\/\/www.artstation.com\/winnie1225",
                "text": "3D Artist",
                "fallback": "ArtStation: Winnie Lin",
                "thumb_url": "https:\/\/cdna.artstation.com\/p\/assets\/images\/images\/021\/126\/878\/small\/weiran-lin-01.jpg?1570540236",
                "from_url": "https:\/\/www.artstation.com\/winnie1225",
                "thumb_width": 800,
                "thumb_height": 500,
                "service_icon": "https:\/\/www.artstation.com\/assets\/apple-touch-icon-72x72-precomposed-981ded57beb5b35f5ea2f922e0d7daca.png",
                "id": 1,
                "original_url": "https:\/\/www.artstation.com\/winnie1225"
            }
        ],
        "edited": {
            "user": "B6CS60LDU",
            "ts": "1585233860.000000"
        }
    },
    {
        "type": "message",
        "text": "",
        "files": [
            {
                "id": "F010UA7KS21",
                "created": 1585233904,
                "timestamp": 1585233904,
                "name": "CV.pdf",
                "title": "CV",
                "mimetype": "application\/pdf",
                "filetype": "pdf",
                "pretty_type": "PDF",
                "user": "U6D2VCN07",
                "editable": false,
                "size": 1044996,
                "mode": "hosted",
                "is_external": false,
                "external_type": "",
                "is_public": true,
                "public_url_shared": false,
                "display_as_bot": false,
                "username": "",
                "url_private": "https:\/\/files.slack.com\/files-pri\/T4UUTPV18-F010UA7KS21\/cv.pdf?t=xoxe-164979811042-1081742544354-1080362743317-fee6284c0ee20406565ca4cadf37d845",
                "url_private_download": "https:\/\/files.slack.com\/files-pri\/T4UUTPV18-F010UA7KS21\/download\/cv.pdf?t=xoxe-164979811042-1081742544354-1080362743317-fee6284c0ee20406565ca4cadf37d845",
                "thumb_pdf": "https:\/\/files.slack.com\/files-tmb\/T4UUTPV18-F010UA7KS21-a5e7914f31\/cv_thumb_pdf.png?t=xoxe-164979811042-1081742544354-1080362743317-fee6284c0ee20406565ca4cadf37d845",
                "thumb_pdf_w": 697,
                "thumb_pdf_h": 986,
                "permalink": "https:\/\/prospela.slack.com\/files\/U6D2VCN07\/F010UA7KS21\/cv.pdf",
                "permalink_public": "https:\/\/slack-files.com\/T4UUTPV18-F010UA7KS21-04014184dc",
                "is_starred": false,
                "has_rich_preview": false
            }
        ],
        "upload": true,
        "user": "U6D2VCN07",
        "display_as_bot": false,
        "ts": "1585233906.002100"
    },
    {
        "type": "message",
        "subtype": "bot_message",
        "text": "really appreciate :slightly_smiling_face:",
        "ts": "1585233988.002400",
        "username": "Winnie (Prospela Students (beta))",
        "icons": {
            "image_48": "https:\/\/s3-us-west-2.amazonaws.com\/slack-files2\/bot_icons\/2020-03-26\/1015891587570_48.png"
        },
        "bot_id": "B6CS60LDU"
    }
]