[
    {
        "type": "message",
        "subtype": "bot_message",
        "text": "Hey Erin! Hope you're doing well and staying healthy! I'm sure you're working like crazy to keep things running remotely, I just wanted to check in and ask if you'd had a few minutes to look over the shot I'd sent you. If not it's totally fine, I know you have a ton on your plate!",
        "ts": "1585849461.000200",
        "username": "Kat (Prospela Students (beta))",
        "icons": {
            "image_48": "https:\/\/s3-us-west-2.amazonaws.com\/slack-files2\/bot_icons\/2020-04-02\/1044796127607_48.png"
        },
        "bot_id": "B6CS60LDU"
    }
]