[
    {
        "type": "message",
        "subtype": "bot_message",
        "text": "Thanks for the tip! It helps to know what kind of tasks a junior comp artist would be doing and that roto isn't as common.",
        "ts": "1581712817.000300",
        "username": "Kat (Prospela Students (beta))",
        "icons": {
            "image_48": "https:\/\/s3-us-west-2.amazonaws.com\/slack-files2\/bot_icons\/2020-02-14\/953482665648_48.png"
        },
        "bot_id": "B6CS60LDU"
    },
    {
        "type": "message",
        "subtype": "bot_message",
        "text": "And thanks! I'm eager to get your opinions!!",
        "ts": "1581712877.000400",
        "username": "Kat (Prospela Students (beta))",
        "icons": {
            "image_48": "https:\/\/s3-us-west-2.amazonaws.com\/slack-files2\/bot_icons\/2020-02-14\/953504313269_48.png"
        },
        "bot_id": "B6CS60LDU"
    }
]