[
    {
        "type": "message",
        "subtype": "bot_message",
        "text": "Hey Erin! Wow, sorry for the super late response, the holidays were nuts and I didn't see your message! I'm currently helping out on an indie film which has been an awesome way to learn since my supervisor is a comp artist full time. Definitely learned a lot about paint work and grain management.",
        "ts": "1579551759.000100",
        "username": "Kat (Prospela Students (beta))",
        "icons": {
            "image_48": "https:\/\/s3-us-west-2.amazonaws.com\/slack-files2\/bot_icons\/2020-01-20\/914230454208_48.png"
        },
        "bot_id": "B6CS60LDU"
    },
    {
        "type": "message",
        "subtype": "bot_message",
        "text": "I've also got a few ideas for new reel projects to work on that I'd like to run by you whenever you have a moment! As well as get some pointers for touching up some driving greenscreens I have.",
        "ts": "1579551811.000200",
        "username": "Kat (Prospela Students (beta))",
        "icons": {
            "image_48": "https:\/\/s3-us-west-2.amazonaws.com\/slack-files2\/bot_icons\/2020-01-20\/914231283600_48.png"
        },
        "bot_id": "B6CS60LDU"
    }
]