[
    {
        "type": "message",
        "text": "Hi Emma, I've just logged on and I'm not sure what to do now. Who is my mentor?",
        "user": "U5Y0N7TRV",
        "ts": "1498752973.361170",
        "team": "T4UUTPV18",
        "user_team": "T4UUTPV18",
        "source_team": "T4UUTPV18",
        "user_profile": {
            "avatar_hash": "0f9a45d3da06",
            "image_72": "https:\/\/avatars.slack-edge.com\/2017-06-30\/206456745396_0f9a45d3da06bfbfcfac_72.png",
            "first_name": "Jannatul",
            "real_name": "Jannatul Tamim",
            "display_name": "jtamim",
            "team": "T4UUTPV18",
            "name": "jtamim",
            "is_restricted": false,
            "is_ultra_restricted": false
        }
    }
]