[
    {
        "type": "message",
        "text": "Hi <@U5Y0N7TRV>!! Hope you are well and enjoying the sunshine :smiley:\n\nIn case you didn't receive it the other day, here is your Student Onboarding Pack, which includes tips and example questions to ask your E-Mentor to get you going!",
        "user": "U4V22C6A1",
        "ts": "1498214596.084465",
        "team": "T4UUTPV18",
        "user_team": "T4UUTPV18",
        "source_team": "T4UUTPV18",
        "user_profile": {
            "avatar_hash": "52b8fca5eefd",
            "image_72": "https:\/\/avatars.slack-edge.com\/2017-06-20\/200807858901_52b8fca5eefdbb8ad2b9_72.jpg",
            "first_name": "Emma",
            "real_name": "Emma",
            "display_name": "emma-prospela",
            "team": "T4UUTPV18",
            "name": "emma-prospela",
            "is_restricted": false,
            "is_ultra_restricted": false
        }
    },
    {
        "type": "message",
        "text": "",
        "files": [
            {
                "id": "F5ZA70MJT",
                "created": 1498214605,
                "timestamp": 1498214605,
                "name": "Prospela e-mentoring - Student Onboarding Pack (Summer Programme) vFinal.pdf",
                "title": "Prospela e-mentoring - Student Onboarding Pack (Summer Programme) vFinal.pdf",
                "mimetype": "application\/pdf",
                "filetype": "pdf",
                "pretty_type": "PDF",
                "user": "U4V22C6A1",
                "editable": false,
                "size": 1400328,
                "mode": "hosted",
                "is_external": false,
                "external_type": "",
                "is_public": false,
                "public_url_shared": false,
                "display_as_bot": false,
                "username": "",
                "url_private": "https:\/\/files.slack.com\/files-pri\/T4UUTPV18-F5ZA70MJT\/prospela_e-mentoring_-_student_onboarding_pack__summer_programme__vfinal.pdf?t=xoxe-164979811042-1081742544354-1080362743317-fee6284c0ee20406565ca4cadf37d845",
                "url_private_download": "https:\/\/files.slack.com\/files-pri\/T4UUTPV18-F5ZA70MJT\/download\/prospela_e-mentoring_-_student_onboarding_pack__summer_programme__vfinal.pdf?t=xoxe-164979811042-1081742544354-1080362743317-fee6284c0ee20406565ca4cadf37d845",
                "permalink": "https:\/\/prospela.slack.com\/files\/U4V22C6A1\/F5ZA70MJT\/prospela_e-mentoring_-_student_onboarding_pack__summer_programme__vfinal.pdf",
                "permalink_public": "https:\/\/slack-files.com\/T4UUTPV18-F5ZA70MJT-250ed66940",
                "is_starred": false,
                "has_rich_preview": false
            }
        ],
        "upload": true,
        "user": "U4V22C6A1",
        "display_as_bot": false,
        "ts": "1498214606.086385"
    }
]