[
    {
        "type": "message",
        "text": "Hellooo <@U5WNHEH0T>!!",
        "user": "U4V22C6A1",
        "ts": "1497991731.699570",
        "team": "T4UUTPV18",
        "user_team": "T4UUTPV18",
        "source_team": "T4UUTPV18",
        "user_profile": {
            "avatar_hash": "52b8fca5eefd",
            "image_72": "https:\/\/avatars.slack-edge.com\/2017-06-20\/200807858901_52b8fca5eefdbb8ad2b9_72.jpg",
            "first_name": "Emma",
            "real_name": "Emma",
            "display_name": "emma-prospela",
            "team": "T4UUTPV18",
            "name": "emma-prospela",
            "is_restricted": false,
            "is_ultra_restricted": false
        }
    },
    {
        "type": "message",
        "text": "Welcome :smiley:",
        "user": "U4V22C6A1",
        "ts": "1497991733.700317",
        "team": "T4UUTPV18",
        "user_team": "T4UUTPV18",
        "source_team": "T4UUTPV18",
        "user_profile": {
            "avatar_hash": "52b8fca5eefd",
            "image_72": "https:\/\/avatars.slack-edge.com\/2017-06-20\/200807858901_52b8fca5eefdbb8ad2b9_72.jpg",
            "first_name": "Emma",
            "real_name": "Emma",
            "display_name": "emma-prospela",
            "team": "T4UUTPV18",
            "name": "emma-prospela",
            "is_restricted": false,
            "is_ultra_restricted": false
        }
    },
    {
        "type": "message",
        "text": "So this is snazzy",
        "user": "U5WNHEH0T",
        "ts": "1497991856.742621",
        "team": "T4UUTPV18",
        "user_team": "T4UUTPV18",
        "source_team": "T4UUTPV18",
        "user_profile": {
            "avatar_hash": "4f57fd1437c2",
            "image_72": "https:\/\/avatars.slack-edge.com\/2017-06-24\/202975306035_4f57fd1437c288f80dff_72.png",
            "first_name": "Michael",
            "real_name": "Michael",
            "display_name": "michael_h",
            "team": "T4UUTPV18",
            "name": "michael_h",
            "is_restricted": false,
            "is_ultra_restricted": false
        }
    },
    {
        "type": "message",
        "text": "HAHA",
        "user": "U4V22C6A1",
        "ts": "1497992142.843428",
        "team": "T4UUTPV18",
        "user_team": "T4UUTPV18",
        "source_team": "T4UUTPV18",
        "user_profile": {
            "avatar_hash": "52b8fca5eefd",
            "image_72": "https:\/\/avatars.slack-edge.com\/2017-06-20\/200807858901_52b8fca5eefdbb8ad2b9_72.jpg",
            "first_name": "Emma",
            "real_name": "Emma",
            "display_name": "emma-prospela",
            "team": "T4UUTPV18",
            "name": "emma-prospela",
            "is_restricted": false,
            "is_ultra_restricted": false
        }
    },
    {
        "type": "message",
        "text": ":sunglasses:",
        "user": "U4V22C6A1",
        "ts": "1497992167.851940",
        "team": "T4UUTPV18",
        "user_team": "T4UUTPV18",
        "source_team": "T4UUTPV18",
        "user_profile": {
            "avatar_hash": "52b8fca5eefd",
            "image_72": "https:\/\/avatars.slack-edge.com\/2017-06-20\/200807858901_52b8fca5eefdbb8ad2b9_72.jpg",
            "first_name": "Emma",
            "real_name": "Emma",
            "display_name": "emma-prospela",
            "team": "T4UUTPV18",
            "name": "emma-prospela",
            "is_restricted": false,
            "is_ultra_restricted": false
        }
    },
    {
        "type": "message",
        "text": "Hope you enjoy",
        "user": "U4V22C6A1",
        "ts": "1497992316.903912",
        "team": "T4UUTPV18",
        "user_team": "T4UUTPV18",
        "source_team": "T4UUTPV18",
        "user_profile": {
            "avatar_hash": "52b8fca5eefd",
            "image_72": "https:\/\/avatars.slack-edge.com\/2017-06-20\/200807858901_52b8fca5eefdbb8ad2b9_72.jpg",
            "first_name": "Emma",
            "real_name": "Emma",
            "display_name": "emma-prospela",
            "team": "T4UUTPV18",
            "name": "emma-prospela",
            "is_restricted": false,
            "is_ultra_restricted": false
        }
    },
    {
        "type": "message",
        "text": "Sign up all ok?",
        "user": "U4V22C6A1",
        "ts": "1497992320.905283",
        "team": "T4UUTPV18",
        "user_team": "T4UUTPV18",
        "source_team": "T4UUTPV18",
        "user_profile": {
            "avatar_hash": "52b8fca5eefd",
            "image_72": "https:\/\/avatars.slack-edge.com\/2017-06-20\/200807858901_52b8fca5eefdbb8ad2b9_72.jpg",
            "first_name": "Emma",
            "real_name": "Emma",
            "display_name": "emma-prospela",
            "team": "T4UUTPV18",
            "name": "emma-prospela",
            "is_restricted": false,
            "is_ultra_restricted": false
        }
    },
    {
        "type": "message",
        "text": "Yeah was really really easy",
        "user": "U5WNHEH0T",
        "ts": "1497992428.944032",
        "team": "T4UUTPV18",
        "user_team": "T4UUTPV18",
        "source_team": "T4UUTPV18",
        "user_profile": {
            "avatar_hash": "4f57fd1437c2",
            "image_72": "https:\/\/avatars.slack-edge.com\/2017-06-24\/202975306035_4f57fd1437c288f80dff_72.png",
            "first_name": "Michael",
            "real_name": "Michael",
            "display_name": "michael_h",
            "team": "T4UUTPV18",
            "name": "michael_h",
            "is_restricted": false,
            "is_ultra_restricted": false
        }
    },
    {
        "type": "message",
        "text": "It helped I already have slack but still think it would be simples",
        "user": "U5WNHEH0T",
        "ts": "1497992449.951849",
        "team": "T4UUTPV18",
        "user_team": "T4UUTPV18",
        "source_team": "T4UUTPV18",
        "user_profile": {
            "avatar_hash": "4f57fd1437c2",
            "image_72": "https:\/\/avatars.slack-edge.com\/2017-06-24\/202975306035_4f57fd1437c288f80dff_72.png",
            "first_name": "Michael",
            "real_name": "Michael",
            "display_name": "michael_h",
            "team": "T4UUTPV18",
            "name": "michael_h",
            "is_restricted": false,
            "is_ultra_restricted": false
        }
    },
    {
        "type": "message",
        "text": "ah brilliant",
        "user": "U4V22C6A1",
        "ts": "1497992458.954944",
        "team": "T4UUTPV18",
        "user_team": "T4UUTPV18",
        "source_team": "T4UUTPV18",
        "user_profile": {
            "avatar_hash": "52b8fca5eefd",
            "image_72": "https:\/\/avatars.slack-edge.com\/2017-06-20\/200807858901_52b8fca5eefdbb8ad2b9_72.jpg",
            "first_name": "Emma",
            "real_name": "Emma",
            "display_name": "emma-prospela",
            "team": "T4UUTPV18",
            "name": "emma-prospela",
            "is_restricted": false,
            "is_ultra_restricted": false
        }
    },
    {
        "type": "message",
        "text": "The training was good too",
        "user": "U5WNHEH0T",
        "ts": "1497992460.955871",
        "team": "T4UUTPV18",
        "user_team": "T4UUTPV18",
        "source_team": "T4UUTPV18",
        "user_profile": {
            "avatar_hash": "4f57fd1437c2",
            "image_72": "https:\/\/avatars.slack-edge.com\/2017-06-24\/202975306035_4f57fd1437c288f80dff_72.png",
            "first_name": "Michael",
            "real_name": "Michael",
            "display_name": "michael_h",
            "team": "T4UUTPV18",
            "name": "michael_h",
            "is_restricted": false,
            "is_ultra_restricted": false
        }
    },
    {
        "type": "message",
        "text": "I like the growth mindset stuff",
        "user": "U5WNHEH0T",
        "ts": "1497992469.958999",
        "team": "T4UUTPV18",
        "user_team": "T4UUTPV18",
        "source_team": "T4UUTPV18",
        "user_profile": {
            "avatar_hash": "4f57fd1437c2",
            "image_72": "https:\/\/avatars.slack-edge.com\/2017-06-24\/202975306035_4f57fd1437c288f80dff_72.png",
            "first_name": "Michael",
            "real_name": "Michael",
            "display_name": "michael_h",
            "team": "T4UUTPV18",
            "name": "michael_h",
            "is_restricted": false,
            "is_ultra_restricted": false
        }
    },
    {
        "type": "message",
        "text": "yes i got your feedback re: buttons",
        "user": "U4V22C6A1",
        "ts": "1497992472.960012",
        "team": "T4UUTPV18",
        "user_team": "T4UUTPV18",
        "source_team": "T4UUTPV18",
        "user_profile": {
            "avatar_hash": "52b8fca5eefd",
            "image_72": "https:\/\/avatars.slack-edge.com\/2017-06-20\/200807858901_52b8fca5eefdbb8ad2b9_72.jpg",
            "first_name": "Emma",
            "real_name": "Emma",
            "display_name": "emma-prospela",
            "team": "T4UUTPV18",
            "name": "emma-prospela",
            "is_restricted": false,
            "is_ultra_restricted": false
        }
    },
    {
        "type": "message",
        "text": "Was interesting",
        "user": "U5WNHEH0T",
        "ts": "1497992474.960861",
        "team": "T4UUTPV18",
        "user_team": "T4UUTPV18",
        "source_team": "T4UUTPV18",
        "user_profile": {
            "avatar_hash": "4f57fd1437c2",
            "image_72": "https:\/\/avatars.slack-edge.com\/2017-06-24\/202975306035_4f57fd1437c288f80dff_72.png",
            "first_name": "Michael",
            "real_name": "Michael",
            "display_name": "michael_h",
            "team": "T4UUTPV18",
            "name": "michael_h",
            "is_restricted": false,
            "is_ultra_restricted": false
        }
    },
    {
        "type": "message",
        "text": "haven't got round to amending yet but we will!",
        "user": "U4V22C6A1",
        "ts": "1497992478.962165",
        "team": "T4UUTPV18",
        "user_team": "T4UUTPV18",
        "source_team": "T4UUTPV18",
        "user_profile": {
            "avatar_hash": "52b8fca5eefd",
            "image_72": "https:\/\/avatars.slack-edge.com\/2017-06-20\/200807858901_52b8fca5eefdbb8ad2b9_72.jpg",
            "first_name": "Emma",
            "real_name": "Emma",
            "display_name": "emma-prospela",
            "team": "T4UUTPV18",
            "name": "emma-prospela",
            "is_restricted": false,
            "is_ultra_restricted": false
        }
    },
    {
        "type": "message",
        "text": "so thank you",
        "user": "U4V22C6A1",
        "ts": "1497992480.963118",
        "team": "T4UUTPV18",
        "user_team": "T4UUTPV18",
        "source_team": "T4UUTPV18",
        "user_profile": {
            "avatar_hash": "52b8fca5eefd",
            "image_72": "https:\/\/avatars.slack-edge.com\/2017-06-20\/200807858901_52b8fca5eefdbb8ad2b9_72.jpg",
            "first_name": "Emma",
            "real_name": "Emma",
            "display_name": "emma-prospela",
            "team": "T4UUTPV18",
            "name": "emma-prospela",
            "is_restricted": false,
            "is_ultra_restricted": false
        }
    },
    {
        "type": "message",
        "text": "looking forward to catching up on friday!",
        "user": "U4V22C6A1",
        "ts": "1497992490.966318",
        "team": "T4UUTPV18",
        "user_team": "T4UUTPV18",
        "source_team": "T4UUTPV18",
        "user_profile": {
            "avatar_hash": "52b8fca5eefd",
            "image_72": "https:\/\/avatars.slack-edge.com\/2017-06-20\/200807858901_52b8fca5eefdbb8ad2b9_72.jpg",
            "first_name": "Emma",
            "real_name": "Emma",
            "display_name": "emma-prospela",
            "team": "T4UUTPV18",
            "name": "emma-prospela",
            "is_restricted": false,
            "is_ultra_restricted": false
        }
    },
    {
        "type": "message",
        "text": "Yeah fo sho",
        "user": "U5WNHEH0T",
        "ts": "1497992496.968599",
        "team": "T4UUTPV18",
        "user_team": "T4UUTPV18",
        "source_team": "T4UUTPV18",
        "user_profile": {
            "avatar_hash": "4f57fd1437c2",
            "image_72": "https:\/\/avatars.slack-edge.com\/2017-06-24\/202975306035_4f57fd1437c288f80dff_72.png",
            "first_name": "Michael",
            "real_name": "Michael",
            "display_name": "michael_h",
            "team": "T4UUTPV18",
            "name": "michael_h",
            "is_restricted": false,
            "is_ultra_restricted": false
        }
    },
    {
        "type": "message",
        "text": "Is Charlie coming?",
        "user": "U5WNHEH0T",
        "ts": "1497992502.970397",
        "team": "T4UUTPV18",
        "user_team": "T4UUTPV18",
        "source_team": "T4UUTPV18",
        "user_profile": {
            "avatar_hash": "4f57fd1437c2",
            "image_72": "https:\/\/avatars.slack-edge.com\/2017-06-24\/202975306035_4f57fd1437c288f80dff_72.png",
            "first_name": "Michael",
            "real_name": "Michael",
            "display_name": "michael_h",
            "team": "T4UUTPV18",
            "name": "michael_h",
            "is_restricted": false,
            "is_ultra_restricted": false
        }
    },
    {
        "type": "message",
        "text": "did you see the video in the <#C4U81UV4G|mentors> channel?",
        "user": "U4V22C6A1",
        "ts": "1497992504.971461",
        "team": "T4UUTPV18",
        "user_team": "T4UUTPV18",
        "source_team": "T4UUTPV18",
        "user_profile": {
            "avatar_hash": "52b8fca5eefd",
            "image_72": "https:\/\/avatars.slack-edge.com\/2017-06-20\/200807858901_52b8fca5eefdbb8ad2b9_72.jpg",
            "first_name": "Emma",
            "real_name": "Emma",
            "display_name": "emma-prospela",
            "team": "T4UUTPV18",
            "name": "emma-prospela",
            "is_restricted": false,
            "is_ultra_restricted": false
        }
    },
    {
        "type": "message",
        "text": "And you decided what you want to eat?",
        "user": "U5WNHEH0T",
        "ts": "1497992512.973970",
        "team": "T4UUTPV18",
        "user_team": "T4UUTPV18",
        "source_team": "T4UUTPV18",
        "user_profile": {
            "avatar_hash": "4f57fd1437c2",
            "image_72": "https:\/\/avatars.slack-edge.com\/2017-06-24\/202975306035_4f57fd1437c288f80dff_72.png",
            "first_name": "Michael",
            "real_name": "Michael",
            "display_name": "michael_h",
            "team": "T4UUTPV18",
            "name": "michael_h",
            "is_restricted": false,
            "is_ultra_restricted": false
        }
    },
    {
        "type": "message",
        "text": "No let me check it out",
        "user": "U5WNHEH0T",
        "ts": "1497992517.975939",
        "team": "T4UUTPV18",
        "user_team": "T4UUTPV18",
        "source_team": "T4UUTPV18",
        "user_profile": {
            "avatar_hash": "4f57fd1437c2",
            "image_72": "https:\/\/avatars.slack-edge.com\/2017-06-24\/202975306035_4f57fd1437c288f80dff_72.png",
            "first_name": "Michael",
            "real_name": "Michael",
            "display_name": "michael_h",
            "team": "T4UUTPV18",
            "name": "michael_h",
            "is_restricted": false,
            "is_ultra_restricted": false
        }
    },
    {
        "type": "message",
        "text": "Yes we can bring The Boy if you want us to!",
        "user": "U4V22C6A1",
        "ts": "1497992533.981345",
        "team": "T4UUTPV18",
        "user_team": "T4UUTPV18",
        "source_team": "T4UUTPV18",
        "user_profile": {
            "avatar_hash": "52b8fca5eefd",
            "image_72": "https:\/\/avatars.slack-edge.com\/2017-06-20\/200807858901_52b8fca5eefdbb8ad2b9_72.jpg",
            "first_name": "Emma",
            "real_name": "Emma",
            "display_name": "emma-prospela",
            "team": "T4UUTPV18",
            "name": "emma-prospela",
            "is_restricted": false,
            "is_ultra_restricted": false
        }
    },
    {
        "type": "message",
        "text": "mmm let me think :thinking_face:",
        "user": "U4V22C6A1",
        "ts": "1497992551.987280",
        "team": "T4UUTPV18",
        "user_team": "T4UUTPV18",
        "source_team": "T4UUTPV18",
        "user_profile": {
            "avatar_hash": "52b8fca5eefd",
            "image_72": "https:\/\/avatars.slack-edge.com\/2017-06-20\/200807858901_52b8fca5eefdbb8ad2b9_72.jpg",
            "first_name": "Emma",
            "real_name": "Emma",
            "display_name": "emma-prospela",
            "team": "T4UUTPV18",
            "name": "emma-prospela",
            "is_restricted": false,
            "is_ultra_restricted": false
        }
    },
    {
        "type": "message",
        "text": "Dex said whatever you have in your fridge",
        "user": "U4V22C6A1",
        "ts": "1497992594.001807",
        "team": "T4UUTPV18",
        "user_team": "T4UUTPV18",
        "source_team": "T4UUTPV18",
        "user_profile": {
            "avatar_hash": "52b8fca5eefd",
            "image_72": "https:\/\/avatars.slack-edge.com\/2017-06-20\/200807858901_52b8fca5eefdbb8ad2b9_72.jpg",
            "first_name": "Emma",
            "real_name": "Emma",
            "display_name": "emma-prospela",
            "team": "T4UUTPV18",
            "name": "emma-prospela",
            "is_restricted": false,
            "is_ultra_restricted": false
        }
    },
    {
        "type": "message",
        "text": "haha",
        "user": "U4V22C6A1",
        "ts": "1497992595.002173",
        "team": "T4UUTPV18",
        "user_team": "T4UUTPV18",
        "source_team": "T4UUTPV18",
        "user_profile": {
            "avatar_hash": "52b8fca5eefd",
            "image_72": "https:\/\/avatars.slack-edge.com\/2017-06-20\/200807858901_52b8fca5eefdbb8ad2b9_72.jpg",
            "first_name": "Emma",
            "real_name": "Emma",
            "display_name": "emma-prospela",
            "team": "T4UUTPV18",
            "name": "emma-prospela",
            "is_restricted": false,
            "is_ultra_restricted": false
        }
    },
    {
        "type": "message",
        "text": "maybe something Mediterranean??",
        "user": "U4V22C6A1",
        "ts": "1497992671.027641",
        "team": "T4UUTPV18",
        "user_team": "T4UUTPV18",
        "source_team": "T4UUTPV18",
        "user_profile": {
            "avatar_hash": "52b8fca5eefd",
            "image_72": "https:\/\/avatars.slack-edge.com\/2017-06-20\/200807858901_52b8fca5eefdbb8ad2b9_72.jpg",
            "first_name": "Emma",
            "real_name": "Emma",
            "display_name": "emma-prospela",
            "team": "T4UUTPV18",
            "name": "emma-prospela",
            "is_restricted": false,
            "is_ultra_restricted": false
        }
    },
    {
        "type": "message",
        "text": "Ha ok will have a think",
        "user": "U5WNHEH0T",
        "ts": "1497993325.237158",
        "team": "T4UUTPV18",
        "user_team": "T4UUTPV18",
        "source_team": "T4UUTPV18",
        "user_profile": {
            "avatar_hash": "4f57fd1437c2",
            "image_72": "https:\/\/avatars.slack-edge.com\/2017-06-24\/202975306035_4f57fd1437c288f80dff_72.png",
            "first_name": "Michael",
            "real_name": "Michael",
            "display_name": "michael_h",
            "team": "T4UUTPV18",
            "name": "michael_h",
            "is_restricted": false,
            "is_ultra_restricted": false
        }
    },
    {
        "type": "message",
        "text": "Vid is good!",
        "user": "U5WNHEH0T",
        "ts": "1497993330.238831",
        "team": "T4UUTPV18",
        "user_team": "T4UUTPV18",
        "source_team": "T4UUTPV18",
        "user_profile": {
            "avatar_hash": "4f57fd1437c2",
            "image_72": "https:\/\/avatars.slack-edge.com\/2017-06-24\/202975306035_4f57fd1437c288f80dff_72.png",
            "first_name": "Michael",
            "real_name": "Michael",
            "display_name": "michael_h",
            "team": "T4UUTPV18",
            "name": "michael_h",
            "is_restricted": false,
            "is_ultra_restricted": false
        }
    },
    {
        "type": "message",
        "text": "Sets a good example I think",
        "user": "U5WNHEH0T",
        "ts": "1497993340.241903",
        "team": "T4UUTPV18",
        "user_team": "T4UUTPV18",
        "source_team": "T4UUTPV18",
        "user_profile": {
            "avatar_hash": "4f57fd1437c2",
            "image_72": "https:\/\/avatars.slack-edge.com\/2017-06-24\/202975306035_4f57fd1437c288f80dff_72.png",
            "first_name": "Michael",
            "real_name": "Michael",
            "display_name": "michael_h",
            "team": "T4UUTPV18",
            "name": "michael_h",
            "is_restricted": false,
            "is_ultra_restricted": false
        }
    },
    {
        "type": "message",
        "text": "With the \/ things is there anyway you can make it so you can add them as a predefined list of slack? So you don't have to remember the 12 skills?",
        "user": "U5WNHEH0T",
        "ts": "1497993389.257155",
        "team": "T4UUTPV18",
        "user_team": "T4UUTPV18",
        "source_team": "T4UUTPV18",
        "user_profile": {
            "avatar_hash": "4f57fd1437c2",
            "image_72": "https:\/\/avatars.slack-edge.com\/2017-06-24\/202975306035_4f57fd1437c288f80dff_72.png",
            "first_name": "Michael",
            "real_name": "Michael",
            "display_name": "michael_h",
            "team": "T4UUTPV18",
            "name": "michael_h",
            "is_restricted": false,
            "is_ultra_restricted": false
        }
    }
]