[
    {
        "type": "message",
        "text": "<@U5WNHEH0T> Hey Heapy!",
        "user": "U4V22C6A1",
        "ts": "1498903127.130524",
        "team": "T4UUTPV18",
        "user_team": "T4UUTPV18",
        "source_team": "T4UUTPV18",
        "user_profile": {
            "avatar_hash": "52b8fca5eefd",
            "image_72": "https:\/\/avatars.slack-edge.com\/2017-06-20\/200807858901_52b8fca5eefdbb8ad2b9_72.jpg",
            "first_name": "Emma",
            "real_name": "Emma",
            "display_name": "emma-prospela",
            "team": "T4UUTPV18",
            "name": "emma-prospela",
            "is_restricted": false,
            "is_ultra_restricted": false
        }
    },
    {
        "type": "message",
        "text": "Unlucky that we haven't heard much from your mentee, so we were going to introduce you to another student who has been active and looking for another E-Mentor! Here is a profile on them and we'll be introducing you shortly!",
        "user": "U4V22C6A1",
        "ts": "1498903190.134256",
        "team": "T4UUTPV18",
        "user_team": "T4UUTPV18",
        "source_team": "T4UUTPV18",
        "user_profile": {
            "avatar_hash": "52b8fca5eefd",
            "image_72": "https:\/\/avatars.slack-edge.com\/2017-06-20\/200807858901_52b8fca5eefdbb8ad2b9_72.jpg",
            "first_name": "Emma",
            "real_name": "Emma",
            "display_name": "emma-prospela",
            "team": "T4UUTPV18",
            "name": "emma-prospela",
            "is_restricted": false,
            "is_ultra_restricted": false
        },
        "edited": {
            "user": "U4V22C6A1",
            "ts": "1498903288.000000"
        }
    },
    {
        "type": "message",
        "text": "",
        "files": [
            {
                "id": "F62NHEWCV",
                "created": 1498903212,
                "timestamp": 1498903212,
                "name": "Prospela - Your Mentee Profile - Mohammad.pdf",
                "title": "Prospela - Your Mentee Profile - Mohammad.pdf",
                "mimetype": "application\/pdf",
                "filetype": "pdf",
                "pretty_type": "PDF",
                "user": "U4V22C6A1",
                "editable": false,
                "size": 256656,
                "mode": "hosted",
                "is_external": false,
                "external_type": "",
                "is_public": false,
                "public_url_shared": false,
                "display_as_bot": false,
                "username": "",
                "url_private": "https:\/\/files.slack.com\/files-pri\/T4UUTPV18-F62NHEWCV\/prospela_-_your_mentee_profile_-_mohammad.pdf?t=xoxe-164979811042-1081742544354-1080362743317-fee6284c0ee20406565ca4cadf37d845",
                "url_private_download": "https:\/\/files.slack.com\/files-pri\/T4UUTPV18-F62NHEWCV\/download\/prospela_-_your_mentee_profile_-_mohammad.pdf?t=xoxe-164979811042-1081742544354-1080362743317-fee6284c0ee20406565ca4cadf37d845",
                "permalink": "https:\/\/prospela.slack.com\/files\/U4V22C6A1\/F62NHEWCV\/prospela_-_your_mentee_profile_-_mohammad.pdf",
                "permalink_public": "https:\/\/slack-files.com\/T4UUTPV18-F62NHEWCV-372c756598",
                "is_starred": false,
                "has_rich_preview": false
            }
        ],
        "upload": true,
        "user": "U4V22C6A1",
        "display_as_bot": false,
        "ts": "1498903213.136248"
    },
    {
        "type": "message",
        "text": "Mo is a nice guy - a little shy and tends to copy and paste questions from the career plan :joy:, but he is a \"listener\" so will be taking on board everything you are saying \/ the pics you post",
        "user": "U4V22C6A1",
        "ts": "1498903620.163982",
        "team": "T4UUTPV18",
        "user_team": "T4UUTPV18",
        "source_team": "T4UUTPV18",
        "user_profile": {
            "avatar_hash": "52b8fca5eefd",
            "image_72": "https:\/\/avatars.slack-edge.com\/2017-06-20\/200807858901_52b8fca5eefdbb8ad2b9_72.jpg",
            "first_name": "Emma",
            "real_name": "Emma",
            "display_name": "emma-prospela",
            "team": "T4UUTPV18",
            "name": "emma-prospela",
            "is_restricted": false,
            "is_ultra_restricted": false
        }
    }
]