[
    {
        "type": "message",
        "subtype": "bot_message",
        "text": "Hi Thomas, nice to meet you! Tell me a bit more about yourself and what you're looking to get from the programme :smiley:",
        "ts": "1583396761.001800",
        "username": "Adam Boyne (IntoGames (Mentors))",
        "icons": {
            "image_48": "https:\/\/s3-us-west-2.amazonaws.com\/slack-files2\/bot_icons\/2020-03-05\/985023020087_48.png"
        },
        "bot_id": "B6CS60LDU"
    },
    {
        "type": "message",
        "subtype": "bot_message",
        "text": "Hi Adam, mostly I'm just looking for guidance to improve my skills as a designer as well as hopefully done opportunities to get my foot in the door of my first major job within the games\/software industry.",
        "ts": "1583400108.001900",
        "username": "Thomas Ackland (IntoGames (Mentees))",
        "icons": {
            "image_48": "https:\/\/s3-us-west-2.amazonaws.com\/slack-files2\/bot_icons\/2020-03-05\/970448177794_48.png"
        },
        "bot_id": "B6CS60LDU"
    },
    {
        "type": "message",
        "subtype": "bot_message",
        "text": "As for who I am, I'm a bit if an eclectic lad and I'm always looking to take part in any interesting project, games related or otherwise.",
        "ts": "1583400274.002000",
        "username": "Thomas Ackland (IntoGames (Mentees))",
        "icons": {
            "image_48": "https:\/\/s3-us-west-2.amazonaws.com\/slack-files2\/bot_icons\/2020-03-05\/970451948290_48.png"
        },
        "bot_id": "B6CS60LDU"
    },
    {
        "type": "message",
        "subtype": "bot_message",
        "text": "Other than that, I work at Game for now, refreshing my skills with c# when i can, I enjoy cooking, hanging out with friends and family and playing games. (video or otherwise)",
        "ts": "1583400859.002100",
        "username": "Thomas Ackland (IntoGames (Mentees))",
        "icons": {
            "image_48": "https:\/\/s3-us-west-2.amazonaws.com\/slack-files2\/bot_icons\/2020-03-05\/982799953556_48.png"
        },
        "bot_id": "B6CS60LDU"
    }
]