[
    {
        "type": "message",
        "subtype": "channel_name",
        "ts": "1573198833.001100",
        "user": "U4VR52RQE",
        "text": "<@U4VR52RQE> has renamed the channel from \"darci-and-chelsea\" to \"davi-and-mijail\"",
        "old_name": "darci-and-chelsea",
        "name": "davi-and-mijail"
    },
    {
        "type": "message",
        "subtype": "bot_message",
        "text": "_@mijail.valdivieso has joined the channel_",
        "ts": "1573198931.001200",
        "username": "smooz (Prospela Students (beta))",
        "icons": {
            "image_48": "https:\/\/s3-us-west-2.amazonaws.com\/slack-files2\/bot_icons\/2019-11-07\/826731048693_48.png"
        },
        "bot_id": "B6CS60LDU"
    },
    {
        "type": "message",
        "subtype": "bot_message",
        "text": "_@davi.stein has joined the channel_",
        "ts": "1573198937.001300",
        "username": "smooz (Prospela Mentors (beta))",
        "icons": {
            "image_48": "https:\/\/s3-us-west-2.amazonaws.com\/slack-files2\/bot_icons\/2019-11-07\/826723433008_48.png"
        },
        "bot_id": "B6CS60LDU"
    },
    {
        "type": "message",
        "subtype": "bot_message",
        "text": "Hi Mijail, please meet Davi your incredible E-Mentor which we've been telling you all about! Feel free to introduce yourselves, what you might like to get out of this mentorship and continue chatting within this channel. :wave:\n\nI will now be leaving the channel, but both please direct message myself or penny-prospela if you have any questions. All the best for now and happy chatting! :smile:",
        "ts": "1573198969.001400",
        "username": "Dexter Boyce (Prospela Students (beta))",
        "icons": {
            "image_48": "https:\/\/s3-us-west-2.amazonaws.com\/slack-files2\/bot_icons\/2019-11-07\/826731541461_48.png"
        },
        "bot_id": "B6CS60LDU"
    },
    {
        "type": "message",
        "subtype": "bot_message",
        "text": "_@dexter has left the channel_",
        "ts": "1573198978.001500",
        "username": "smooz (Prospela Mentors (beta))",
        "icons": {
            "image_48": "https:\/\/s3-us-west-2.amazonaws.com\/slack-files2\/bot_icons\/2019-11-07\/826259398628_48.png"
        },
        "bot_id": "B6CS60LDU"
    },
    {
        "type": "message",
        "subtype": "bot_message",
        "text": "_@dexter has left the channel_",
        "ts": "1573198981.001600",
        "username": "smooz (Prospela Students (beta))",
        "icons": {
            "image_48": "https:\/\/s3-us-west-2.amazonaws.com\/slack-files2\/bot_icons\/2019-11-07\/826731682053_48.png"
        },
        "bot_id": "B6CS60LDU"
    }
]