[
    {
        "type": "message",
        "subtype": "bot_message",
        "text": "Hi Mijai!",
        "ts": "1579789098.000100",
        "username": "Davi Stein (Prospela Mentors (beta))",
        "icons": {
            "image_48": "https:\/\/s3-us-west-2.amazonaws.com\/slack-files2\/bot_icons\/2020-01-23\/908752923553_48.png"
        },
        "bot_id": "B6CS60LDU"
    },
    {
        "type": "message",
        "subtype": "bot_message",
        "text": "How are you doing? So sorry I haven't been in touch. My bad. I have been so busy at work and then traveled back to see family in NY for a long break.",
        "ts": "1579789135.000200",
        "username": "Davi Stein (Prospela Mentors (beta))",
        "icons": {
            "image_48": "https:\/\/s3-us-west-2.amazonaws.com\/slack-files2\/bot_icons\/2020-01-23\/918951728021_48.png"
        },
        "bot_id": "B6CS60LDU"
    },
    {
        "type": "message",
        "subtype": "bot_message",
        "text": "Here are some helpful resources to get started.",
        "ts": "1579789149.000300",
        "username": "Davi Stein (Prospela Mentors (beta))",
        "icons": {
            "image_48": "https:\/\/s3-us-west-2.amazonaws.com\/slack-files2\/bot_icons\/2020-01-23\/918952063749_48.png"
        },
        "bot_id": "B6CS60LDU"
    },
    {
        "type": "message",
        "subtype": "bot_message",
        "text": "<https:\/\/discover.therookies.co\/beginners-guide-to-visual-effects-free-ebook\/?utm_campaign=2019%20Q4%20Marketing%20Initiatives&amp;utm_content=106162222&amp;utm_medium=social&amp;utm_source=linkedin&amp;hss_channel=lcp-2663437>",
        "ts": "1579789153.000400",
        "username": "Davi Stein (Prospela Mentors (beta))",
        "icons": {
            "image_48": "https:\/\/s3-us-west-2.amazonaws.com\/slack-files2\/bot_icons\/2020-01-23\/921148544662_48.png"
        },
        "bot_id": "B6CS60LDU",
        "attachments": [
            {
                "service_name": "Discover @ The Rookies",
                "title": "Beginner's Guide to Visual Effects - A free book that explains everything you need to know about getting started.",
                "title_link": "https:\/\/discover.therookies.co\/beginners-guide-to-visual-effects-free-ebook\/?utm_campaign=2019%20Q4%20Marketing%20Initiatives&utm_content=106162222&utm_medium=social&utm_source=linkedin&hss_channel=lcp-2663437",
                "text": "Why pursue a career in Visual Effects? Maybe because it's a career that involves the perfect mix of story telling, cutting-edge technology and creativity. It could also be because you love films and want to hang out on set surrounded by movie stars. Maybe you want a career that allows you to travel the world or even work remotely from home. Or maybe it's because you love drawing and building things with your hands and on the computer. There are so many reasons why you would want to work in Visua",
                "fallback": "Discover @ The Rookies: Beginner's Guide to Visual Effects - A free book that explains everything you need to know about getting started.",
                "image_url": "https:\/\/discover.therookies.co\/content\/images\/2019\/09\/facebook-advert-1.png",
                "image_width": 476,
                "image_height": 250,
                "fields": [
                    {
                        "title": "Written by",
                        "value": "Andrew McDonald",
                        "short": true
                    }
                ],
                "from_url": "https:\/\/discover.therookies.co\/beginners-guide-to-visual-effects-free-ebook\/?utm_campaign=2019%20Q4%20Marketing%20Initiatives&utm_content=106162222&utm_medium=social&utm_source=linkedin&hss_channel=lcp-2663437",
                "image_bytes": 757161,
                "service_icon": "https:\/\/discover.therookies.co\/favicon.png",
                "id": 1,
                "original_url": "https:\/\/discover.therookies.co\/beginners-guide-to-visual-effects-free-ebook\/?utm_campaign=2019%20Q4%20Marketing%20Initiatives&amp;utm_content=106162222&amp;utm_medium=social&amp;utm_source=linkedin&amp;hss_channel=lcp-2663437"
            }
        ],
        "edited": {
            "user": "B6CS60LDU",
            "ts": "1579789154.000000"
        }
    },
    {
        "type": "message",
        "subtype": "bot_message",
        "text": "<https:\/\/www.ukscreenalliance.co.uk\/wp-content\/uploads\/2019\/06\/The_Core_Skills_of_VFX_-_Student_Primer.pdf>",
        "ts": "1579789162.000600",
        "username": "Davi Stein (Prospela Mentors (beta))",
        "icons": {
            "image_48": "https:\/\/s3-us-west-2.amazonaws.com\/slack-files2\/bot_icons\/2020-01-23\/918940230320_48.png"
        },
        "bot_id": "B6CS60LDU"
    },
    {
        "type": "message",
        "subtype": "bot_message",
        "text": "Let's get to know each other soon so I can provide some mentoring for your career path.",
        "ts": "1579789195.000700",
        "username": "Davi Stein (Prospela Mentors (beta))",
        "icons": {
            "image_48": "https:\/\/s3-us-west-2.amazonaws.com\/slack-files2\/bot_icons\/2020-01-23\/906155955106_48.png"
        },
        "bot_id": "B6CS60LDU"
    },
    {
        "type": "message",
        "subtype": "bot_message",
        "text": "<https:\/\/www.pearsoncollegelondon.ac.uk\/news-and-events\/events\/2020\/1\/Roto-Clean-up-Webinar.html|https:\/\/www.pearsoncollegelondon.ac.uk\/news-and-events\/events\/2020\/1\/Roto-Clean-up-Webinar.html>",
        "ts": "1579816162.000800",
        "username": "Davi Stein (Prospela Mentors (beta))",
        "icons": {
            "image_48": "https:\/\/s3-us-west-2.amazonaws.com\/slack-files2\/bot_icons\/2020-01-23\/919334583700_48.png"
        },
        "bot_id": "B6CS60LDU",
        "attachments": [
            {
                "title": "Compositing webinar: Rotoscoping and Clean-up with Nuke and Mocha Pro",
                "title_link": "https:\/\/www.pearsoncollegelondon.ac.uk\/news-and-events\/events\/2020\/1\/Roto-Clean-up-Webinar.html",
                "text": "Compositing webinar: Rotoscoping and Clean-up with Nuke and Mocha Pro",
                "fallback": "Compositing webinar: Rotoscoping and Clean-up with Nuke and Mocha Pro",
                "from_url": "https:\/\/www.pearsoncollegelondon.ac.uk\/news-and-events\/events\/2020\/1\/Roto-Clean-up-Webinar.html",
                "service_icon": "https:\/\/www.pearsoncollegelondon.ac.uk\/etc\/designs\/region-core\/uk\/pearson-college\/favicon.ico",
                "service_name": "pearsoncollegelondon.ac.uk",
                "id": 1,
                "original_url": "https:\/\/www.pearsoncollegelondon.ac.uk\/news-and-events\/events\/2020\/1\/Roto-Clean-up-Webinar.html"
            }
        ],
        "edited": {
            "user": "B6CS60LDU",
            "ts": "1579816163.000000"
        }
    },
    {
        "type": "message",
        "subtype": "bot_message",
        "text": "<https:\/\/www.accessvfx.org\/internships|https:\/\/www.accessvfx.org\/internships>",
        "ts": "1579818199.001000",
        "username": "Davi Stein (Prospela Mentors (beta))",
        "icons": {
            "image_48": "https:\/\/s3-us-west-2.amazonaws.com\/slack-files2\/bot_icons\/2020-01-23\/922050972918_48.png"
        },
        "bot_id": "B6CS60LDU"
    },
    {
        "type": "message",
        "subtype": "bot_message",
        "text": "<https:\/\/www.accessvfx.org\/blog\/frequently-asked-questions|https:\/\/www.accessvfx.org\/blog\/frequently-asked-questions>",
        "ts": "1579818312.001100",
        "username": "Davi Stein (Prospela Mentors (beta))",
        "icons": {
            "image_48": "https:\/\/s3-us-west-2.amazonaws.com\/slack-files2\/bot_icons\/2020-01-23\/909660594097_48.png"
        },
        "bot_id": "B6CS60LDU"
    }
]