[
    {
        "type": "message",
        "subtype": "bot_message",
        "text": "H! Get your tickets soon. \nTuesday 17th day events and\/or Monday 16th evening events. \n<https:\/\/www.pearsoncollegelondon.ac.uk\/escape-studios\/the-vfx-festival.html|https:\/\/www.pearsoncollegelondon.ac.uk\/escape-studios\/the-vfx-festival.html>",
        "ts": "1581259838.001200",
        "username": "Davi Stein (Prospela Mentors (beta))",
        "icons": {
            "image_48": "https:\/\/s3-us-west-2.amazonaws.com\/slack-files2\/bot_icons\/2020-02-09\/931059259650_48.png"
        },
        "bot_id": "B6CS60LDU",
        "attachments": [
            {
                "title": "The VFX, Games and Animation Festival 2020",
                "title_link": "https:\/\/www.pearsoncollegelondon.ac.uk\/escape-studios\/the-vfx-festival.html",
                "text": "We're pulling out all the stops! The 2020 VFX Festival will be our biggest to date.",
                "fallback": "The VFX, Games and Animation Festival 2020",
                "from_url": "https:\/\/www.pearsoncollegelondon.ac.uk\/escape-studios\/the-vfx-festival.html",
                "service_icon": "https:\/\/www.pearsoncollegelondon.ac.uk\/etc\/designs\/region-core\/uk\/pearson-college\/favicon.ico",
                "service_name": "pearsoncollegelondon.ac.uk",
                "id": 1,
                "original_url": "https:\/\/www.pearsoncollegelondon.ac.uk\/escape-studios\/the-vfx-festival.html"
            }
        ],
        "edited": {
            "user": "B6CS60LDU",
            "ts": "1581259838.000000"
        }
    }
]