[
    {
        "type": "message",
        "subtype": "bot_message",
        "text": "Hey Alfie, sorry for the delayed response! I'm good thanks, ah it's all good. Life takes over sometimes eh haha. Things are currently a bit strange..  I'm unsure how you'd like to start this so feel free to fire away any questions or I can kind of let you know how I got to where I am. Maybe then you'll see some mirroring in how you're pursuing comp life!",
        "ts": "1584438959.002100",
        "username": "Martyn Hawkins (Prospela Mentors (beta))",
        "icons": {
            "image_48": "https:\/\/s3-us-west-2.amazonaws.com\/slack-files2\/bot_icons\/2020-03-17\/995137601313_48.png"
        },
        "bot_id": "B6CS60LDU"
    }
]