[
    {
        "type": "message",
        "text": "",
        "files": [
            {
                "id": "F011FV3Q4U8",
                "created": 1585916098,
                "timestamp": 1585916098,
                "name": "image.png",
                "title": "image",
                "mimetype": "image\/png",
                "filetype": "png",
                "pretty_type": "PNG",
                "user": "U6D2VCN07",
                "editable": false,
                "size": 6989,
                "mode": "hosted",
                "is_external": false,
                "external_type": "",
                "is_public": true,
                "public_url_shared": false,
                "display_as_bot": false,
                "username": "",
                "url_private": "https:\/\/files.slack.com\/files-pri\/T4UUTPV18-F011FV3Q4U8\/image.png?t=xoxe-164979811042-1081742544354-1080362743317-fee6284c0ee20406565ca4cadf37d845",
                "url_private_download": "https:\/\/files.slack.com\/files-pri\/T4UUTPV18-F011FV3Q4U8\/download\/image.png?t=xoxe-164979811042-1081742544354-1080362743317-fee6284c0ee20406565ca4cadf37d845",
                "thumb_64": "https:\/\/files.slack.com\/files-tmb\/T4UUTPV18-F011FV3Q4U8-861db9850e\/image_64.png?t=xoxe-164979811042-1081742544354-1080362743317-fee6284c0ee20406565ca4cadf37d845",
                "thumb_80": "https:\/\/files.slack.com\/files-tmb\/T4UUTPV18-F011FV3Q4U8-861db9850e\/image_80.png?t=xoxe-164979811042-1081742544354-1080362743317-fee6284c0ee20406565ca4cadf37d845",
                "thumb_360": "https:\/\/files.slack.com\/files-tmb\/T4UUTPV18-F011FV3Q4U8-861db9850e\/image_360.png?t=xoxe-164979811042-1081742544354-1080362743317-fee6284c0ee20406565ca4cadf37d845",
                "thumb_360_w": 360,
                "thumb_360_h": 38,
                "thumb_480": "https:\/\/files.slack.com\/files-tmb\/T4UUTPV18-F011FV3Q4U8-861db9850e\/image_480.png?t=xoxe-164979811042-1081742544354-1080362743317-fee6284c0ee20406565ca4cadf37d845",
                "thumb_480_w": 480,
                "thumb_480_h": 51,
                "thumb_160": "https:\/\/files.slack.com\/files-tmb\/T4UUTPV18-F011FV3Q4U8-861db9850e\/image_160.png?t=xoxe-164979811042-1081742544354-1080362743317-fee6284c0ee20406565ca4cadf37d845",
                "image_exif_rotation": 1,
                "original_w": 487,
                "original_h": 52,
                "permalink": "https:\/\/prospela.slack.com\/files\/U6D2VCN07\/F011FV3Q4U8\/image.png",
                "permalink_public": "https:\/\/slack-files.com\/T4UUTPV18-F011FV3Q4U8-929a762865",
                "is_starred": false,
                "has_rich_preview": false
            }
        ],
        "upload": true,
        "user": "U6D2VCN07",
        "display_as_bot": false,
        "ts": "1585916100.000300"
    }
]