[
    {
        "type": "message",
        "subtype": "bot_message",
        "text": "I need to turn notifications on somehow haha",
        "ts": "1587036552.001200",
        "username": "Martyn Hawkins (Prospela Mentors (beta))",
        "icons": {
            "image_48": "https:\/\/s3-us-west-2.amazonaws.com\/slack-files2\/bot_icons\/2020-04-16\/1065155787429_48.png"
        },
        "bot_id": "B6CS60LDU"
    },
    {
        "type": "message",
        "subtype": "bot_message",
        "text": "You got any work you'd like to send over for me to have a gander at? I'm happy to share my 'masters level' work haha",
        "ts": "1587036605.001300",
        "username": "Martyn Hawkins (Prospela Mentors (beta))",
        "icons": {
            "image_48": "https:\/\/s3-us-west-2.amazonaws.com\/slack-files2\/bot_icons\/2020-04-16\/1079163281377_48.png"
        },
        "bot_id": "B6CS60LDU"
    },
    {
        "type": "message",
        "subtype": "bot_message",
        "text": "Yeah it's amazing that lots of houses have managed to set up remote working when it used to be 'impossible' as they put it haha. Hopefully it doesn't cause too many issues for people's jobs, worried about the filming halt but it could also mean there's loads of demand after",
        "ts": "1587036662.001400",
        "username": "Martyn Hawkins (Prospela Mentors (beta))",
        "icons": {
            "image_48": "https:\/\/s3-us-west-2.amazonaws.com\/slack-files2\/bot_icons\/2020-04-16\/1065159733669_48.png"
        },
        "bot_id": "B6CS60LDU"
    }
]