[
    {
        "type": "message",
        "subtype": "bot_message",
        "text": "Yea I'm just a bit overwhelmed with where to go after uni and how I'll be able to cope money wise if I get a runner position. So was interested in knowing how you did leaving uni and getting your first job in vfx",
        "ts": "1583146387.002200",
        "username": "Adam Clement (Prospela Students (beta))",
        "icons": {
            "image_48": "https:\/\/s3-us-west-2.amazonaws.com\/slack-files2\/bot_icons\/2020-03-02\/965545563571_48.png"
        },
        "bot_id": "B6CS60LDU"
    },
    {
        "type": "message",
        "subtype": "bot_message",
        "text": "Completely understandable concerns.",
        "ts": "1583146486.002300",
        "username": "Jay Murray (Prospela Mentors (beta))",
        "icons": {
            "image_48": "https:\/\/s3-us-west-2.amazonaws.com\/slack-files2\/bot_icons\/2020-03-02\/977015151952_48.png"
        },
        "bot_id": "B6CS60LDU"
    },
    {
        "type": "message",
        "subtype": "bot_message",
        "text": "I went to Bait Studio after Uni as a Junior Compositor.",
        "ts": "1583146529.002400",
        "username": "Jay Murray (Prospela Mentors (beta))",
        "icons": {
            "image_48": "https:\/\/s3-us-west-2.amazonaws.com\/slack-files2\/bot_icons\/2020-03-02\/966914178273_48.png"
        },
        "bot_id": "B6CS60LDU"
    },
    {
        "type": "message",
        "subtype": "bot_message",
        "text": "I think I did something like 6 months with them.",
        "ts": "1583146549.002500",
        "username": "Jay Murray (Prospela Mentors (beta))",
        "icons": {
            "image_48": "https:\/\/s3-us-west-2.amazonaws.com\/slack-files2\/bot_icons\/2020-03-02\/976563035508_48.png"
        },
        "bot_id": "B6CS60LDU"
    },
    {
        "type": "message",
        "subtype": "bot_message",
        "text": "Then I moved to London with my girlfriend and we were both Runners. I was at Framestore.",
        "ts": "1583146601.002600",
        "username": "Jay Murray (Prospela Mentors (beta))",
        "icons": {
            "image_48": "https:\/\/s3-us-west-2.amazonaws.com\/slack-files2\/bot_icons\/2020-03-02\/966915736161_48.png"
        },
        "bot_id": "B6CS60LDU"
    },
    {
        "type": "message",
        "subtype": "bot_message",
        "text": "Personally, I’d try to get into a Graduate scheme, or a junior position. I don’t think experience as a Runner is really what it used to be anymore, and there are so many opportunities each year for entry level artists at big companies, if that‘a where you want to be.",
        "ts": "1583146788.002700",
        "username": "Jay Murray (Prospela Mentors (beta))",
        "icons": {
            "image_48": "https:\/\/s3-us-west-2.amazonaws.com\/slack-files2\/bot_icons\/2020-03-02\/978884535975_48.png"
        },
        "bot_id": "B6CS60LDU"
    },
    {
        "type": "message",
        "subtype": "bot_message",
        "text": "Do you have any idea what sort of place you’d actually like to work?",
        "ts": "1583146815.002800",
        "username": "Jay Murray (Prospela Mentors (beta))",
        "icons": {
            "image_48": "https:\/\/s3-us-west-2.amazonaws.com\/slack-files2\/bot_icons\/2020-03-02\/966920770337_48.png"
        },
        "bot_id": "B6CS60LDU"
    },
    {
        "type": "message",
        "subtype": "bot_message",
        "text": "Well I'm open to anywhere but would prefer to stay Cardiff or Bristol. I don't mind big or small companies. I'm glad you said to go for a graduate or junior role because I've been a runner so would rather get straight into a comp role if possible.",
        "ts": "1583146969.002900",
        "username": "Adam Clement (Prospela Students (beta))",
        "icons": {
            "image_48": "https:\/\/s3-us-west-2.amazonaws.com\/slack-files2\/bot_icons\/2020-03-02\/977026341136_48.png"
        },
        "bot_id": "B6CS60LDU"
    },
    {
        "type": "message",
        "subtype": "bot_message",
        "text": "I was a Runner for about 5 months. I didn’t really find it useful, but it got me into London and finding a job became easier then.",
        "ts": "1583147265.003000",
        "username": "Jay Murray (Prospela Mentors (beta))",
        "icons": {
            "image_48": "https:\/\/s3-us-west-2.amazonaws.com\/slack-files2\/bot_icons\/2020-03-02\/965565291299_48.png"
        },
        "bot_id": "B6CS60LDU"
    },
    {
        "type": "message",
        "subtype": "bot_message",
        "text": "Have you approached Bait or Axis at all to see if you might like their studios?",
        "ts": "1583147321.003100",
        "username": "Jay Murray (Prospela Mentors (beta))",
        "icons": {
            "image_48": "https:\/\/s3-us-west-2.amazonaws.com\/slack-files2\/bot_icons\/2020-03-02\/978896740919_48.png"
        },
        "bot_id": "B6CS60LDU"
    },
    {
        "type": "message",
        "subtype": "bot_message",
        "text": "I've researched both of them but not approached them as of yet. I'm intrigued by them both and the work they do",
        "ts": "1583147406.003200",
        "username": "Adam Clement (Prospela Students (beta))",
        "icons": {
            "image_48": "https:\/\/s3-us-west-2.amazonaws.com\/slack-files2\/bot_icons\/2020-03-02\/964247656674_48.png"
        },
        "bot_id": "B6CS60LDU"
    },
    {
        "type": "message",
        "subtype": "bot_message",
        "text": "If you’re good enough, you can give studios the confidence that you’re ready for a Comp position, but I’d just say be prepared to be flexible and show that you’ve got the fundamentals of Paint and Roto down too.",
        "ts": "1583147424.003300",
        "username": "Jay Murray (Prospela Mentors (beta))",
        "icons": {
            "image_48": "https:\/\/s3-us-west-2.amazonaws.com\/slack-files2\/bot_icons\/2020-03-02\/965568504947_48.png"
        },
        "bot_id": "B6CS60LDU"
    },
    {
        "type": "message",
        "subtype": "bot_message",
        "text": "Give Christian Lett or Pete Rogers a shout at Bait, introduce yourself and say you’d like to know more about working there.",
        "ts": "1583147497.003400",
        "username": "Jay Murray (Prospela Mentors (beta))",
        "icons": {
            "image_48": "https:\/\/s3-us-west-2.amazonaws.com\/slack-files2\/bot_icons\/2020-03-02\/979247694950_48.png"
        },
        "bot_id": "B6CS60LDU"
    },
    {
        "type": "message",
        "subtype": "bot_message",
        "text": "Say I told you do it if you want. They’ll remember me.",
        "ts": "1583147522.003500",
        "username": "Jay Murray (Prospela Mentors (beta))",
        "icons": {
            "image_48": "https:\/\/s3-us-west-2.amazonaws.com\/slack-files2\/bot_icons\/2020-03-02\/977056823157_48.png"
        },
        "bot_id": "B6CS60LDU"
    },
    {
        "type": "message",
        "subtype": "bot_message",
        "text": "Okay thanks",
        "ts": "1583147592.003600",
        "username": "Adam Clement (Prospela Students (beta))",
        "icons": {
            "image_48": "https:\/\/s3-us-west-2.amazonaws.com\/slack-files2\/bot_icons\/2020-03-02\/965571850451_48.png"
        },
        "bot_id": "B6CS60LDU"
    },
    {
        "type": "message",
        "subtype": "bot_message",
        "text": "Chris Callow is at Axis, I believe. I don’t know him personally, but Christian doesn’t",
        "ts": "1583147596.003700",
        "username": "Jay Murray (Prospela Mentors (beta))",
        "icons": {
            "image_48": "https:\/\/s3-us-west-2.amazonaws.com\/slack-files2\/bot_icons\/2020-03-02\/976585954836_48.png"
        },
        "bot_id": "B6CS60LDU"
    },
    {
        "type": "message",
        "subtype": "bot_message",
        "text": "*does",
        "ts": "1583147609.003800",
        "username": "Jay Murray (Prospela Mentors (beta))",
        "icons": {
            "image_48": "https:\/\/s3-us-west-2.amazonaws.com\/slack-files2\/bot_icons\/2020-03-02\/976586236404_48.png"
        },
        "bot_id": "B6CS60LDU"
    },
    {
        "type": "message",
        "subtype": "bot_message",
        "text": "Bournemouth is also quite a good option. Cale Pugh would be the guy to speak to there. Chris and Cale both worked at Bait in the past, so we all kind of know each other in the small studios.",
        "ts": "1583147690.003900",
        "username": "Jay Murray (Prospela Mentors (beta))",
        "icons": {
            "image_48": "https:\/\/s3-us-west-2.amazonaws.com\/slack-files2\/bot_icons\/2020-03-02\/979251545078_48.png"
        },
        "bot_id": "B6CS60LDU"
    },
    {
        "type": "message",
        "subtype": "bot_message",
        "text": "I know Chris callow I'll give him a shout",
        "ts": "1583147710.004000",
        "username": "Adam Clement (Prospela Students (beta))",
        "icons": {
            "image_48": "https:\/\/s3-us-west-2.amazonaws.com\/slack-files2\/bot_icons\/2020-03-02\/965574272355_48.png"
        },
        "bot_id": "B6CS60LDU"
    },
    {
        "type": "message",
        "subtype": "bot_message",
        "text": "Outpost = Bournemouth",
        "ts": "1583147711.004100",
        "username": "Jay Murray (Prospela Mentors (beta))",
        "icons": {
            "image_48": "https:\/\/s3-us-west-2.amazonaws.com\/slack-files2\/bot_icons\/2020-03-02\/976588279076_48.png"
        },
        "bot_id": "B6CS60LDU"
    },
    {
        "type": "message",
        "subtype": "bot_message",
        "text": "Sorry, hands working faster than my brain this morning.",
        "ts": "1583147726.004200",
        "username": "Jay Murray (Prospela Mentors (beta))",
        "icons": {
            "image_48": "https:\/\/s3-us-west-2.amazonaws.com\/slack-files2\/bot_icons\/2020-03-02\/977060935077_48.png"
        },
        "bot_id": "B6CS60LDU"
    },
    {
        "type": "message",
        "subtype": "bot_message",
        "text": "Great! Yeah man, have a chat with those guys. They can help you get an idea of what their studios are about and if it might be a good fit for you. The great thing about smaller studios in my experience is that you get to do a bit more of a variety of work.",
        "ts": "1583147865.004300",
        "username": "Jay Murray (Prospela Mentors (beta))",
        "icons": {
            "image_48": "https:\/\/s3-us-west-2.amazonaws.com\/slack-files2\/bot_icons\/2020-03-02\/976591457188_48.png"
        },
        "bot_id": "B6CS60LDU"
    },
    {
        "type": "message",
        "subtype": "bot_message",
        "text": "Also, say Hi from me if that helps break the ice.",
        "ts": "1583147917.004400",
        "username": "Jay Murray (Prospela Mentors (beta))",
        "icons": {
            "image_48": "https:\/\/s3-us-west-2.amazonaws.com\/slack-files2\/bot_icons\/2020-03-02\/976592490596_48.png"
        },
        "bot_id": "B6CS60LDU"
    },
    {
        "type": "message",
        "subtype": "bot_message",
        "text": "Okay",
        "ts": "1583148382.004500",
        "username": "Adam Clement (Prospela Students (beta))",
        "icons": {
            "image_48": "https:\/\/s3-us-west-2.amazonaws.com\/slack-files2\/bot_icons\/2020-03-02\/976601496164_48.png"
        },
        "bot_id": "B6CS60LDU"
    },
    {
        "type": "message",
        "subtype": "bot_message",
        "text": "Anytime Adam. Feel free to contact me about anything, if you want my experience, feedback, advice, or just a chat.",
        "ts": "1583148487.004600",
        "username": "Jay Murray (Prospela Mentors (beta))",
        "icons": {
            "image_48": "https:\/\/s3-us-west-2.amazonaws.com\/slack-files2\/bot_icons\/2020-03-02\/964269034962_48.png"
        },
        "bot_id": "B6CS60LDU"
    }
]