[
    {
        "type": "message",
        "subtype": "channel_join",
        "ts": "1582572852.000200",
        "user": "U4VR52RQE",
        "text": "<@U4VR52RQE> has joined the channel"
    },
    {
        "type": "message",
        "subtype": "channel_join",
        "ts": "1582572852.000400",
        "user": "U6D2VCN07",
        "text": "<@U6D2VCN07> has joined the channel",
        "inviter": "U4VR52RQE"
    },
    {
        "type": "message",
        "subtype": "bot_message",
        "text": ":champagne: _You have opened a new, empty shared channel._ \n_Share <https:\/\/www.smooz.io\/room\/5e54253346798a00046f0ce0|this link> with other teams to invite them in it_",
        "ts": "1582572856.000500",
        "username": "Smooz",
        "bot_id": "B6CS60LDU"
    },
    {
        "type": "message",
        "subtype": "channel_join",
        "ts": "1582572899.000700",
        "user": "UTTNC1BJM",
        "text": "<@UTTNC1BJM> has joined the channel",
        "inviter": "U4VR52RQE"
    },
    {
        "type": "message",
        "subtype": "channel_join",
        "ts": "1582572899.000900",
        "user": "U4V22C6A1",
        "text": "<@U4V22C6A1> has joined the channel",
        "inviter": "U4VR52RQE"
    },
    {
        "type": "message",
        "subtype": "channel_name",
        "ts": "1582572911.001000",
        "user": "U4VR52RQE",
        "text": "<@U4VR52RQE> has renamed the channel from \"z-shared-23\" to \"jay-and-adam\"",
        "old_name": "z-shared-23",
        "name": "jay-and-adam"
    },
    {
        "type": "message",
        "subtype": "bot_message",
        "text": "_Team *Prospela Students (beta)* joined the shared channel_",
        "ts": "1582572969.001100",
        "username": "Smooz",
        "bot_id": "B6CS60LDU"
    },
    {
        "type": "message",
        "subtype": "bot_message",
        "text": "_Team *Prospela Mentors (beta)* joined the shared channel_",
        "ts": "1582572974.001200",
        "username": "Smooz",
        "bot_id": "B6CS60LDU"
    },
    {
        "type": "message",
        "subtype": "bot_message",
        "text": "_@jaypetermurray has joined the channel_",
        "ts": "1582573070.001300",
        "username": "smooz (Prospela Mentors (beta))",
        "icons": {
            "image_48": "https:\/\/s3-us-west-2.amazonaws.com\/slack-files2\/bot_icons\/2020-02-24\/966723922117_48.png"
        },
        "bot_id": "B6CS60LDU"
    },
    {
        "type": "message",
        "subtype": "bot_message",
        "text": "_@a.d.j.clement has joined the channel_",
        "ts": "1582573083.001400",
        "username": "smooz (Prospela Students (beta))",
        "icons": {
            "image_48": "https:\/\/s3-us-west-2.amazonaws.com\/slack-files2\/bot_icons\/2020-02-24\/966251609140_48.png"
        },
        "bot_id": "B6CS60LDU"
    },
    {
        "type": "message",
        "subtype": "bot_message",
        "text": "Hey Adam, please meet Jay your incredible E-Mentor we've been telling you about :smile:. Feel free to introduce yourselves, say a little bit about what you would like to get out of the mentorship and continue chatting within this channel. :wave:\n\nI will now be leaving the channel, but please direct message myself or penny-prospela if you have any questions. All the best for now! :slightly_smiling_face:\n\nNote: You will not see your match as a \"member\" in this channel however you can see from the chat history that they have joined\/been added :smile:",
        "ts": "1582573109.001500",
        "username": "Dexter Boyce (Prospela Students (beta))",
        "icons": {
            "image_48": "https:\/\/s3-us-west-2.amazonaws.com\/slack-files2\/bot_icons\/2020-02-24\/966252332020_48.png"
        },
        "bot_id": "B6CS60LDU"
    },
    {
        "type": "message",
        "subtype": "bot_message",
        "text": "_@dexter has left the channel_",
        "ts": "1582573117.001600",
        "username": "smooz (Prospela Mentors (beta))",
        "icons": {
            "image_48": "https:\/\/s3-us-west-2.amazonaws.com\/slack-files2\/bot_icons\/2020-02-24\/955238904787_48.png"
        },
        "bot_id": "B6CS60LDU"
    },
    {
        "type": "message",
        "subtype": "bot_message",
        "text": "_@dexter has left the channel_",
        "ts": "1582573121.001700",
        "username": "smooz (Prospela Students (beta))",
        "icons": {
            "image_48": "https:\/\/s3-us-west-2.amazonaws.com\/slack-files2\/bot_icons\/2020-02-24\/956590758753_48.png"
        },
        "bot_id": "B6CS60LDU"
    },
    {
        "type": "message",
        "subtype": "bot_message",
        "text": "Hi Adam, I think we met when you visited London with your course. Is that right?",
        "ts": "1582574463.001800",
        "username": "Jay Murray (Prospela Mentors (beta))",
        "icons": {
            "image_48": "https:\/\/s3-us-west-2.amazonaws.com\/slack-files2\/bot_icons\/2020-02-24\/966766925637_48.png"
        },
        "bot_id": "B6CS60LDU"
    }
]