[
    {
        "type": "message",
        "text": "Hi Rob, my names Alisha, hope you're doing well and have had a nice week. I'm currently studying English Lit, History, Graphics and Psychology. I aspire to be a Lawyer or Barrister one day. ",
        "user": "U61NXB13P",
        "ts": "1498807585.040829",
        "team": "T4UUTPV18",
        "user_team": "T4UUTPV18",
        "source_team": "T4UUTPV18",
        "user_profile": {
            "avatar_hash": "a54d18b89dd4",
            "image_72": "https:\/\/avatars.slack-edge.com\/2017-06-29\/205785743573_a54d18b89dd4e1dd41f8_72.png",
            "first_name": "Alisha",
            "real_name": "Alisha Malhan",
            "display_name": "alishamalhan14",
            "team": "T4UUTPV18",
            "name": "alishamalhan14",
            "is_restricted": false,
            "is_ultra_restricted": false
        }
    }
]