[
    {
        "type": "message",
        "subtype": "bot_message",
        "text": "Hey! So sorry, personal circumstance has been out of control. Thanks so much for the help- what would you recommend having in terms of portfolio? ",
        "ts": "1583852939.000200",
        "username": "beth greer (Prospela Students (beta))",
        "icons": {
            "image_48": "https:\/\/s3-us-west-2.amazonaws.com\/slack-files2\/bot_icons\/2020-03-10\/993720944118_48.png"
        },
        "bot_id": "B6CS60LDU"
    }
]