[
    {
        "type": "message",
        "subtype": "bot_message",
        "text": "Hey! I have been on holiday so haven’t made a major progress, I have now be learning how to render and do lighting setups in Houdini to finish my scene(:",
        "ts": "1569516538.000200",
        "username": "Cas Van Den Bergh (Prospela Students (beta))",
        "icons": {
            "image_48": "https:\/\/s3-us-west-2.amazonaws.com\/slack-files2\/bot_icons\/2019-09-26\/776854585414_48.png"
        },
        "bot_id": "B6CS60LDU"
    },
    {
        "type": "message",
        "subtype": "bot_message",
        "text": "When I’m back of holiday I will show u my progress! ",
        "ts": "1569516551.000300",
        "username": "Cas Van Den Bergh (Prospela Students (beta))",
        "icons": {
            "image_48": "https:\/\/s3-us-west-2.amazonaws.com\/slack-files2\/bot_icons\/2019-09-26\/776854889574_48.png"
        },
        "bot_id": "B6CS60LDU"
    }
]