[
    {
        "type": "message",
        "subtype": "bot_message",
        "text": "Hey, I’m really sorry, this app automatically uninstall and I completely forgot about slack! My deepest apologies, yes I have been working on a lot recently and go some small gigs in my own country as freelance but currently still job hunting in London! I will sent u some of my recent work along! ",
        "ts": "1573005343.000100",
        "username": "Cas Van Den Bergh (Prospela Students (beta))",
        "icons": {
            "image_48": "https:\/\/s3-us-west-2.amazonaws.com\/slack-files2\/bot_icons\/2019-11-05\/825339435926_48.png"
        },
        "bot_id": "B6CS60LDU"
    }
]