[
    {
        "type": "message",
        "subtype": "bot_message",
        "text": "Heightfields would probably be good to look at, if you're wanting to do terrains",
        "ts": "1566893853.003200",
        "username": "Thomas Thornton (Prospela Mentors (beta))",
        "icons": {
            "image_48": "https:\/\/s3-us-west-2.amazonaws.com\/slack-files2\/bot_icons\/2019-08-27\/739312570853_48.png"
        },
        "bot_id": "B6CS60LDU"
    },
    {
        "type": "message",
        "subtype": "bot_message",
        "text": "<https:\/\/www.sidefx.com\/tutorials\/green-mountains-terrain-overview\/>\nNot a tutorial, but a good walkthrough of a script of how someone created a scene",
        "ts": "1566893891.003300",
        "username": "Thomas Thornton (Prospela Mentors (beta))",
        "icons": {
            "image_48": "https:\/\/s3-us-west-2.amazonaws.com\/slack-files2\/bot_icons\/2019-08-27\/741172269479_48.png"
        },
        "bot_id": "B6CS60LDU",
        "attachments": [
            {
                "title": "Green Mountains - Terrain Overview | SideFX",
                "title_link": "https:\/\/www.sidefx.com\/tutorials\/green-mountains-terrain-overview\/",
                "text": "This video is an overview on the creation of a digital landscape I made, called \"Green Mountains\". All of the necessary tools needed for the creation of \"Green Mountains\", which includes plant scattering, texture setup, atmosphere setup was done in Houdini and rendered in Mantra. This was the first time that I had used Houdini, as my tools for creating digital landscapes are normally Vue, PlantFactory and World Machine. I would like to share with you my process for how I created this image in Houdini.",
                "fallback": "Green Mountains - Terrain Overview | SideFX",
                "image_url": "https:\/\/d2wvmrjymyrujw.cloudfront.net\/media\/images\/tutorial\/tutorials\/green-mountains-overview-pt-1\/temp.PNG",
                "from_url": "https:\/\/www.sidefx.com\/tutorials\/green-mountains-terrain-overview\/",
                "image_width": 444,
                "image_height": 250,
                "image_bytes": 1779515,
                "service_icon": "https:\/\/d2wvmrjymyrujw.cloudfront.net\/static\/images\/apple-touch-icon.png",
                "service_name": "sidefx.com",
                "id": 1,
                "original_url": "https:\/\/www.sidefx.com\/tutorials\/green-mountains-terrain-overview\/"
            }
        ]
    },
    {
        "type": "message",
        "subtype": "bot_message",
        "text": "<https:\/\/www.sidefx.com\/tutorials\/intro-to-vex\/>\nThis seems to look okay, from jumping through it quickly",
        "ts": "1566894188.003500",
        "username": "Thomas Thornton (Prospela Mentors (beta))",
        "icons": {
            "image_48": "https:\/\/s3-us-west-2.amazonaws.com\/slack-files2\/bot_icons\/2019-08-27\/741496336646_48.png"
        },
        "bot_id": "B6CS60LDU",
        "attachments": [
            {
                "title": "Intro to VEX | SideFX",
                "title_link": "https:\/\/www.sidefx.com\/tutorials\/intro-to-vex\/",
                "text": "This video is an introduction to VEX, which is the programming language available in Houdini. The video doesn't require any previous knowledge of programming.",
                "fallback": "Intro to VEX | SideFX",
                "image_url": "https:\/\/d2wvmrjymyrujw.cloudfront.net\/media\/images\/tutorial\/tutorials\/intro-to-vex\/rohan_vex.jpg",
                "from_url": "https:\/\/www.sidefx.com\/tutorials\/intro-to-vex\/",
                "image_width": 444,
                "image_height": 250,
                "image_bytes": 121761,
                "service_icon": "https:\/\/d2wvmrjymyrujw.cloudfront.net\/static\/images\/apple-touch-icon.png",
                "service_name": "sidefx.com",
                "id": 1,
                "original_url": "https:\/\/www.sidefx.com\/tutorials\/intro-to-vex\/"
            }
        ]
    },
    {
        "type": "message",
        "subtype": "bot_message",
        "text": "Okay! Thank you so much! I will start watching them this evening!(: ",
        "ts": "1566895359.003700",
        "username": "Cas Van Den Bergh (Prospela Students (beta))",
        "icons": {
            "image_48": "https:\/\/s3-us-west-2.amazonaws.com\/slack-files2\/bot_icons\/2019-08-27\/739330490336_48.png"
        },
        "bot_id": "B6CS60LDU"
    },
    {
        "type": "message",
        "subtype": "bot_message",
        "text": "<https:\/\/www.sidefx.com\/tutorials\/terrain-tools-rajendra-khirodkar-toronto-houdini-user-group-thug-march-2019\/>\n<https:\/\/www.sidefx.com\/tutorials\/create-terrains-from-elevation-maps\/>\n<https:\/\/www.sidefx.com\/tutorials\/h16-heightfield-terrain-review\/>\n\nYou might have noticed these already, but a few beginner videos on terrains. I've not personally watched them, but might try if I get chance",
        "ts": "1566911635.003800",
        "username": "Thomas Thornton (Prospela Mentors (beta))",
        "icons": {
            "image_48": "https:\/\/s3-us-west-2.amazonaws.com\/slack-files2\/bot_icons\/2019-08-27\/733205271105_48.png"
        },
        "bot_id": "B6CS60LDU",
        "attachments": [
            {
                "title": "Terrain Tools | THUG | SideFX",
                "title_link": "https:\/\/www.sidefx.com\/tutorials\/terrain-tools-rajendra-khirodkar-toronto-houdini-user-group-thug-march-2019\/",
                "text": "SideFX Environment Artist intern Rajendra Khirodkar demonstrates one approach to Terrain Generation Workflow in Houdini, showing the latest Heightfield tools like HF Erode 2.0 and HF Scatter 2.0. He will also cover the techniques used in his Island project, such as generating and laying out island geometry, non-destructive and \"collision-aware\" scattering, as well as shading and rendering.",
                "fallback": "Terrain Tools | THUG | SideFX",
                "image_url": "https:\/\/d2wvmrjymyrujw.cloudfront.net\/media\/images\/tutorial\/tutorials\/terrain-tools-rajendra-khirodkar-toronto-houdini-user-group-thug-march-2019\/tut_thumbnail.jpg",
                "from_url": "https:\/\/www.sidefx.com\/tutorials\/terrain-tools-rajendra-khirodkar-toronto-houdini-user-group-thug-march-2019\/",
                "image_width": 395,
                "image_height": 220,
                "image_bytes": 65952,
                "service_icon": "https:\/\/d2wvmrjymyrujw.cloudfront.net\/static\/images\/apple-touch-icon.png",
                "service_name": "sidefx.com",
                "id": 1,
                "original_url": "https:\/\/www.sidefx.com\/tutorials\/terrain-tools-rajendra-khirodkar-toronto-houdini-user-group-thug-march-2019\/"
            },
            {
                "title": "Create Terrains from Elevation Maps | SideFX",
                "title_link": "https:\/\/www.sidefx.com\/tutorials\/create-terrains-from-elevation-maps\/",
                "text": "A simple way to create terrains form elevation maps in Houdini.",
                "fallback": "Create Terrains from Elevation Maps | SideFX",
                "image_url": "https:\/\/d2wvmrjymyrujw.cloudfront.net\/media\/images\/tutorial\/tutorials\/create-terrains-form-elevation-maps-in-houdini\/Screenshot_2018-09-15_09.52.16.jpg",
                "from_url": "https:\/\/www.sidefx.com\/tutorials\/create-terrains-from-elevation-maps\/",
                "image_width": 395,
                "image_height": 220,
                "image_bytes": 120966,
                "service_icon": "https:\/\/d2wvmrjymyrujw.cloudfront.net\/static\/images\/apple-touch-icon.png",
                "service_name": "sidefx.com",
                "id": 2,
                "original_url": "https:\/\/www.sidefx.com\/tutorials\/create-terrains-from-elevation-maps\/"
            },
            {
                "title": "Terrain Generation Overview | SideFX",
                "title_link": "https:\/\/www.sidefx.com\/tutorials\/h16-heightfield-terrain-review\/",
                "text": "This video introduces you to the terrain generation tools in Houdini. Using the Terrain desktop along with the shelf tools, you will learn how to work with heightfields to create a number of different types of landscapes. Important features such as masking, heightfield project and more will be covered.",
                "fallback": "Terrain Generation Overview | SideFX",
                "image_url": "https:\/\/d2wvmrjymyrujw.cloudfront.net\/media\/images\/tutorial\/tutorials\/h16-heightfield-terrain-review\/HF.jpg",
                "from_url": "https:\/\/www.sidefx.com\/tutorials\/h16-heightfield-terrain-review\/",
                "image_width": 395,
                "image_height": 220,
                "image_bytes": 18625,
                "service_icon": "https:\/\/d2wvmrjymyrujw.cloudfront.net\/static\/images\/apple-touch-icon.png",
                "service_name": "sidefx.com",
                "id": 3,
                "original_url": "https:\/\/www.sidefx.com\/tutorials\/h16-heightfield-terrain-review\/"
            }
        ]
    },
    {
        "type": "message",
        "subtype": "bot_message",
        "text": "Thank you so much! They look really good, that would be really nice! I’m gonna have look at them in a bit! I was wondering where Outpost VFX is? Is it london based company? ",
        "ts": "1566921125.004000",
        "username": "Cas Van Den Bergh (Prospela Students (beta))",
        "icons": {
            "image_48": "https:\/\/s3-us-west-2.amazonaws.com\/slack-files2\/bot_icons\/2019-08-27\/739808268800_48.png"
        },
        "bot_id": "B6CS60LDU"
    },
    {
        "type": "message",
        "subtype": "bot_message",
        "text": "Outpost is in Bournemouth. One of the very few that isn't in London. I think I have a small amount of downtime tomorrow, so I'll try and see the THUG one",
        "ts": "1566921246.004100",
        "username": "Thomas Thornton (Prospela Mentors (beta))",
        "icons": {
            "image_48": "https:\/\/s3-us-west-2.amazonaws.com\/slack-files2\/bot_icons\/2019-08-27\/733429192433_48.png"
        },
        "bot_id": "B6CS60LDU"
    }
]