[
    {
        "type": "message",
        "subtype": "bot_message",
        "text": "Yes! I haven’t updated my Showreel! Sorry my motivations are turned off! So didn’t see this, I really gotten the hang of Houdini and been doing everyday since, I might be able to show u some screen shots, also been trying to fix my snow scene",
        "ts": "1567960639.001100",
        "username": "Cas Van Den Bergh (Prospela Students (beta))",
        "icons": {
            "image_48": "https:\/\/s3-us-west-2.amazonaws.com\/slack-files2\/bot_icons\/2019-09-08\/754653705159_48.png"
        },
        "bot_id": "B6CS60LDU"
    },
    {
        "type": "message",
        "text": "",
        "files": [
            {
                "id": "FMS0FFKGA",
                "created": 1567960691,
                "timestamp": 1567960691,
                "name": "Image from iOS.jpg",
                "title": "Image from iOS",
                "mimetype": "image\/jpeg",
                "filetype": "jpg",
                "pretty_type": "JPEG",
                "user": "U6D2VCN07",
                "editable": false,
                "size": 326995,
                "mode": "hosted",
                "is_external": false,
                "external_type": "",
                "is_public": true,
                "public_url_shared": false,
                "display_as_bot": false,
                "username": "",
                "url_private": "https:\/\/files.slack.com\/files-pri\/T4UUTPV18-FMS0FFKGA\/image_from_ios.jpg?t=xoxe-164979811042-1081742544354-1080362743317-fee6284c0ee20406565ca4cadf37d845",
                "url_private_download": "https:\/\/files.slack.com\/files-pri\/T4UUTPV18-FMS0FFKGA\/download\/image_from_ios.jpg?t=xoxe-164979811042-1081742544354-1080362743317-fee6284c0ee20406565ca4cadf37d845",
                "thumb_64": "https:\/\/files.slack.com\/files-tmb\/T4UUTPV18-FMS0FFKGA-61627bd4fb\/image_from_ios_64.jpg?t=xoxe-164979811042-1081742544354-1080362743317-fee6284c0ee20406565ca4cadf37d845",
                "thumb_80": "https:\/\/files.slack.com\/files-tmb\/T4UUTPV18-FMS0FFKGA-61627bd4fb\/image_from_ios_80.jpg?t=xoxe-164979811042-1081742544354-1080362743317-fee6284c0ee20406565ca4cadf37d845",
                "thumb_360": "https:\/\/files.slack.com\/files-tmb\/T4UUTPV18-FMS0FFKGA-61627bd4fb\/image_from_ios_360.jpg?t=xoxe-164979811042-1081742544354-1080362743317-fee6284c0ee20406565ca4cadf37d845",
                "thumb_360_w": 360,
                "thumb_360_h": 183,
                "thumb_480": "https:\/\/files.slack.com\/files-tmb\/T4UUTPV18-FMS0FFKGA-61627bd4fb\/image_from_ios_480.jpg?t=xoxe-164979811042-1081742544354-1080362743317-fee6284c0ee20406565ca4cadf37d845",
                "thumb_480_w": 480,
                "thumb_480_h": 244,
                "thumb_160": "https:\/\/files.slack.com\/files-tmb\/T4UUTPV18-FMS0FFKGA-61627bd4fb\/image_from_ios_160.jpg?t=xoxe-164979811042-1081742544354-1080362743317-fee6284c0ee20406565ca4cadf37d845",
                "thumb_720": "https:\/\/files.slack.com\/files-tmb\/T4UUTPV18-FMS0FFKGA-61627bd4fb\/image_from_ios_720.jpg?t=xoxe-164979811042-1081742544354-1080362743317-fee6284c0ee20406565ca4cadf37d845",
                "thumb_720_w": 720,
                "thumb_720_h": 366,
                "thumb_800": "https:\/\/files.slack.com\/files-tmb\/T4UUTPV18-FMS0FFKGA-61627bd4fb\/image_from_ios_800.jpg?t=xoxe-164979811042-1081742544354-1080362743317-fee6284c0ee20406565ca4cadf37d845",
                "thumb_800_w": 800,
                "thumb_800_h": 407,
                "thumb_960": "https:\/\/files.slack.com\/files-tmb\/T4UUTPV18-FMS0FFKGA-61627bd4fb\/image_from_ios_960.jpg?t=xoxe-164979811042-1081742544354-1080362743317-fee6284c0ee20406565ca4cadf37d845",
                "thumb_960_w": 960,
                "thumb_960_h": 488,
                "thumb_1024": "https:\/\/files.slack.com\/files-tmb\/T4UUTPV18-FMS0FFKGA-61627bd4fb\/image_from_ios_1024.jpg?t=xoxe-164979811042-1081742544354-1080362743317-fee6284c0ee20406565ca4cadf37d845",
                "thumb_1024_w": 1024,
                "thumb_1024_h": 520,
                "image_exif_rotation": 1,
                "original_w": 2688,
                "original_h": 1366,
                "permalink": "https:\/\/prospela.slack.com\/files\/U6D2VCN07\/FMS0FFKGA\/image_from_ios.jpg",
                "permalink_public": "https:\/\/slack-files.com\/T4UUTPV18-FMS0FFKGA-1955e6d885",
                "is_starred": false,
                "has_rich_preview": false
            }
        ],
        "upload": true,
        "user": "U6D2VCN07",
        "display_as_bot": false,
        "ts": "1567960694.001200"
    },
    {
        "type": "message",
        "subtype": "bot_message",
        "text": "Second thing I have been working on in hard surface, since i enjoy doing that too",
        "ts": "1567960836.001500",
        "username": "Cas Van Den Bergh (Prospela Students (beta))",
        "icons": {
            "image_48": "https:\/\/s3-us-west-2.amazonaws.com\/slack-files2\/bot_icons\/2019-09-08\/752324840772_48.png"
        },
        "bot_id": "B6CS60LDU"
    },
    {
        "type": "message",
        "text": "",
        "files": [
            {
                "id": "FN704HVPY",
                "created": 1567960876,
                "timestamp": 1567960876,
                "name": "Image from iOS.jpg",
                "title": "Image from iOS",
                "mimetype": "image\/jpeg",
                "filetype": "jpg",
                "pretty_type": "JPEG",
                "user": "U6D2VCN07",
                "editable": false,
                "size": 83062,
                "mode": "hosted",
                "is_external": false,
                "external_type": "",
                "is_public": true,
                "public_url_shared": false,
                "display_as_bot": false,
                "username": "",
                "url_private": "https:\/\/files.slack.com\/files-pri\/T4UUTPV18-FN704HVPY\/image_from_ios.jpg?t=xoxe-164979811042-1081742544354-1080362743317-fee6284c0ee20406565ca4cadf37d845",
                "url_private_download": "https:\/\/files.slack.com\/files-pri\/T4UUTPV18-FN704HVPY\/download\/image_from_ios.jpg?t=xoxe-164979811042-1081742544354-1080362743317-fee6284c0ee20406565ca4cadf37d845",
                "thumb_64": "https:\/\/files.slack.com\/files-tmb\/T4UUTPV18-FN704HVPY-8b9eadb9b2\/image_from_ios_64.jpg?t=xoxe-164979811042-1081742544354-1080362743317-fee6284c0ee20406565ca4cadf37d845",
                "thumb_80": "https:\/\/files.slack.com\/files-tmb\/T4UUTPV18-FN704HVPY-8b9eadb9b2\/image_from_ios_80.jpg?t=xoxe-164979811042-1081742544354-1080362743317-fee6284c0ee20406565ca4cadf37d845",
                "thumb_360": "https:\/\/files.slack.com\/files-tmb\/T4UUTPV18-FN704HVPY-8b9eadb9b2\/image_from_ios_360.jpg?t=xoxe-164979811042-1081742544354-1080362743317-fee6284c0ee20406565ca4cadf37d845",
                "thumb_360_w": 360,
                "thumb_360_h": 202,
                "thumb_480": "https:\/\/files.slack.com\/files-tmb\/T4UUTPV18-FN704HVPY-8b9eadb9b2\/image_from_ios_480.jpg?t=xoxe-164979811042-1081742544354-1080362743317-fee6284c0ee20406565ca4cadf37d845",
                "thumb_480_w": 480,
                "thumb_480_h": 269,
                "thumb_160": "https:\/\/files.slack.com\/files-tmb\/T4UUTPV18-FN704HVPY-8b9eadb9b2\/image_from_ios_160.jpg?t=xoxe-164979811042-1081742544354-1080362743317-fee6284c0ee20406565ca4cadf37d845",
                "thumb_720": "https:\/\/files.slack.com\/files-tmb\/T4UUTPV18-FN704HVPY-8b9eadb9b2\/image_from_ios_720.jpg?t=xoxe-164979811042-1081742544354-1080362743317-fee6284c0ee20406565ca4cadf37d845",
                "thumb_720_w": 720,
                "thumb_720_h": 404,
                "thumb_800": "https:\/\/files.slack.com\/files-tmb\/T4UUTPV18-FN704HVPY-8b9eadb9b2\/image_from_ios_800.jpg?t=xoxe-164979811042-1081742544354-1080362743317-fee6284c0ee20406565ca4cadf37d845",
                "thumb_800_w": 800,
                "thumb_800_h": 448,
                "thumb_960": "https:\/\/files.slack.com\/files-tmb\/T4UUTPV18-FN704HVPY-8b9eadb9b2\/image_from_ios_960.jpg?t=xoxe-164979811042-1081742544354-1080362743317-fee6284c0ee20406565ca4cadf37d845",
                "thumb_960_w": 960,
                "thumb_960_h": 538,
                "thumb_1024": "https:\/\/files.slack.com\/files-tmb\/T4UUTPV18-FN704HVPY-8b9eadb9b2\/image_from_ios_1024.jpg?t=xoxe-164979811042-1081742544354-1080362743317-fee6284c0ee20406565ca4cadf37d845",
                "thumb_1024_w": 1024,
                "thumb_1024_h": 574,
                "image_exif_rotation": 1,
                "original_w": 1124,
                "original_h": 630,
                "permalink": "https:\/\/prospela.slack.com\/files\/U6D2VCN07\/FN704HVPY\/image_from_ios.jpg",
                "permalink_public": "https:\/\/slack-files.com\/T4UUTPV18-FN704HVPY-d9a8a589d1",
                "is_starred": false,
                "has_rich_preview": false
            }
        ],
        "upload": true,
        "user": "U6D2VCN07",
        "display_as_bot": false,
        "ts": "1567960878.001600"
    },
    {
        "type": "message",
        "text": "",
        "files": [
            {
                "id": "FN4PEPYKX",
                "created": 1567960951,
                "timestamp": 1567960951,
                "name": "Image from iOS.jpg",
                "title": "Image from iOS",
                "mimetype": "image\/jpeg",
                "filetype": "jpg",
                "pretty_type": "JPEG",
                "user": "U6D2VCN07",
                "editable": false,
                "size": 89167,
                "mode": "hosted",
                "is_external": false,
                "external_type": "",
                "is_public": true,
                "public_url_shared": false,
                "display_as_bot": false,
                "username": "",
                "url_private": "https:\/\/files.slack.com\/files-pri\/T4UUTPV18-FN4PEPYKX\/image_from_ios.jpg?t=xoxe-164979811042-1081742544354-1080362743317-fee6284c0ee20406565ca4cadf37d845",
                "url_private_download": "https:\/\/files.slack.com\/files-pri\/T4UUTPV18-FN4PEPYKX\/download\/image_from_ios.jpg?t=xoxe-164979811042-1081742544354-1080362743317-fee6284c0ee20406565ca4cadf37d845",
                "thumb_64": "https:\/\/files.slack.com\/files-tmb\/T4UUTPV18-FN4PEPYKX-8b8a9fd9e5\/image_from_ios_64.jpg?t=xoxe-164979811042-1081742544354-1080362743317-fee6284c0ee20406565ca4cadf37d845",
                "thumb_80": "https:\/\/files.slack.com\/files-tmb\/T4UUTPV18-FN4PEPYKX-8b8a9fd9e5\/image_from_ios_80.jpg?t=xoxe-164979811042-1081742544354-1080362743317-fee6284c0ee20406565ca4cadf37d845",
                "thumb_360": "https:\/\/files.slack.com\/files-tmb\/T4UUTPV18-FN4PEPYKX-8b8a9fd9e5\/image_from_ios_360.jpg?t=xoxe-164979811042-1081742544354-1080362743317-fee6284c0ee20406565ca4cadf37d845",
                "thumb_360_w": 360,
                "thumb_360_h": 187,
                "thumb_480": "https:\/\/files.slack.com\/files-tmb\/T4UUTPV18-FN4PEPYKX-8b8a9fd9e5\/image_from_ios_480.jpg?t=xoxe-164979811042-1081742544354-1080362743317-fee6284c0ee20406565ca4cadf37d845",
                "thumb_480_w": 480,
                "thumb_480_h": 250,
                "thumb_160": "https:\/\/files.slack.com\/files-tmb\/T4UUTPV18-FN4PEPYKX-8b8a9fd9e5\/image_from_ios_160.jpg?t=xoxe-164979811042-1081742544354-1080362743317-fee6284c0ee20406565ca4cadf37d845",
                "thumb_720": "https:\/\/files.slack.com\/files-tmb\/T4UUTPV18-FN4PEPYKX-8b8a9fd9e5\/image_from_ios_720.jpg?t=xoxe-164979811042-1081742544354-1080362743317-fee6284c0ee20406565ca4cadf37d845",
                "thumb_720_w": 720,
                "thumb_720_h": 375,
                "thumb_800": "https:\/\/files.slack.com\/files-tmb\/T4UUTPV18-FN4PEPYKX-8b8a9fd9e5\/image_from_ios_800.jpg?t=xoxe-164979811042-1081742544354-1080362743317-fee6284c0ee20406565ca4cadf37d845",
                "thumb_800_w": 800,
                "thumb_800_h": 416,
                "thumb_960": "https:\/\/files.slack.com\/files-tmb\/T4UUTPV18-FN4PEPYKX-8b8a9fd9e5\/image_from_ios_960.jpg?t=xoxe-164979811042-1081742544354-1080362743317-fee6284c0ee20406565ca4cadf37d845",
                "thumb_960_w": 960,
                "thumb_960_h": 500,
                "thumb_1024": "https:\/\/files.slack.com\/files-tmb\/T4UUTPV18-FN4PEPYKX-8b8a9fd9e5\/image_from_ios_1024.jpg?t=xoxe-164979811042-1081742544354-1080362743317-fee6284c0ee20406565ca4cadf37d845",
                "thumb_1024_w": 1024,
                "thumb_1024_h": 533,
                "image_exif_rotation": 1,
                "original_w": 1145,
                "original_h": 596,
                "permalink": "https:\/\/prospela.slack.com\/files\/U6D2VCN07\/FN4PEPYKX\/image_from_ios.jpg",
                "permalink_public": "https:\/\/slack-files.com\/T4UUTPV18-FN4PEPYKX-6b92680aa9",
                "is_starred": false,
                "has_rich_preview": false
            }
        ],
        "upload": true,
        "user": "U6D2VCN07",
        "display_as_bot": false,
        "ts": "1567960954.001900"
    },
    {
        "type": "message",
        "text": "",
        "files": [
            {
                "id": "FMYBB1FB3",
                "created": 1567960961,
                "timestamp": 1567960961,
                "name": "Image from iOS.jpg",
                "title": "Image from iOS",
                "mimetype": "image\/jpeg",
                "filetype": "jpg",
                "pretty_type": "JPEG",
                "user": "U6D2VCN07",
                "editable": false,
                "size": 67597,
                "mode": "hosted",
                "is_external": false,
                "external_type": "",
                "is_public": true,
                "public_url_shared": false,
                "display_as_bot": false,
                "username": "",
                "url_private": "https:\/\/files.slack.com\/files-pri\/T4UUTPV18-FMYBB1FB3\/image_from_ios.jpg?t=xoxe-164979811042-1081742544354-1080362743317-fee6284c0ee20406565ca4cadf37d845",
                "url_private_download": "https:\/\/files.slack.com\/files-pri\/T4UUTPV18-FMYBB1FB3\/download\/image_from_ios.jpg?t=xoxe-164979811042-1081742544354-1080362743317-fee6284c0ee20406565ca4cadf37d845",
                "thumb_64": "https:\/\/files.slack.com\/files-tmb\/T4UUTPV18-FMYBB1FB3-e6643588bf\/image_from_ios_64.jpg?t=xoxe-164979811042-1081742544354-1080362743317-fee6284c0ee20406565ca4cadf37d845",
                "thumb_80": "https:\/\/files.slack.com\/files-tmb\/T4UUTPV18-FMYBB1FB3-e6643588bf\/image_from_ios_80.jpg?t=xoxe-164979811042-1081742544354-1080362743317-fee6284c0ee20406565ca4cadf37d845",
                "thumb_360": "https:\/\/files.slack.com\/files-tmb\/T4UUTPV18-FMYBB1FB3-e6643588bf\/image_from_ios_360.jpg?t=xoxe-164979811042-1081742544354-1080362743317-fee6284c0ee20406565ca4cadf37d845",
                "thumb_360_w": 360,
                "thumb_360_h": 194,
                "thumb_480": "https:\/\/files.slack.com\/files-tmb\/T4UUTPV18-FMYBB1FB3-e6643588bf\/image_from_ios_480.jpg?t=xoxe-164979811042-1081742544354-1080362743317-fee6284c0ee20406565ca4cadf37d845",
                "thumb_480_w": 480,
                "thumb_480_h": 258,
                "thumb_160": "https:\/\/files.slack.com\/files-tmb\/T4UUTPV18-FMYBB1FB3-e6643588bf\/image_from_ios_160.jpg?t=xoxe-164979811042-1081742544354-1080362743317-fee6284c0ee20406565ca4cadf37d845",
                "thumb_720": "https:\/\/files.slack.com\/files-tmb\/T4UUTPV18-FMYBB1FB3-e6643588bf\/image_from_ios_720.jpg?t=xoxe-164979811042-1081742544354-1080362743317-fee6284c0ee20406565ca4cadf37d845",
                "thumb_720_w": 720,
                "thumb_720_h": 387,
                "thumb_800": "https:\/\/files.slack.com\/files-tmb\/T4UUTPV18-FMYBB1FB3-e6643588bf\/image_from_ios_800.jpg?t=xoxe-164979811042-1081742544354-1080362743317-fee6284c0ee20406565ca4cadf37d845",
                "thumb_800_w": 800,
                "thumb_800_h": 430,
                "thumb_960": "https:\/\/files.slack.com\/files-tmb\/T4UUTPV18-FMYBB1FB3-e6643588bf\/image_from_ios_960.jpg?t=xoxe-164979811042-1081742544354-1080362743317-fee6284c0ee20406565ca4cadf37d845",
                "thumb_960_w": 960,
                "thumb_960_h": 517,
                "thumb_1024": "https:\/\/files.slack.com\/files-tmb\/T4UUTPV18-FMYBB1FB3-e6643588bf\/image_from_ios_1024.jpg?t=xoxe-164979811042-1081742544354-1080362743317-fee6284c0ee20406565ca4cadf37d845",
                "thumb_1024_w": 1024,
                "thumb_1024_h": 551,
                "image_exif_rotation": 1,
                "original_w": 1117,
                "original_h": 601,
                "permalink": "https:\/\/prospela.slack.com\/files\/U6D2VCN07\/FMYBB1FB3\/image_from_ios.jpg",
                "permalink_public": "https:\/\/slack-files.com\/T4UUTPV18-FMYBB1FB3-c11235ccb2",
                "is_starred": false,
                "has_rich_preview": false
            }
        ],
        "upload": true,
        "user": "U6D2VCN07",
        "display_as_bot": false,
        "ts": "1567960963.002200"
    }
]