[
    {
        "type": "message",
        "subtype": "channel_join",
        "ts": "1566831950.000200",
        "user": "U4VR52RQE",
        "text": "<@U4VR52RQE> has joined the channel"
    },
    {
        "type": "message",
        "subtype": "bot_message",
        "text": ":champagne: _You have opened a new, empty shared channel._ \n_Share <https:\/\/www.smooz.io\/room\/5d63f54d5cb5c300044ec445|this link> with other teams to invite them in it_",
        "ts": "1566831950.000300",
        "username": "Smooz",
        "bot_id": "B6CS60LDU"
    },
    {
        "type": "message",
        "subtype": "channel_join",
        "ts": "1566831950.000500",
        "user": "U6D2VCN07",
        "text": "<@U6D2VCN07> has joined the channel",
        "inviter": "U4VR52RQE"
    },
    {
        "type": "message",
        "subtype": "channel_join",
        "ts": "1566832019.000700",
        "user": "U4V22C6A1",
        "text": "<@U4V22C6A1> has joined the channel",
        "inviter": "U4VR52RQE"
    },
    {
        "type": "message",
        "subtype": "channel_name",
        "ts": "1566832031.000800",
        "user": "U4VR52RQE",
        "text": "<@U4VR52RQE> has renamed the channel from \"z-shared-23\" to \"thomas-and-cas\"",
        "old_name": "z-shared-23",
        "name": "thomas-and-cas"
    },
    {
        "type": "message",
        "subtype": "bot_message",
        "text": "_Team *Prospela Students (beta)* joined the shared channel_",
        "ts": "1566832071.000900",
        "username": "Smooz",
        "bot_id": "B6CS60LDU"
    },
    {
        "type": "message",
        "subtype": "bot_message",
        "text": "_Team *Prospela Mentors (beta)* joined the shared channel_",
        "ts": "1566832074.001000",
        "username": "Smooz",
        "bot_id": "B6CS60LDU"
    },
    {
        "type": "message",
        "subtype": "bot_message",
        "text": "_@thomasjt017 has joined the channel_",
        "ts": "1566832192.001100",
        "username": "smooz (Prospela Mentors (beta))",
        "icons": {
            "image_48": "https:\/\/s3-us-west-2.amazonaws.com\/slack-files2\/bot_icons\/2019-08-26\/732017592161_48.png"
        },
        "bot_id": "B6CS60LDU"
    },
    {
        "type": "message",
        "subtype": "bot_message",
        "text": "_@casssie has joined the channel_",
        "ts": "1566832196.001200",
        "username": "smooz (Prospela Students (beta))",
        "icons": {
            "image_48": "https:\/\/s3-us-west-2.amazonaws.com\/slack-files2\/bot_icons\/2019-08-26\/732017660769_48.png"
        },
        "bot_id": "B6CS60LDU"
    },
    {
        "type": "message",
        "subtype": "bot_message",
        "text": "Hey Cas, please meet Thomas your incredible E-Mentor I've been telling you about :smile:.  Feel free to introduce yourselves, say a little bit about what you would like to get out of the mentorship and continue chatting within this channel. :wave:\n\nI will now be leaving the channel, but please direct message myself or emma-prospela if you have any questions. All the best for now! :slightly_smiling_face:",
        "ts": "1566832223.001300",
        "username": "Dexter Boyce (Prospela Students (beta))",
        "icons": {
            "image_48": "https:\/\/s3-us-west-2.amazonaws.com\/slack-files2\/bot_icons\/2019-08-26\/732018302689_48.png"
        },
        "bot_id": "B6CS60LDU"
    },
    {
        "type": "message",
        "subtype": "bot_message",
        "text": "_@dexter has left the channel_",
        "ts": "1566832229.001400",
        "username": "smooz (Prospela Mentors (beta))",
        "icons": {
            "image_48": "https:\/\/s3-us-west-2.amazonaws.com\/slack-files2\/bot_icons\/2019-08-26\/738404043253_48.png"
        },
        "bot_id": "B6CS60LDU"
    },
    {
        "type": "message",
        "subtype": "bot_message",
        "text": "_@dexter has left the channel_",
        "ts": "1566832235.001500",
        "username": "smooz (Prospela Students (beta))",
        "icons": {
            "image_48": "https:\/\/s3-us-west-2.amazonaws.com\/slack-files2\/bot_icons\/2019-08-26\/732018621601_48.png"
        },
        "bot_id": "B6CS60LDU"
    },
    {
        "type": "message",
        "subtype": "bot_message",
        "text": "Hi Cas! Dexter told me you're into 3D Modelling and Env work, but using Houdini?",
        "ts": "1566833881.001600",
        "username": "Thomas Thornton (Prospela Mentors (beta))",
        "icons": {
            "image_48": "https:\/\/s3-us-west-2.amazonaws.com\/slack-files2\/bot_icons\/2019-08-26\/726987838226_48.png"
        },
        "bot_id": "B6CS60LDU"
    },
    {
        "type": "message",
        "subtype": "bot_message",
        "text": "Hey there! I’m recent graduate from London South Bank University and always been interested to go into environment art, I have manly been using maya but in the recent weeks I have been switching to Houndini due to some environment artists in the industry told me it’s the up coming tool for that field of work ",
        "ts": "1566834791.001700",
        "username": "Cas Van Den Bergh (Prospela Students (beta))",
        "icons": {
            "image_48": "https:\/\/s3-us-west-2.amazonaws.com\/slack-files2\/bot_icons\/2019-08-26\/727013146451_48.png"
        },
        "bot_id": "B6CS60LDU"
    },
    {
        "type": "message",
        "subtype": "bot_message",
        "text": "I've not had much experience in Environment work, but Houdini definitely is becoming more versatile and being used a lot more than just FX work. So the Houdini side of things, can try and help with any questions",
        "ts": "1566834984.001800",
        "username": "Thomas Thornton (Prospela Mentors (beta))",
        "icons": {
            "image_48": "https:\/\/s3-us-west-2.amazonaws.com\/slack-files2\/bot_icons\/2019-08-26\/727017696147_48.png"
        },
        "bot_id": "B6CS60LDU"
    },
    {
        "type": "message",
        "subtype": "bot_message",
        "text": "Thank you! Yes I am still gettin into the basics so I can easily find all my answers on google! But if I have more complicated question I will ask you if that’s okay(:? I was wondering, I filled in Environment TD which I noticed a lot of people say TD doesn’t exists in environment work a lot bc it doesn’t involve a lot of code, I was just wondering what your opinion is on that, I’m fairly confused if I should be learning a lot of code if I wanted to go into this direction or if I should focus more on composition? Thank you so much!",
        "ts": "1566837077.001900",
        "username": "Cas Van Den Bergh (Prospela Students (beta))",
        "icons": {
            "image_48": "https:\/\/s3-us-west-2.amazonaws.com\/slack-files2\/bot_icons\/2019-08-26\/732130514321_48.png"
        },
        "bot_id": "B6CS60LDU"
    },
    {
        "type": "message",
        "subtype": "bot_message",
        "text": "That's okay :slightly_smiling_face:",
        "ts": "1566837641.002000",
        "username": "Thomas Thornton (Prospela Mentors (beta))",
        "icons": {
            "image_48": "https:\/\/s3-us-west-2.amazonaws.com\/slack-files2\/bot_icons\/2019-08-26\/740387182359_48.png"
        },
        "bot_id": "B6CS60LDU"
    },
    {
        "type": "message",
        "subtype": "bot_message",
        "text": "Code wise, I feel like learning basic python or basic VEX would definitely be helpful. Even if it's only to learn how to create random spreads and generations of elements. I wouldn't stress yourself out to begin with trying to learn to code, but if something comes up that you thought \"ah yes, that would benefit from a piece of code\" then it would be useful to learn maybe a few lines just to help out.\nI know there's tutorials and such out there about creating cities with python, which is at one end of the scale, but the random selection of buildings, or trees and plants based on a library, would benefit from basic code. In my opinion",
        "ts": "1566837809.002100",
        "username": "Thomas Thornton (Prospela Mentors (beta))",
        "icons": {
            "image_48": "https:\/\/s3-us-west-2.amazonaws.com\/slack-files2\/bot_icons\/2019-08-26\/740390604743_48.png"
        },
        "bot_id": "B6CS60LDU"
    },
    {
        "type": "message",
        "subtype": "bot_message",
        "text": "Yeah, I will get into that! I sort off understand python from Maya, haven’t written my own scripts yet but I will try find some good tutorials online for basic python or VEX in Houndini(: ",
        "ts": "1566839459.002200",
        "username": "Cas Van Den Bergh (Prospela Students (beta))",
        "icons": {
            "image_48": "https:\/\/s3-us-west-2.amazonaws.com\/slack-files2\/bot_icons\/2019-08-26\/727113586210_48.png"
        },
        "bot_id": "B6CS60LDU"
    },
    {
        "type": "message",
        "subtype": "bot_message",
        "text": "Python and VEX are sort of similar. If I get chance at work tomorrow, I'll have a look and see if I can spot any good basic VEX tuts",
        "ts": "1566839630.002300",
        "username": "Thomas Thornton (Prospela Mentors (beta))",
        "icons": {
            "image_48": "https:\/\/s3-us-west-2.amazonaws.com\/slack-files2\/bot_icons\/2019-08-26\/738572145861_48.png"
        },
        "bot_id": "B6CS60LDU"
    },
    {
        "type": "message",
        "subtype": "bot_message",
        "text": "That would be amazing! Thank you so much!(:!\nI will sent u my reel and portfolio, it’s still WIP. ",
        "ts": "1566839776.002400",
        "username": "Cas Van Den Bergh (Prospela Students (beta))",
        "icons": {
            "image_48": "https:\/\/s3-us-west-2.amazonaws.com\/slack-files2\/bot_icons\/2019-08-26\/740434263703_48.png"
        },
        "bot_id": "B6CS60LDU"
    },
    {
        "type": "message",
        "subtype": "bot_message",
        "text": "I made this reel when I was at NextGen bootcamp: <https:\/\/vimeo.com\/351582318>\n\nStill a WIP(8 weeks) \n\nI did a uni degree, but if I gotta be honest our course was really bad and we barely learned anything, should’ve dropped out but remained anyways, so nearly everything I do is self taught, also only realised in the past 2 months what it takes to get into the industry since my university gave us a kind off false perspective haha, so got quite a rookie reel even tho after a degree, but been working non stop past few weeks! So hopefully seeing a lot of improvement over the next couple of months haha(: ",
        "ts": "1566840005.002500",
        "username": "Cas Van Den Bergh (Prospela Students (beta))",
        "icons": {
            "image_48": "https:\/\/s3-us-west-2.amazonaws.com\/slack-files2\/bot_icons\/2019-08-26\/738580144629_48.png"
        },
        "bot_id": "B6CS60LDU",
        "attachments": [
            {
                "service_name": "Vimeo",
                "service_url": "https:\/\/vimeo.com\/",
                "title": "Environment demoreel 2019 Cas van den Bergh",
                "title_link": "https:\/\/vimeo.com\/351582318",
                "author_name": "Cas van den Bergh",
                "author_link": "https:\/\/vimeo.com\/user35819080",
                "thumb_url": "https:\/\/i.vimeocdn.com\/video\/803226197_295x166.jpg",
                "thumb_width": 295,
                "thumb_height": 166,
                "text": "This is my Environment demoreel 2019, these works where done in the past 8 weeks and is my recent work I did at the NextGen Futures",
                "fallback": "Vimeo Video: Environment demoreel 2019 Cas van den Bergh",
                "video_html": "<iframe src=\"https:\/\/player.vimeo.com\/video\/351582318?autoplay=1&amp;app_id=122963\" width=\"400\" height=\"225\" frameborder=\"0\" allow=\"autoplay; fullscreen\" allowfullscreen title=\"Environment demoreel 2019 Cas van den Bergh\"><\/iframe>",
                "video_html_width": 400,
                "video_html_height": 225,
                "from_url": "https:\/\/vimeo.com\/351582318",
                "service_icon": "https:\/\/a.slack-edge.com\/bfaba\/img\/unfurl_icons\/vimeo.png",
                "id": 1,
                "original_url": "https:\/\/vimeo.com\/351582318"
            }
        ]
    },
    {
        "type": "message",
        "subtype": "bot_message",
        "text": "Honestly, my course was the same at Uni. They tried to teach the basics of everything, and cover a lot of ground, but not a lot was useful in the industry. My first day in Houdini was my first day on a film, so I've learnt on the job and as I've gone along!",
        "ts": "1566840390.002700",
        "username": "Thomas Thornton (Prospela Mentors (beta))",
        "icons": {
            "image_48": "https:\/\/s3-us-west-2.amazonaws.com\/slack-files2\/bot_icons\/2019-08-26\/740447519751_48.png"
        },
        "bot_id": "B6CS60LDU"
    },
    {
        "type": "message",
        "subtype": "bot_message",
        "text": "The work for 8 weeks is good! Potential to take some of the projects further or use as a basis for other ideas",
        "ts": "1566840472.002800",
        "username": "Thomas Thornton (Prospela Mentors (beta))",
        "icons": {
            "image_48": "https:\/\/s3-us-west-2.amazonaws.com\/slack-files2\/bot_icons\/2019-08-26\/738590294261_48.png"
        },
        "bot_id": "B6CS60LDU"
    },
    {
        "type": "message",
        "subtype": "bot_message",
        "text": "I am looking to take the snow mountain scene to the next level, I need to work on the ridges and to make it look more realistic, I wanted to re-make the scene in Houndini so that’s why I have been learning it and maybe see if I could add clouds to it for realism, and gotta play around with the composition(: will see what it brings.",
        "ts": "1566840616.002900",
        "username": "Cas Van Den Bergh (Prospela Students (beta))",
        "icons": {
            "image_48": "https:\/\/s3-us-west-2.amazonaws.com\/slack-files2\/bot_icons\/2019-08-26\/727143345027_48.png"
        },
        "bot_id": "B6CS60LDU"
    },
    {
        "type": "message",
        "subtype": "bot_message",
        "text": "Looking at heightfields on Houdini?",
        "ts": "1566841266.003000",
        "username": "Thomas Thornton (Prospela Mentors (beta))",
        "icons": {
            "image_48": "https:\/\/s3-us-west-2.amazonaws.com\/slack-files2\/bot_icons\/2019-08-26\/727157640147_48.png"
        },
        "bot_id": "B6CS60LDU"
    },
    {
        "type": "message",
        "subtype": "bot_message",
        "text": "I haven’t touched heightfields yet but planning to use it in few days, don’t have access to my pc atm ",
        "ts": "1566842548.003100",
        "username": "Cas Van Den Bergh (Prospela Students (beta))",
        "icons": {
            "image_48": "https:\/\/s3-us-west-2.amazonaws.com\/slack-files2\/bot_icons\/2019-08-26\/738637983301_48.png"
        },
        "bot_id": "B6CS60LDU"
    }
]