[
    {
        "type": "message",
        "subtype": "bot_message",
        "text": "I was just wondering if U could tell me how I can limit the viewport poly count in Houdini, if I want it to only show a maximum amount of polys since my computer can’t handle my scene anymore haha(: ",
        "ts": "1573129586.000300",
        "username": "Cas Van Den Bergh (Prospela Students (beta))",
        "icons": {
            "image_48": "https:\/\/s3-us-west-2.amazonaws.com\/slack-files2\/bot_icons\/2019-11-07\/812558784098_48.png"
        },
        "bot_id": "B6CS60LDU"
    },
    {
        "type": "message",
        "subtype": "bot_message",
        "text": "In the viewport, press D. Then last tab: Optimize. and then should be a limit to polygons. I think it's autoset to 20 million",
        "ts": "1573131730.000400",
        "username": "Thomas Thornton (Prospela Mentors (beta))",
        "icons": {
            "image_48": "https:\/\/s3-us-west-2.amazonaws.com\/slack-files2\/bot_icons\/2019-11-07\/812595854946_48.png"
        },
        "bot_id": "B6CS60LDU"
    },
    {
        "type": "message",
        "subtype": "bot_message",
        "text": "Oh thank you! ",
        "ts": "1573146126.000500",
        "username": "Cas Van Den Bergh (Prospela Students (beta))",
        "icons": {
            "image_48": "https:\/\/s3-us-west-2.amazonaws.com\/slack-files2\/bot_icons\/2019-11-07\/825777824160_48.png"
        },
        "bot_id": "B6CS60LDU"
    },
    {
        "type": "message",
        "text": "",
        "files": [
            {
                "id": "FQ999LR6G",
                "created": 1573146200,
                "timestamp": 1573146200,
                "name": "texture_draft_render_v002_noUV.jpg",
                "title": "texture draft render v002 noUV",
                "mimetype": "image\/jpeg",
                "filetype": "jpg",
                "pretty_type": "JPEG",
                "user": "U6D2VCN07",
                "editable": false,
                "size": 988091,
                "mode": "hosted",
                "is_external": false,
                "external_type": "",
                "is_public": true,
                "public_url_shared": false,
                "display_as_bot": false,
                "username": "",
                "url_private": "https:\/\/files.slack.com\/files-pri\/T4UUTPV18-FQ999LR6G\/texture_draft_render_v002_nouv.jpg?t=xoxe-164979811042-1081742544354-1080362743317-fee6284c0ee20406565ca4cadf37d845",
                "url_private_download": "https:\/\/files.slack.com\/files-pri\/T4UUTPV18-FQ999LR6G\/download\/texture_draft_render_v002_nouv.jpg?t=xoxe-164979811042-1081742544354-1080362743317-fee6284c0ee20406565ca4cadf37d845",
                "thumb_64": "https:\/\/files.slack.com\/files-tmb\/T4UUTPV18-FQ999LR6G-8ed0b0ffc4\/texture_draft_render_v002_nouv_64.jpg?t=xoxe-164979811042-1081742544354-1080362743317-fee6284c0ee20406565ca4cadf37d845",
                "thumb_80": "https:\/\/files.slack.com\/files-tmb\/T4UUTPV18-FQ999LR6G-8ed0b0ffc4\/texture_draft_render_v002_nouv_80.jpg?t=xoxe-164979811042-1081742544354-1080362743317-fee6284c0ee20406565ca4cadf37d845",
                "thumb_360": "https:\/\/files.slack.com\/files-tmb\/T4UUTPV18-FQ999LR6G-8ed0b0ffc4\/texture_draft_render_v002_nouv_360.jpg?t=xoxe-164979811042-1081742544354-1080362743317-fee6284c0ee20406565ca4cadf37d845",
                "thumb_360_w": 360,
                "thumb_360_h": 203,
                "thumb_480": "https:\/\/files.slack.com\/files-tmb\/T4UUTPV18-FQ999LR6G-8ed0b0ffc4\/texture_draft_render_v002_nouv_480.jpg?t=xoxe-164979811042-1081742544354-1080362743317-fee6284c0ee20406565ca4cadf37d845",
                "thumb_480_w": 480,
                "thumb_480_h": 270,
                "thumb_160": "https:\/\/files.slack.com\/files-tmb\/T4UUTPV18-FQ999LR6G-8ed0b0ffc4\/texture_draft_render_v002_nouv_160.jpg?t=xoxe-164979811042-1081742544354-1080362743317-fee6284c0ee20406565ca4cadf37d845",
                "thumb_720": "https:\/\/files.slack.com\/files-tmb\/T4UUTPV18-FQ999LR6G-8ed0b0ffc4\/texture_draft_render_v002_nouv_720.jpg?t=xoxe-164979811042-1081742544354-1080362743317-fee6284c0ee20406565ca4cadf37d845",
                "thumb_720_w": 720,
                "thumb_720_h": 405,
                "thumb_800": "https:\/\/files.slack.com\/files-tmb\/T4UUTPV18-FQ999LR6G-8ed0b0ffc4\/texture_draft_render_v002_nouv_800.jpg?t=xoxe-164979811042-1081742544354-1080362743317-fee6284c0ee20406565ca4cadf37d845",
                "thumb_800_w": 800,
                "thumb_800_h": 450,
                "thumb_960": "https:\/\/files.slack.com\/files-tmb\/T4UUTPV18-FQ999LR6G-8ed0b0ffc4\/texture_draft_render_v002_nouv_960.jpg?t=xoxe-164979811042-1081742544354-1080362743317-fee6284c0ee20406565ca4cadf37d845",
                "thumb_960_w": 960,
                "thumb_960_h": 540,
                "thumb_1024": "https:\/\/files.slack.com\/files-tmb\/T4UUTPV18-FQ999LR6G-8ed0b0ffc4\/texture_draft_render_v002_nouv_1024.jpg?t=xoxe-164979811042-1081742544354-1080362743317-fee6284c0ee20406565ca4cadf37d845",
                "thumb_1024_w": 1024,
                "thumb_1024_h": 576,
                "image_exif_rotation": 1,
                "original_w": 1920,
                "original_h": 1080,
                "thumb_tiny": "AwAbADCjk04KSeeBS429KGbI9fekMWNQGz14oZS0hI6ZpqnJqTcFGD0oAa\/KufVsVDVkqCuPQk1CwH8NCARjk5pCe1D\/AHvwptMQ5TzxUpJYDJwO9RqBgfjTl+\/SYyQHacE\/So257g0+MZXB5qPuaEB\/\/9k=",
                "permalink": "https:\/\/prospela.slack.com\/files\/U6D2VCN07\/FQ999LR6G\/texture_draft_render_v002_nouv.jpg",
                "permalink_public": "https:\/\/slack-files.com\/T4UUTPV18-FQ999LR6G-2e963f6dad",
                "is_starred": false,
                "has_rich_preview": false
            }
        ],
        "upload": true,
        "user": "U6D2VCN07",
        "display_as_bot": false,
        "ts": "1573146205.000600"
    },
    {
        "type": "message",
        "text": "",
        "files": [
            {
                "id": "FQ9NY7WFJ",
                "created": 1573146201,
                "timestamp": 1573146201,
                "name": "texture_draft_render_v001_noUV.png",
                "title": "texture draft render v001 noUV",
                "mimetype": "image\/png",
                "filetype": "png",
                "pretty_type": "PNG",
                "user": "U6D2VCN07",
                "editable": false,
                "size": 3243034,
                "mode": "hosted",
                "is_external": false,
                "external_type": "",
                "is_public": true,
                "public_url_shared": false,
                "display_as_bot": false,
                "username": "",
                "url_private": "https:\/\/files.slack.com\/files-pri\/T4UUTPV18-FQ9NY7WFJ\/texture_draft_render_v001_nouv.png?t=xoxe-164979811042-1081742544354-1080362743317-fee6284c0ee20406565ca4cadf37d845",
                "url_private_download": "https:\/\/files.slack.com\/files-pri\/T4UUTPV18-FQ9NY7WFJ\/download\/texture_draft_render_v001_nouv.png?t=xoxe-164979811042-1081742544354-1080362743317-fee6284c0ee20406565ca4cadf37d845",
                "thumb_64": "https:\/\/files.slack.com\/files-tmb\/T4UUTPV18-FQ9NY7WFJ-1e0ff4d5b2\/texture_draft_render_v001_nouv_64.png?t=xoxe-164979811042-1081742544354-1080362743317-fee6284c0ee20406565ca4cadf37d845",
                "thumb_80": "https:\/\/files.slack.com\/files-tmb\/T4UUTPV18-FQ9NY7WFJ-1e0ff4d5b2\/texture_draft_render_v001_nouv_80.png?t=xoxe-164979811042-1081742544354-1080362743317-fee6284c0ee20406565ca4cadf37d845",
                "thumb_360": "https:\/\/files.slack.com\/files-tmb\/T4UUTPV18-FQ9NY7WFJ-1e0ff4d5b2\/texture_draft_render_v001_nouv_360.png?t=xoxe-164979811042-1081742544354-1080362743317-fee6284c0ee20406565ca4cadf37d845",
                "thumb_360_w": 360,
                "thumb_360_h": 203,
                "thumb_480": "https:\/\/files.slack.com\/files-tmb\/T4UUTPV18-FQ9NY7WFJ-1e0ff4d5b2\/texture_draft_render_v001_nouv_480.png?t=xoxe-164979811042-1081742544354-1080362743317-fee6284c0ee20406565ca4cadf37d845",
                "thumb_480_w": 480,
                "thumb_480_h": 270,
                "thumb_160": "https:\/\/files.slack.com\/files-tmb\/T4UUTPV18-FQ9NY7WFJ-1e0ff4d5b2\/texture_draft_render_v001_nouv_160.png?t=xoxe-164979811042-1081742544354-1080362743317-fee6284c0ee20406565ca4cadf37d845",
                "thumb_720": "https:\/\/files.slack.com\/files-tmb\/T4UUTPV18-FQ9NY7WFJ-1e0ff4d5b2\/texture_draft_render_v001_nouv_720.png?t=xoxe-164979811042-1081742544354-1080362743317-fee6284c0ee20406565ca4cadf37d845",
                "thumb_720_w": 720,
                "thumb_720_h": 405,
                "thumb_800": "https:\/\/files.slack.com\/files-tmb\/T4UUTPV18-FQ9NY7WFJ-1e0ff4d5b2\/texture_draft_render_v001_nouv_800.png?t=xoxe-164979811042-1081742544354-1080362743317-fee6284c0ee20406565ca4cadf37d845",
                "thumb_800_w": 800,
                "thumb_800_h": 450,
                "thumb_960": "https:\/\/files.slack.com\/files-tmb\/T4UUTPV18-FQ9NY7WFJ-1e0ff4d5b2\/texture_draft_render_v001_nouv_960.png?t=xoxe-164979811042-1081742544354-1080362743317-fee6284c0ee20406565ca4cadf37d845",
                "thumb_960_w": 960,
                "thumb_960_h": 540,
                "thumb_1024": "https:\/\/files.slack.com\/files-tmb\/T4UUTPV18-FQ9NY7WFJ-1e0ff4d5b2\/texture_draft_render_v001_nouv_1024.png?t=xoxe-164979811042-1081742544354-1080362743317-fee6284c0ee20406565ca4cadf37d845",
                "thumb_1024_w": 1024,
                "thumb_1024_h": 576,
                "image_exif_rotation": 1,
                "original_w": 1920,
                "original_h": 1080,
                "thumb_tiny": "AwAbADBuaUMPWoCygcMTTfMPpSAnkYiNzxweKQMT144pgcvkcYp5Ix0pDH+9JuANIDxweDTXGckABvWhMLFfBHam5q5IihSQMH2qBQGPIzTTuAxHKnNSGQspwtROArECnx9fzpMBwcBR14qVFDrkEioB\/qj9asW\/+qpMZ\/\/Z",
                "permalink": "https:\/\/prospela.slack.com\/files\/U6D2VCN07\/FQ9NY7WFJ\/texture_draft_render_v001_nouv.png",
                "permalink_public": "https:\/\/slack-files.com\/T4UUTPV18-FQ9NY7WFJ-9a72811bd0",
                "is_starred": false,
                "has_rich_preview": false
            }
        ],
        "upload": true,
        "user": "U6D2VCN07",
        "display_as_bot": false,
        "ts": "1573146207.000900"
    },
    {
        "type": "message",
        "text": "",
        "files": [
            {
                "id": "FQ9P08AHW",
                "created": 1573146264,
                "timestamp": 1573146264,
                "name": "wireframe_render_v001.png",
                "title": "wireframe render v001",
                "mimetype": "image\/png",
                "filetype": "png",
                "pretty_type": "PNG",
                "user": "U6D2VCN07",
                "editable": false,
                "size": 1030945,
                "mode": "hosted",
                "is_external": false,
                "external_type": "",
                "is_public": true,
                "public_url_shared": false,
                "display_as_bot": false,
                "username": "",
                "url_private": "https:\/\/files.slack.com\/files-pri\/T4UUTPV18-FQ9P08AHW\/wireframe_render_v001.png?t=xoxe-164979811042-1081742544354-1080362743317-fee6284c0ee20406565ca4cadf37d845",
                "url_private_download": "https:\/\/files.slack.com\/files-pri\/T4UUTPV18-FQ9P08AHW\/download\/wireframe_render_v001.png?t=xoxe-164979811042-1081742544354-1080362743317-fee6284c0ee20406565ca4cadf37d845",
                "thumb_64": "https:\/\/files.slack.com\/files-tmb\/T4UUTPV18-FQ9P08AHW-806808677b\/wireframe_render_v001_64.png?t=xoxe-164979811042-1081742544354-1080362743317-fee6284c0ee20406565ca4cadf37d845",
                "thumb_80": "https:\/\/files.slack.com\/files-tmb\/T4UUTPV18-FQ9P08AHW-806808677b\/wireframe_render_v001_80.png?t=xoxe-164979811042-1081742544354-1080362743317-fee6284c0ee20406565ca4cadf37d845",
                "thumb_360": "https:\/\/files.slack.com\/files-tmb\/T4UUTPV18-FQ9P08AHW-806808677b\/wireframe_render_v001_360.png?t=xoxe-164979811042-1081742544354-1080362743317-fee6284c0ee20406565ca4cadf37d845",
                "thumb_360_w": 360,
                "thumb_360_h": 203,
                "thumb_480": "https:\/\/files.slack.com\/files-tmb\/T4UUTPV18-FQ9P08AHW-806808677b\/wireframe_render_v001_480.png?t=xoxe-164979811042-1081742544354-1080362743317-fee6284c0ee20406565ca4cadf37d845",
                "thumb_480_w": 480,
                "thumb_480_h": 270,
                "thumb_160": "https:\/\/files.slack.com\/files-tmb\/T4UUTPV18-FQ9P08AHW-806808677b\/wireframe_render_v001_160.png?t=xoxe-164979811042-1081742544354-1080362743317-fee6284c0ee20406565ca4cadf37d845",
                "thumb_720": "https:\/\/files.slack.com\/files-tmb\/T4UUTPV18-FQ9P08AHW-806808677b\/wireframe_render_v001_720.png?t=xoxe-164979811042-1081742544354-1080362743317-fee6284c0ee20406565ca4cadf37d845",
                "thumb_720_w": 720,
                "thumb_720_h": 405,
                "thumb_800": "https:\/\/files.slack.com\/files-tmb\/T4UUTPV18-FQ9P08AHW-806808677b\/wireframe_render_v001_800.png?t=xoxe-164979811042-1081742544354-1080362743317-fee6284c0ee20406565ca4cadf37d845",
                "thumb_800_w": 800,
                "thumb_800_h": 450,
                "thumb_960": "https:\/\/files.slack.com\/files-tmb\/T4UUTPV18-FQ9P08AHW-806808677b\/wireframe_render_v001_960.png?t=xoxe-164979811042-1081742544354-1080362743317-fee6284c0ee20406565ca4cadf37d845",
                "thumb_960_w": 960,
                "thumb_960_h": 540,
                "thumb_1024": "https:\/\/files.slack.com\/files-tmb\/T4UUTPV18-FQ9P08AHW-806808677b\/wireframe_render_v001_1024.png?t=xoxe-164979811042-1081742544354-1080362743317-fee6284c0ee20406565ca4cadf37d845",
                "thumb_1024_w": 1024,
                "thumb_1024_h": 576,
                "image_exif_rotation": 1,
                "original_w": 1920,
                "original_h": 1080,
                "thumb_tiny": "AwAbADDMpUXcwHrV77DHnAZj+FPjhSH7q5yM\/NQBJ9nSONogBjucf1qvBBs3nByUOP1\/pVssc5OfzozuGCuBigClNCWtICiFmx2\/GqrRSIMsjAe4rWyyrw3A7CmunmqQ4zn1oAcCcgg9KV9kYBdgB70jqAMgVEUWT74zjpmgAhuopGVSxQn1AwDUzuBatMjgqBx8tZU6hJCFGBTQ7KpUMQG6j1oAsm\/kLZ2JjPTFX4ttxHuQ7RnFYta+lf8AHqf98\/0oA\/\/Z",
                "permalink": "https:\/\/prospela.slack.com\/files\/U6D2VCN07\/FQ9P08AHW\/wireframe_render_v001.png",
                "permalink_public": "https:\/\/slack-files.com\/T4UUTPV18-FQ9P08AHW-b5c8d81f22",
                "is_starred": false,
                "has_rich_preview": false
            }
        ],
        "upload": true,
        "user": "U6D2VCN07",
        "display_as_bot": false,
        "ts": "1573146268.001200"
    },
    {
        "type": "message",
        "text": "",
        "files": [
            {
                "id": "FQ9P089UG",
                "created": 1573146264,
                "timestamp": 1573146264,
                "name": "wireframe_render_v001.png",
                "title": "wireframe render v001",
                "mimetype": "image\/png",
                "filetype": "png",
                "pretty_type": "PNG",
                "user": "U6D2VCN07",
                "editable": false,
                "size": 1030945,
                "mode": "hosted",
                "is_external": false,
                "external_type": "",
                "is_public": true,
                "public_url_shared": false,
                "display_as_bot": false,
                "username": "",
                "url_private": "https:\/\/files.slack.com\/files-pri\/T4UUTPV18-FQ9P089UG\/wireframe_render_v001.png?t=xoxe-164979811042-1081742544354-1080362743317-fee6284c0ee20406565ca4cadf37d845",
                "url_private_download": "https:\/\/files.slack.com\/files-pri\/T4UUTPV18-FQ9P089UG\/download\/wireframe_render_v001.png?t=xoxe-164979811042-1081742544354-1080362743317-fee6284c0ee20406565ca4cadf37d845",
                "thumb_64": "https:\/\/files.slack.com\/files-tmb\/T4UUTPV18-FQ9P089UG-ad53e77dac\/wireframe_render_v001_64.png?t=xoxe-164979811042-1081742544354-1080362743317-fee6284c0ee20406565ca4cadf37d845",
                "thumb_80": "https:\/\/files.slack.com\/files-tmb\/T4UUTPV18-FQ9P089UG-ad53e77dac\/wireframe_render_v001_80.png?t=xoxe-164979811042-1081742544354-1080362743317-fee6284c0ee20406565ca4cadf37d845",
                "thumb_360": "https:\/\/files.slack.com\/files-tmb\/T4UUTPV18-FQ9P089UG-ad53e77dac\/wireframe_render_v001_360.png?t=xoxe-164979811042-1081742544354-1080362743317-fee6284c0ee20406565ca4cadf37d845",
                "thumb_360_w": 360,
                "thumb_360_h": 203,
                "thumb_480": "https:\/\/files.slack.com\/files-tmb\/T4UUTPV18-FQ9P089UG-ad53e77dac\/wireframe_render_v001_480.png?t=xoxe-164979811042-1081742544354-1080362743317-fee6284c0ee20406565ca4cadf37d845",
                "thumb_480_w": 480,
                "thumb_480_h": 270,
                "thumb_160": "https:\/\/files.slack.com\/files-tmb\/T4UUTPV18-FQ9P089UG-ad53e77dac\/wireframe_render_v001_160.png?t=xoxe-164979811042-1081742544354-1080362743317-fee6284c0ee20406565ca4cadf37d845",
                "thumb_720": "https:\/\/files.slack.com\/files-tmb\/T4UUTPV18-FQ9P089UG-ad53e77dac\/wireframe_render_v001_720.png?t=xoxe-164979811042-1081742544354-1080362743317-fee6284c0ee20406565ca4cadf37d845",
                "thumb_720_w": 720,
                "thumb_720_h": 405,
                "thumb_800": "https:\/\/files.slack.com\/files-tmb\/T4UUTPV18-FQ9P089UG-ad53e77dac\/wireframe_render_v001_800.png?t=xoxe-164979811042-1081742544354-1080362743317-fee6284c0ee20406565ca4cadf37d845",
                "thumb_800_w": 800,
                "thumb_800_h": 450,
                "thumb_960": "https:\/\/files.slack.com\/files-tmb\/T4UUTPV18-FQ9P089UG-ad53e77dac\/wireframe_render_v001_960.png?t=xoxe-164979811042-1081742544354-1080362743317-fee6284c0ee20406565ca4cadf37d845",
                "thumb_960_w": 960,
                "thumb_960_h": 540,
                "thumb_1024": "https:\/\/files.slack.com\/files-tmb\/T4UUTPV18-FQ9P089UG-ad53e77dac\/wireframe_render_v001_1024.png?t=xoxe-164979811042-1081742544354-1080362743317-fee6284c0ee20406565ca4cadf37d845",
                "thumb_1024_w": 1024,
                "thumb_1024_h": 576,
                "image_exif_rotation": 1,
                "original_w": 1920,
                "original_h": 1080,
                "thumb_tiny": "AwAbADDMpUXcwHrV77DHnAZj+FPjhSH7q5yM\/NQBJ9nSONogBjucf1qvBBs3nByUOP1\/pVssc5OfzozuGCuBigClNCWtICiFmx2\/GqrRSIMsjAe4rWyyrw3A7CmunmqQ4zn1oAcCcgg9KV9kYBdgB70jqAMgVEUWT74zjpmgAhuopGVSxQn1AwDUzuBatMjgqBx8tZU6hJCFGBTQ7KpUMQG6j1oAsm\/kLZ2JjPTFX4ttxHuQ7RnFYta+lf8AHqf98\/0oA\/\/Z",
                "permalink": "https:\/\/prospela.slack.com\/files\/U6D2VCN07\/FQ9P089UG\/wireframe_render_v001.png",
                "permalink_public": "https:\/\/slack-files.com\/T4UUTPV18-FQ9P089UG-882d0d84d8",
                "is_starred": false,
                "has_rich_preview": false
            }
        ],
        "upload": true,
        "user": "U6D2VCN07",
        "display_as_bot": false,
        "ts": "1573146268.001500"
    },
    {
        "type": "message",
        "text": "",
        "files": [
            {
                "id": "FPWV8AFEW",
                "created": 1573146264,
                "timestamp": 1573146264,
                "name": "wireframe_render_v002.png",
                "title": "wireframe render v002",
                "mimetype": "image\/png",
                "filetype": "png",
                "pretty_type": "PNG",
                "user": "U6D2VCN07",
                "editable": false,
                "size": 1172269,
                "mode": "hosted",
                "is_external": false,
                "external_type": "",
                "is_public": true,
                "public_url_shared": false,
                "display_as_bot": false,
                "username": "",
                "url_private": "https:\/\/files.slack.com\/files-pri\/T4UUTPV18-FPWV8AFEW\/wireframe_render_v002.png?t=xoxe-164979811042-1081742544354-1080362743317-fee6284c0ee20406565ca4cadf37d845",
                "url_private_download": "https:\/\/files.slack.com\/files-pri\/T4UUTPV18-FPWV8AFEW\/download\/wireframe_render_v002.png?t=xoxe-164979811042-1081742544354-1080362743317-fee6284c0ee20406565ca4cadf37d845",
                "thumb_64": "https:\/\/files.slack.com\/files-tmb\/T4UUTPV18-FPWV8AFEW-3b377c08ca\/wireframe_render_v002_64.png?t=xoxe-164979811042-1081742544354-1080362743317-fee6284c0ee20406565ca4cadf37d845",
                "thumb_80": "https:\/\/files.slack.com\/files-tmb\/T4UUTPV18-FPWV8AFEW-3b377c08ca\/wireframe_render_v002_80.png?t=xoxe-164979811042-1081742544354-1080362743317-fee6284c0ee20406565ca4cadf37d845",
                "thumb_360": "https:\/\/files.slack.com\/files-tmb\/T4UUTPV18-FPWV8AFEW-3b377c08ca\/wireframe_render_v002_360.png?t=xoxe-164979811042-1081742544354-1080362743317-fee6284c0ee20406565ca4cadf37d845",
                "thumb_360_w": 360,
                "thumb_360_h": 203,
                "thumb_480": "https:\/\/files.slack.com\/files-tmb\/T4UUTPV18-FPWV8AFEW-3b377c08ca\/wireframe_render_v002_480.png?t=xoxe-164979811042-1081742544354-1080362743317-fee6284c0ee20406565ca4cadf37d845",
                "thumb_480_w": 480,
                "thumb_480_h": 270,
                "thumb_160": "https:\/\/files.slack.com\/files-tmb\/T4UUTPV18-FPWV8AFEW-3b377c08ca\/wireframe_render_v002_160.png?t=xoxe-164979811042-1081742544354-1080362743317-fee6284c0ee20406565ca4cadf37d845",
                "thumb_720": "https:\/\/files.slack.com\/files-tmb\/T4UUTPV18-FPWV8AFEW-3b377c08ca\/wireframe_render_v002_720.png?t=xoxe-164979811042-1081742544354-1080362743317-fee6284c0ee20406565ca4cadf37d845",
                "thumb_720_w": 720,
                "thumb_720_h": 405,
                "thumb_800": "https:\/\/files.slack.com\/files-tmb\/T4UUTPV18-FPWV8AFEW-3b377c08ca\/wireframe_render_v002_800.png?t=xoxe-164979811042-1081742544354-1080362743317-fee6284c0ee20406565ca4cadf37d845",
                "thumb_800_w": 800,
                "thumb_800_h": 450,
                "thumb_960": "https:\/\/files.slack.com\/files-tmb\/T4UUTPV18-FPWV8AFEW-3b377c08ca\/wireframe_render_v002_960.png?t=xoxe-164979811042-1081742544354-1080362743317-fee6284c0ee20406565ca4cadf37d845",
                "thumb_960_w": 960,
                "thumb_960_h": 540,
                "thumb_1024": "https:\/\/files.slack.com\/files-tmb\/T4UUTPV18-FPWV8AFEW-3b377c08ca\/wireframe_render_v002_1024.png?t=xoxe-164979811042-1081742544354-1080362743317-fee6284c0ee20406565ca4cadf37d845",
                "thumb_1024_w": 1024,
                "thumb_1024_h": 576,
                "image_exif_rotation": 1,
                "original_w": 1920,
                "original_h": 1080,
                "thumb_tiny": "AwAbADDMAycDrUrW0ygExnB9Oa0orSOE7lBLepqQkBf5mgCjaW5Rt8nBxwKtlASSRnI6GnZBP3evehkwvGMUAVbzAgPy8lu1Z9bWxWGCuQR+BqpdWa7S8XGBkigC8cd\/wqtLdRxZHVx2qDUJXWcoGIXAOBVKgCY3UhmMmevUdqmkvMxLsADHrVOigDZglEse8Kc+3apMEnJBHuaz9PYjeM9MYq9OxFq5zztNAH\/\/2Q==",
                "permalink": "https:\/\/prospela.slack.com\/files\/U6D2VCN07\/FPWV8AFEW\/wireframe_render_v002.png",
                "permalink_public": "https:\/\/slack-files.com\/T4UUTPV18-FPWV8AFEW-e87306da73",
                "is_starred": false,
                "has_rich_preview": false
            }
        ],
        "upload": true,
        "user": "U6D2VCN07",
        "display_as_bot": false,
        "ts": "1573146269.001800"
    },
    {
        "type": "message",
        "text": "",
        "files": [
            {
                "id": "FQ9P83JR3",
                "created": 1573146272,
                "timestamp": 1573146272,
                "name": "texture_draft_render_v001_noUV.png",
                "title": "texture draft render v001 noUV",
                "mimetype": "image\/png",
                "filetype": "png",
                "pretty_type": "PNG",
                "user": "U6D2VCN07",
                "editable": false,
                "size": 3243034,
                "mode": "hosted",
                "is_external": false,
                "external_type": "",
                "is_public": true,
                "public_url_shared": false,
                "display_as_bot": false,
                "username": "",
                "url_private": "https:\/\/files.slack.com\/files-pri\/T4UUTPV18-FQ9P83JR3\/texture_draft_render_v001_nouv.png?t=xoxe-164979811042-1081742544354-1080362743317-fee6284c0ee20406565ca4cadf37d845",
                "url_private_download": "https:\/\/files.slack.com\/files-pri\/T4UUTPV18-FQ9P83JR3\/download\/texture_draft_render_v001_nouv.png?t=xoxe-164979811042-1081742544354-1080362743317-fee6284c0ee20406565ca4cadf37d845",
                "thumb_64": "https:\/\/files.slack.com\/files-tmb\/T4UUTPV18-FQ9P83JR3-a7259ddf51\/texture_draft_render_v001_nouv_64.png?t=xoxe-164979811042-1081742544354-1080362743317-fee6284c0ee20406565ca4cadf37d845",
                "thumb_80": "https:\/\/files.slack.com\/files-tmb\/T4UUTPV18-FQ9P83JR3-a7259ddf51\/texture_draft_render_v001_nouv_80.png?t=xoxe-164979811042-1081742544354-1080362743317-fee6284c0ee20406565ca4cadf37d845",
                "thumb_360": "https:\/\/files.slack.com\/files-tmb\/T4UUTPV18-FQ9P83JR3-a7259ddf51\/texture_draft_render_v001_nouv_360.png?t=xoxe-164979811042-1081742544354-1080362743317-fee6284c0ee20406565ca4cadf37d845",
                "thumb_360_w": 360,
                "thumb_360_h": 203,
                "thumb_480": "https:\/\/files.slack.com\/files-tmb\/T4UUTPV18-FQ9P83JR3-a7259ddf51\/texture_draft_render_v001_nouv_480.png?t=xoxe-164979811042-1081742544354-1080362743317-fee6284c0ee20406565ca4cadf37d845",
                "thumb_480_w": 480,
                "thumb_480_h": 270,
                "thumb_160": "https:\/\/files.slack.com\/files-tmb\/T4UUTPV18-FQ9P83JR3-a7259ddf51\/texture_draft_render_v001_nouv_160.png?t=xoxe-164979811042-1081742544354-1080362743317-fee6284c0ee20406565ca4cadf37d845",
                "thumb_720": "https:\/\/files.slack.com\/files-tmb\/T4UUTPV18-FQ9P83JR3-a7259ddf51\/texture_draft_render_v001_nouv_720.png?t=xoxe-164979811042-1081742544354-1080362743317-fee6284c0ee20406565ca4cadf37d845",
                "thumb_720_w": 720,
                "thumb_720_h": 405,
                "thumb_800": "https:\/\/files.slack.com\/files-tmb\/T4UUTPV18-FQ9P83JR3-a7259ddf51\/texture_draft_render_v001_nouv_800.png?t=xoxe-164979811042-1081742544354-1080362743317-fee6284c0ee20406565ca4cadf37d845",
                "thumb_800_w": 800,
                "thumb_800_h": 450,
                "thumb_960": "https:\/\/files.slack.com\/files-tmb\/T4UUTPV18-FQ9P83JR3-a7259ddf51\/texture_draft_render_v001_nouv_960.png?t=xoxe-164979811042-1081742544354-1080362743317-fee6284c0ee20406565ca4cadf37d845",
                "thumb_960_w": 960,
                "thumb_960_h": 540,
                "thumb_1024": "https:\/\/files.slack.com\/files-tmb\/T4UUTPV18-FQ9P83JR3-a7259ddf51\/texture_draft_render_v001_nouv_1024.png?t=xoxe-164979811042-1081742544354-1080362743317-fee6284c0ee20406565ca4cadf37d845",
                "thumb_1024_w": 1024,
                "thumb_1024_h": 576,
                "image_exif_rotation": 1,
                "original_w": 1920,
                "original_h": 1080,
                "thumb_tiny": "AwAbADBuaUMPWoCygcMTTfMPpSAnkYiNzxweKQMT144pgcvkcYp5Ix0pDH+9JuANIDxweDTXGckABvWhMLFfBHam5q5IihSQMH2qBQGPIzTTuAxHKnNSGQspwtROArECnx9fzpMBwcBR14qVFDrkEioB\/qj9asW\/+qpMZ\/\/Z",
                "permalink": "https:\/\/prospela.slack.com\/files\/U6D2VCN07\/FQ9P83JR3\/texture_draft_render_v001_nouv.png",
                "permalink_public": "https:\/\/slack-files.com\/T4UUTPV18-FQ9P83JR3-4d97176a11",
                "is_starred": false,
                "has_rich_preview": false
            }
        ],
        "upload": true,
        "user": "U6D2VCN07",
        "display_as_bot": false,
        "ts": "1573146278.002100"
    },
    {
        "type": "message",
        "text": "",
        "files": [
            {
                "id": "FPY95HGN7",
                "created": 1573146272,
                "timestamp": 1573146272,
                "name": "texture_draft_render_v001_noUV.png",
                "title": "texture draft render v001 noUV",
                "mimetype": "image\/png",
                "filetype": "png",
                "pretty_type": "PNG",
                "user": "U6D2VCN07",
                "editable": false,
                "size": 3243034,
                "mode": "hosted",
                "is_external": false,
                "external_type": "",
                "is_public": true,
                "public_url_shared": false,
                "display_as_bot": false,
                "username": "",
                "url_private": "https:\/\/files.slack.com\/files-pri\/T4UUTPV18-FPY95HGN7\/texture_draft_render_v001_nouv.png?t=xoxe-164979811042-1081742544354-1080362743317-fee6284c0ee20406565ca4cadf37d845",
                "url_private_download": "https:\/\/files.slack.com\/files-pri\/T4UUTPV18-FPY95HGN7\/download\/texture_draft_render_v001_nouv.png?t=xoxe-164979811042-1081742544354-1080362743317-fee6284c0ee20406565ca4cadf37d845",
                "thumb_64": "https:\/\/files.slack.com\/files-tmb\/T4UUTPV18-FPY95HGN7-b1fb381a46\/texture_draft_render_v001_nouv_64.png?t=xoxe-164979811042-1081742544354-1080362743317-fee6284c0ee20406565ca4cadf37d845",
                "thumb_80": "https:\/\/files.slack.com\/files-tmb\/T4UUTPV18-FPY95HGN7-b1fb381a46\/texture_draft_render_v001_nouv_80.png?t=xoxe-164979811042-1081742544354-1080362743317-fee6284c0ee20406565ca4cadf37d845",
                "thumb_360": "https:\/\/files.slack.com\/files-tmb\/T4UUTPV18-FPY95HGN7-b1fb381a46\/texture_draft_render_v001_nouv_360.png?t=xoxe-164979811042-1081742544354-1080362743317-fee6284c0ee20406565ca4cadf37d845",
                "thumb_360_w": 360,
                "thumb_360_h": 203,
                "thumb_480": "https:\/\/files.slack.com\/files-tmb\/T4UUTPV18-FPY95HGN7-b1fb381a46\/texture_draft_render_v001_nouv_480.png?t=xoxe-164979811042-1081742544354-1080362743317-fee6284c0ee20406565ca4cadf37d845",
                "thumb_480_w": 480,
                "thumb_480_h": 270,
                "thumb_160": "https:\/\/files.slack.com\/files-tmb\/T4UUTPV18-FPY95HGN7-b1fb381a46\/texture_draft_render_v001_nouv_160.png?t=xoxe-164979811042-1081742544354-1080362743317-fee6284c0ee20406565ca4cadf37d845",
                "thumb_720": "https:\/\/files.slack.com\/files-tmb\/T4UUTPV18-FPY95HGN7-b1fb381a46\/texture_draft_render_v001_nouv_720.png?t=xoxe-164979811042-1081742544354-1080362743317-fee6284c0ee20406565ca4cadf37d845",
                "thumb_720_w": 720,
                "thumb_720_h": 405,
                "thumb_800": "https:\/\/files.slack.com\/files-tmb\/T4UUTPV18-FPY95HGN7-b1fb381a46\/texture_draft_render_v001_nouv_800.png?t=xoxe-164979811042-1081742544354-1080362743317-fee6284c0ee20406565ca4cadf37d845",
                "thumb_800_w": 800,
                "thumb_800_h": 450,
                "thumb_960": "https:\/\/files.slack.com\/files-tmb\/T4UUTPV18-FPY95HGN7-b1fb381a46\/texture_draft_render_v001_nouv_960.png?t=xoxe-164979811042-1081742544354-1080362743317-fee6284c0ee20406565ca4cadf37d845",
                "thumb_960_w": 960,
                "thumb_960_h": 540,
                "thumb_1024": "https:\/\/files.slack.com\/files-tmb\/T4UUTPV18-FPY95HGN7-b1fb381a46\/texture_draft_render_v001_nouv_1024.png?t=xoxe-164979811042-1081742544354-1080362743317-fee6284c0ee20406565ca4cadf37d845",
                "thumb_1024_w": 1024,
                "thumb_1024_h": 576,
                "image_exif_rotation": 1,
                "original_w": 1920,
                "original_h": 1080,
                "thumb_tiny": "AwAbADBuaUMPWoCygcMTTfMPpSAnkYiNzxweKQMT144pgcvkcYp5Ix0pDH+9JuANIDxweDTXGckABvWhMLFfBHam5q5IihSQMH2qBQGPIzTTuAxHKnNSGQspwtROArECnx9fzpMBwcBR14qVFDrkEioB\/qj9asW\/+qpMZ\/\/Z",
                "permalink": "https:\/\/prospela.slack.com\/files\/U6D2VCN07\/FPY95HGN7\/texture_draft_render_v001_nouv.png",
                "permalink_public": "https:\/\/slack-files.com\/T4UUTPV18-FPY95HGN7-fc277e68f7",
                "is_starred": false,
                "has_rich_preview": false
            }
        ],
        "upload": true,
        "user": "U6D2VCN07",
        "display_as_bot": false,
        "ts": "1573146278.002400"
    },
    {
        "type": "message",
        "text": "",
        "files": [
            {
                "id": "FQ1RD2Y6M",
                "created": 1573146274,
                "timestamp": 1573146274,
                "name": "texture_draft_render_v002_noUV.png",
                "title": "texture draft render v002 noUV",
                "mimetype": "image\/png",
                "filetype": "png",
                "pretty_type": "PNG",
                "user": "U6D2VCN07",
                "editable": false,
                "size": 3249721,
                "mode": "hosted",
                "is_external": false,
                "external_type": "",
                "is_public": true,
                "public_url_shared": false,
                "display_as_bot": false,
                "username": "",
                "url_private": "https:\/\/files.slack.com\/files-pri\/T4UUTPV18-FQ1RD2Y6M\/texture_draft_render_v002_nouv.png?t=xoxe-164979811042-1081742544354-1080362743317-fee6284c0ee20406565ca4cadf37d845",
                "url_private_download": "https:\/\/files.slack.com\/files-pri\/T4UUTPV18-FQ1RD2Y6M\/download\/texture_draft_render_v002_nouv.png?t=xoxe-164979811042-1081742544354-1080362743317-fee6284c0ee20406565ca4cadf37d845",
                "thumb_64": "https:\/\/files.slack.com\/files-tmb\/T4UUTPV18-FQ1RD2Y6M-8cf10136be\/texture_draft_render_v002_nouv_64.png?t=xoxe-164979811042-1081742544354-1080362743317-fee6284c0ee20406565ca4cadf37d845",
                "thumb_80": "https:\/\/files.slack.com\/files-tmb\/T4UUTPV18-FQ1RD2Y6M-8cf10136be\/texture_draft_render_v002_nouv_80.png?t=xoxe-164979811042-1081742544354-1080362743317-fee6284c0ee20406565ca4cadf37d845",
                "thumb_360": "https:\/\/files.slack.com\/files-tmb\/T4UUTPV18-FQ1RD2Y6M-8cf10136be\/texture_draft_render_v002_nouv_360.png?t=xoxe-164979811042-1081742544354-1080362743317-fee6284c0ee20406565ca4cadf37d845",
                "thumb_360_w": 360,
                "thumb_360_h": 203,
                "thumb_480": "https:\/\/files.slack.com\/files-tmb\/T4UUTPV18-FQ1RD2Y6M-8cf10136be\/texture_draft_render_v002_nouv_480.png?t=xoxe-164979811042-1081742544354-1080362743317-fee6284c0ee20406565ca4cadf37d845",
                "thumb_480_w": 480,
                "thumb_480_h": 270,
                "thumb_160": "https:\/\/files.slack.com\/files-tmb\/T4UUTPV18-FQ1RD2Y6M-8cf10136be\/texture_draft_render_v002_nouv_160.png?t=xoxe-164979811042-1081742544354-1080362743317-fee6284c0ee20406565ca4cadf37d845",
                "thumb_720": "https:\/\/files.slack.com\/files-tmb\/T4UUTPV18-FQ1RD2Y6M-8cf10136be\/texture_draft_render_v002_nouv_720.png?t=xoxe-164979811042-1081742544354-1080362743317-fee6284c0ee20406565ca4cadf37d845",
                "thumb_720_w": 720,
                "thumb_720_h": 405,
                "thumb_800": "https:\/\/files.slack.com\/files-tmb\/T4UUTPV18-FQ1RD2Y6M-8cf10136be\/texture_draft_render_v002_nouv_800.png?t=xoxe-164979811042-1081742544354-1080362743317-fee6284c0ee20406565ca4cadf37d845",
                "thumb_800_w": 800,
                "thumb_800_h": 450,
                "thumb_960": "https:\/\/files.slack.com\/files-tmb\/T4UUTPV18-FQ1RD2Y6M-8cf10136be\/texture_draft_render_v002_nouv_960.png?t=xoxe-164979811042-1081742544354-1080362743317-fee6284c0ee20406565ca4cadf37d845",
                "thumb_960_w": 960,
                "thumb_960_h": 540,
                "thumb_1024": "https:\/\/files.slack.com\/files-tmb\/T4UUTPV18-FQ1RD2Y6M-8cf10136be\/texture_draft_render_v002_nouv_1024.png?t=xoxe-164979811042-1081742544354-1080362743317-fee6284c0ee20406565ca4cadf37d845",
                "thumb_1024_w": 1024,
                "thumb_1024_h": 576,
                "image_exif_rotation": 1,
                "original_w": 1920,
                "original_h": 1080,
                "thumb_tiny": "AwAbADCjk04KSeeBS429KGbI9fekMWNQGz14oZS0hI6ZpqnJqTcFGD0oAa\/KufVsVDVkqCuPQk1CwH8NCARjk5pCe1D\/AHvwpKYhVPPFSklgMnA71GoGB+NOX79JjJAdpwT9KjbnuDT0GVweaj7mhAf\/2Q==",
                "permalink": "https:\/\/prospela.slack.com\/files\/U6D2VCN07\/FQ1RD2Y6M\/texture_draft_render_v002_nouv.png",
                "permalink_public": "https:\/\/slack-files.com\/T4UUTPV18-FQ1RD2Y6M-8d394ca5e2",
                "is_starred": false,
                "has_rich_preview": false
            }
        ],
        "upload": true,
        "user": "U6D2VCN07",
        "display_as_bot": false,
        "ts": "1573146280.002700"
    },
    {
        "type": "message",
        "text": "",
        "files": [
            {
                "id": "FPWV9ALPL",
                "created": 1573146294,
                "timestamp": 1573146294,
                "name": "texture_draft_render_v002_noUV.png",
                "title": "texture draft render v002 noUV",
                "mimetype": "image\/png",
                "filetype": "png",
                "pretty_type": "PNG",
                "user": "U6D2VCN07",
                "editable": false,
                "size": 3249721,
                "mode": "hosted",
                "is_external": false,
                "external_type": "",
                "is_public": true,
                "public_url_shared": false,
                "display_as_bot": false,
                "username": "",
                "url_private": "https:\/\/files.slack.com\/files-pri\/T4UUTPV18-FPWV9ALPL\/texture_draft_render_v002_nouv.png?t=xoxe-164979811042-1081742544354-1080362743317-fee6284c0ee20406565ca4cadf37d845",
                "url_private_download": "https:\/\/files.slack.com\/files-pri\/T4UUTPV18-FPWV9ALPL\/download\/texture_draft_render_v002_nouv.png?t=xoxe-164979811042-1081742544354-1080362743317-fee6284c0ee20406565ca4cadf37d845",
                "thumb_64": "https:\/\/files.slack.com\/files-tmb\/T4UUTPV18-FPWV9ALPL-84ea7d5049\/texture_draft_render_v002_nouv_64.png?t=xoxe-164979811042-1081742544354-1080362743317-fee6284c0ee20406565ca4cadf37d845",
                "thumb_80": "https:\/\/files.slack.com\/files-tmb\/T4UUTPV18-FPWV9ALPL-84ea7d5049\/texture_draft_render_v002_nouv_80.png?t=xoxe-164979811042-1081742544354-1080362743317-fee6284c0ee20406565ca4cadf37d845",
                "thumb_360": "https:\/\/files.slack.com\/files-tmb\/T4UUTPV18-FPWV9ALPL-84ea7d5049\/texture_draft_render_v002_nouv_360.png?t=xoxe-164979811042-1081742544354-1080362743317-fee6284c0ee20406565ca4cadf37d845",
                "thumb_360_w": 360,
                "thumb_360_h": 203,
                "thumb_480": "https:\/\/files.slack.com\/files-tmb\/T4UUTPV18-FPWV9ALPL-84ea7d5049\/texture_draft_render_v002_nouv_480.png?t=xoxe-164979811042-1081742544354-1080362743317-fee6284c0ee20406565ca4cadf37d845",
                "thumb_480_w": 480,
                "thumb_480_h": 270,
                "thumb_160": "https:\/\/files.slack.com\/files-tmb\/T4UUTPV18-FPWV9ALPL-84ea7d5049\/texture_draft_render_v002_nouv_160.png?t=xoxe-164979811042-1081742544354-1080362743317-fee6284c0ee20406565ca4cadf37d845",
                "thumb_720": "https:\/\/files.slack.com\/files-tmb\/T4UUTPV18-FPWV9ALPL-84ea7d5049\/texture_draft_render_v002_nouv_720.png?t=xoxe-164979811042-1081742544354-1080362743317-fee6284c0ee20406565ca4cadf37d845",
                "thumb_720_w": 720,
                "thumb_720_h": 405,
                "thumb_800": "https:\/\/files.slack.com\/files-tmb\/T4UUTPV18-FPWV9ALPL-84ea7d5049\/texture_draft_render_v002_nouv_800.png?t=xoxe-164979811042-1081742544354-1080362743317-fee6284c0ee20406565ca4cadf37d845",
                "thumb_800_w": 800,
                "thumb_800_h": 450,
                "thumb_960": "https:\/\/files.slack.com\/files-tmb\/T4UUTPV18-FPWV9ALPL-84ea7d5049\/texture_draft_render_v002_nouv_960.png?t=xoxe-164979811042-1081742544354-1080362743317-fee6284c0ee20406565ca4cadf37d845",
                "thumb_960_w": 960,
                "thumb_960_h": 540,
                "thumb_1024": "https:\/\/files.slack.com\/files-tmb\/T4UUTPV18-FPWV9ALPL-84ea7d5049\/texture_draft_render_v002_nouv_1024.png?t=xoxe-164979811042-1081742544354-1080362743317-fee6284c0ee20406565ca4cadf37d845",
                "thumb_1024_w": 1024,
                "thumb_1024_h": 576,
                "image_exif_rotation": 1,
                "original_w": 1920,
                "original_h": 1080,
                "thumb_tiny": "AwAbADCjk04KSeeBS429KGbI9fekMWNQGz14oZS0hI6ZpqnJqTcFGD0oAa\/KufVsVDVkqCuPQk1CwH8NCARjk5pCe1D\/AHvwpKYhVPPFSklgMnA71GoGB+NOX79JjJAdpwT9KjbnuDT0GVweaj7mhAf\/2Q==",
                "permalink": "https:\/\/prospela.slack.com\/files\/U6D2VCN07\/FPWV9ALPL\/texture_draft_render_v002_nouv.png",
                "permalink_public": "https:\/\/slack-files.com\/T4UUTPV18-FPWV9ALPL-87dc73b67c",
                "is_starred": false,
                "has_rich_preview": false
            }
        ],
        "upload": true,
        "user": "U6D2VCN07",
        "display_as_bot": false,
        "ts": "1573146300.003000"
    },
    {
        "type": "message",
        "text": "",
        "files": [
            {
                "id": "FQ99CNN92",
                "created": 1573146294,
                "timestamp": 1573146294,
                "name": "texture_draft_render_v002_noUV.png",
                "title": "texture draft render v002 noUV",
                "mimetype": "image\/png",
                "filetype": "png",
                "pretty_type": "PNG",
                "user": "U6D2VCN07",
                "editable": false,
                "size": 3249721,
                "mode": "hosted",
                "is_external": false,
                "external_type": "",
                "is_public": true,
                "public_url_shared": false,
                "display_as_bot": false,
                "username": "",
                "url_private": "https:\/\/files.slack.com\/files-pri\/T4UUTPV18-FQ99CNN92\/texture_draft_render_v002_nouv.png?t=xoxe-164979811042-1081742544354-1080362743317-fee6284c0ee20406565ca4cadf37d845",
                "url_private_download": "https:\/\/files.slack.com\/files-pri\/T4UUTPV18-FQ99CNN92\/download\/texture_draft_render_v002_nouv.png?t=xoxe-164979811042-1081742544354-1080362743317-fee6284c0ee20406565ca4cadf37d845",
                "thumb_64": "https:\/\/files.slack.com\/files-tmb\/T4UUTPV18-FQ99CNN92-f41f5debe3\/texture_draft_render_v002_nouv_64.png?t=xoxe-164979811042-1081742544354-1080362743317-fee6284c0ee20406565ca4cadf37d845",
                "thumb_80": "https:\/\/files.slack.com\/files-tmb\/T4UUTPV18-FQ99CNN92-f41f5debe3\/texture_draft_render_v002_nouv_80.png?t=xoxe-164979811042-1081742544354-1080362743317-fee6284c0ee20406565ca4cadf37d845",
                "thumb_360": "https:\/\/files.slack.com\/files-tmb\/T4UUTPV18-FQ99CNN92-f41f5debe3\/texture_draft_render_v002_nouv_360.png?t=xoxe-164979811042-1081742544354-1080362743317-fee6284c0ee20406565ca4cadf37d845",
                "thumb_360_w": 360,
                "thumb_360_h": 203,
                "thumb_480": "https:\/\/files.slack.com\/files-tmb\/T4UUTPV18-FQ99CNN92-f41f5debe3\/texture_draft_render_v002_nouv_480.png?t=xoxe-164979811042-1081742544354-1080362743317-fee6284c0ee20406565ca4cadf37d845",
                "thumb_480_w": 480,
                "thumb_480_h": 270,
                "thumb_160": "https:\/\/files.slack.com\/files-tmb\/T4UUTPV18-FQ99CNN92-f41f5debe3\/texture_draft_render_v002_nouv_160.png?t=xoxe-164979811042-1081742544354-1080362743317-fee6284c0ee20406565ca4cadf37d845",
                "thumb_720": "https:\/\/files.slack.com\/files-tmb\/T4UUTPV18-FQ99CNN92-f41f5debe3\/texture_draft_render_v002_nouv_720.png?t=xoxe-164979811042-1081742544354-1080362743317-fee6284c0ee20406565ca4cadf37d845",
                "thumb_720_w": 720,
                "thumb_720_h": 405,
                "thumb_800": "https:\/\/files.slack.com\/files-tmb\/T4UUTPV18-FQ99CNN92-f41f5debe3\/texture_draft_render_v002_nouv_800.png?t=xoxe-164979811042-1081742544354-1080362743317-fee6284c0ee20406565ca4cadf37d845",
                "thumb_800_w": 800,
                "thumb_800_h": 450,
                "thumb_960": "https:\/\/files.slack.com\/files-tmb\/T4UUTPV18-FQ99CNN92-f41f5debe3\/texture_draft_render_v002_nouv_960.png?t=xoxe-164979811042-1081742544354-1080362743317-fee6284c0ee20406565ca4cadf37d845",
                "thumb_960_w": 960,
                "thumb_960_h": 540,
                "thumb_1024": "https:\/\/files.slack.com\/files-tmb\/T4UUTPV18-FQ99CNN92-f41f5debe3\/texture_draft_render_v002_nouv_1024.png?t=xoxe-164979811042-1081742544354-1080362743317-fee6284c0ee20406565ca4cadf37d845",
                "thumb_1024_w": 1024,
                "thumb_1024_h": 576,
                "image_exif_rotation": 1,
                "original_w": 1920,
                "original_h": 1080,
                "thumb_tiny": "AwAbADCjk04KSeeBS429KGbI9fekMWNQGz14oZS0hI6ZpqnJqTcFGD0oAa\/KufVsVDVkqCuPQk1CwH8NCARjk5pCe1D\/AHvwpKYhVPPFSklgMnA71GoGB+NOX79JjJAdpwT9KjbnuDT0GVweaj7mhAf\/2Q==",
                "permalink": "https:\/\/prospela.slack.com\/files\/U6D2VCN07\/FQ99CNN92\/texture_draft_render_v002_nouv.png",
                "permalink_public": "https:\/\/slack-files.com\/T4UUTPV18-FQ99CNN92-5ef40a25fd",
                "is_starred": false,
                "has_rich_preview": false
            }
        ],
        "upload": true,
        "user": "U6D2VCN07",
        "display_as_bot": false,
        "ts": "1573146300.003300"
    },
    {
        "type": "message",
        "text": "",
        "files": [
            {
                "id": "FPWV9AXR8",
                "created": 1573146294,
                "timestamp": 1573146294,
                "name": "texture_draft_render_v001_noUV.png",
                "title": "texture draft render v001 noUV",
                "mimetype": "image\/png",
                "filetype": "png",
                "pretty_type": "PNG",
                "user": "U6D2VCN07",
                "editable": false,
                "size": 3243034,
                "mode": "hosted",
                "is_external": false,
                "external_type": "",
                "is_public": true,
                "public_url_shared": false,
                "display_as_bot": false,
                "username": "",
                "url_private": "https:\/\/files.slack.com\/files-pri\/T4UUTPV18-FPWV9AXR8\/texture_draft_render_v001_nouv.png?t=xoxe-164979811042-1081742544354-1080362743317-fee6284c0ee20406565ca4cadf37d845",
                "url_private_download": "https:\/\/files.slack.com\/files-pri\/T4UUTPV18-FPWV9AXR8\/download\/texture_draft_render_v001_nouv.png?t=xoxe-164979811042-1081742544354-1080362743317-fee6284c0ee20406565ca4cadf37d845",
                "thumb_64": "https:\/\/files.slack.com\/files-tmb\/T4UUTPV18-FPWV9AXR8-f2a8be02fc\/texture_draft_render_v001_nouv_64.png?t=xoxe-164979811042-1081742544354-1080362743317-fee6284c0ee20406565ca4cadf37d845",
                "thumb_80": "https:\/\/files.slack.com\/files-tmb\/T4UUTPV18-FPWV9AXR8-f2a8be02fc\/texture_draft_render_v001_nouv_80.png?t=xoxe-164979811042-1081742544354-1080362743317-fee6284c0ee20406565ca4cadf37d845",
                "thumb_360": "https:\/\/files.slack.com\/files-tmb\/T4UUTPV18-FPWV9AXR8-f2a8be02fc\/texture_draft_render_v001_nouv_360.png?t=xoxe-164979811042-1081742544354-1080362743317-fee6284c0ee20406565ca4cadf37d845",
                "thumb_360_w": 360,
                "thumb_360_h": 203,
                "thumb_480": "https:\/\/files.slack.com\/files-tmb\/T4UUTPV18-FPWV9AXR8-f2a8be02fc\/texture_draft_render_v001_nouv_480.png?t=xoxe-164979811042-1081742544354-1080362743317-fee6284c0ee20406565ca4cadf37d845",
                "thumb_480_w": 480,
                "thumb_480_h": 270,
                "thumb_160": "https:\/\/files.slack.com\/files-tmb\/T4UUTPV18-FPWV9AXR8-f2a8be02fc\/texture_draft_render_v001_nouv_160.png?t=xoxe-164979811042-1081742544354-1080362743317-fee6284c0ee20406565ca4cadf37d845",
                "thumb_720": "https:\/\/files.slack.com\/files-tmb\/T4UUTPV18-FPWV9AXR8-f2a8be02fc\/texture_draft_render_v001_nouv_720.png?t=xoxe-164979811042-1081742544354-1080362743317-fee6284c0ee20406565ca4cadf37d845",
                "thumb_720_w": 720,
                "thumb_720_h": 405,
                "thumb_800": "https:\/\/files.slack.com\/files-tmb\/T4UUTPV18-FPWV9AXR8-f2a8be02fc\/texture_draft_render_v001_nouv_800.png?t=xoxe-164979811042-1081742544354-1080362743317-fee6284c0ee20406565ca4cadf37d845",
                "thumb_800_w": 800,
                "thumb_800_h": 450,
                "thumb_960": "https:\/\/files.slack.com\/files-tmb\/T4UUTPV18-FPWV9AXR8-f2a8be02fc\/texture_draft_render_v001_nouv_960.png?t=xoxe-164979811042-1081742544354-1080362743317-fee6284c0ee20406565ca4cadf37d845",
                "thumb_960_w": 960,
                "thumb_960_h": 540,
                "thumb_1024": "https:\/\/files.slack.com\/files-tmb\/T4UUTPV18-FPWV9AXR8-f2a8be02fc\/texture_draft_render_v001_nouv_1024.png?t=xoxe-164979811042-1081742544354-1080362743317-fee6284c0ee20406565ca4cadf37d845",
                "thumb_1024_w": 1024,
                "thumb_1024_h": 576,
                "image_exif_rotation": 1,
                "original_w": 1920,
                "original_h": 1080,
                "thumb_tiny": "AwAbADBuaUMPWoCygcMTTfMPpSAnkYiNzxweKQMT144pgcvkcYp5Ix0pDH+9JuANIDxweDTXGckABvWhMLFfBHam5q5IihSQMH2qBQGPIzTTuAxHKnNSGQspwtROArECnx9fzpMBwcBR14qVFDrkEioB\/qj9asW\/+qpMZ\/\/Z",
                "permalink": "https:\/\/prospela.slack.com\/files\/U6D2VCN07\/FPWV9AXR8\/texture_draft_render_v001_nouv.png",
                "permalink_public": "https:\/\/slack-files.com\/T4UUTPV18-FPWV9AXR8-2140ad8867",
                "is_starred": false,
                "has_rich_preview": false
            }
        ],
        "upload": true,
        "user": "U6D2VCN07",
        "display_as_bot": false,
        "ts": "1573146300.003600"
    },
    {
        "type": "message",
        "subtype": "bot_message",
        "text": "These are some rough renders and blockouts, still need to texture n do proper lookdev",
        "ts": "1573146303.003900",
        "username": "Cas Van Den Bergh (Prospela Students (beta))",
        "icons": {
            "image_48": "https:\/\/s3-us-west-2.amazonaws.com\/slack-files2\/bot_icons\/2019-11-07\/817864028225_48.png"
        },
        "bot_id": "B6CS60LDU"
    },
    {
        "type": "message",
        "text": "",
        "files": [
            {
                "id": "FQ1RE4U81",
                "created": 1573146307,
                "timestamp": 1573146307,
                "name": "texture_draft_render_v002_noUV.jpg",
                "title": "texture draft render v002 noUV",
                "mimetype": "image\/jpeg",
                "filetype": "jpg",
                "pretty_type": "JPEG",
                "user": "U6D2VCN07",
                "editable": false,
                "size": 988091,
                "mode": "hosted",
                "is_external": false,
                "external_type": "",
                "is_public": true,
                "public_url_shared": false,
                "display_as_bot": false,
                "username": "",
                "url_private": "https:\/\/files.slack.com\/files-pri\/T4UUTPV18-FQ1RE4U81\/texture_draft_render_v002_nouv.jpg?t=xoxe-164979811042-1081742544354-1080362743317-fee6284c0ee20406565ca4cadf37d845",
                "url_private_download": "https:\/\/files.slack.com\/files-pri\/T4UUTPV18-FQ1RE4U81\/download\/texture_draft_render_v002_nouv.jpg?t=xoxe-164979811042-1081742544354-1080362743317-fee6284c0ee20406565ca4cadf37d845",
                "thumb_64": "https:\/\/files.slack.com\/files-tmb\/T4UUTPV18-FQ1RE4U81-c7372d943d\/texture_draft_render_v002_nouv_64.jpg?t=xoxe-164979811042-1081742544354-1080362743317-fee6284c0ee20406565ca4cadf37d845",
                "thumb_80": "https:\/\/files.slack.com\/files-tmb\/T4UUTPV18-FQ1RE4U81-c7372d943d\/texture_draft_render_v002_nouv_80.jpg?t=xoxe-164979811042-1081742544354-1080362743317-fee6284c0ee20406565ca4cadf37d845",
                "thumb_360": "https:\/\/files.slack.com\/files-tmb\/T4UUTPV18-FQ1RE4U81-c7372d943d\/texture_draft_render_v002_nouv_360.jpg?t=xoxe-164979811042-1081742544354-1080362743317-fee6284c0ee20406565ca4cadf37d845",
                "thumb_360_w": 360,
                "thumb_360_h": 203,
                "thumb_480": "https:\/\/files.slack.com\/files-tmb\/T4UUTPV18-FQ1RE4U81-c7372d943d\/texture_draft_render_v002_nouv_480.jpg?t=xoxe-164979811042-1081742544354-1080362743317-fee6284c0ee20406565ca4cadf37d845",
                "thumb_480_w": 480,
                "thumb_480_h": 270,
                "thumb_160": "https:\/\/files.slack.com\/files-tmb\/T4UUTPV18-FQ1RE4U81-c7372d943d\/texture_draft_render_v002_nouv_160.jpg?t=xoxe-164979811042-1081742544354-1080362743317-fee6284c0ee20406565ca4cadf37d845",
                "thumb_720": "https:\/\/files.slack.com\/files-tmb\/T4UUTPV18-FQ1RE4U81-c7372d943d\/texture_draft_render_v002_nouv_720.jpg?t=xoxe-164979811042-1081742544354-1080362743317-fee6284c0ee20406565ca4cadf37d845",
                "thumb_720_w": 720,
                "thumb_720_h": 405,
                "thumb_800": "https:\/\/files.slack.com\/files-tmb\/T4UUTPV18-FQ1RE4U81-c7372d943d\/texture_draft_render_v002_nouv_800.jpg?t=xoxe-164979811042-1081742544354-1080362743317-fee6284c0ee20406565ca4cadf37d845",
                "thumb_800_w": 800,
                "thumb_800_h": 450,
                "thumb_960": "https:\/\/files.slack.com\/files-tmb\/T4UUTPV18-FQ1RE4U81-c7372d943d\/texture_draft_render_v002_nouv_960.jpg?t=xoxe-164979811042-1081742544354-1080362743317-fee6284c0ee20406565ca4cadf37d845",
                "thumb_960_w": 960,
                "thumb_960_h": 540,
                "thumb_1024": "https:\/\/files.slack.com\/files-tmb\/T4UUTPV18-FQ1RE4U81-c7372d943d\/texture_draft_render_v002_nouv_1024.jpg?t=xoxe-164979811042-1081742544354-1080362743317-fee6284c0ee20406565ca4cadf37d845",
                "thumb_1024_w": 1024,
                "thumb_1024_h": 576,
                "image_exif_rotation": 1,
                "original_w": 1920,
                "original_h": 1080,
                "thumb_tiny": "AwAbADCjk04KSeeBS429KGbI9fekMWNQGz14oZS0hI6ZpqnJqTcFGD0oAa\/KufVsVDVkqCuPQk1CwH8NCARjk5pCe1D\/AHvwptMQ5TzxUpJYDJwO9RqBgfjTl+\/SYyQHacE\/So257g0+MZXB5qPuaEB\/\/9k=",
                "permalink": "https:\/\/prospela.slack.com\/files\/U6D2VCN07\/FQ1RE4U81\/texture_draft_render_v002_nouv.jpg",
                "permalink_public": "https:\/\/slack-files.com\/T4UUTPV18-FQ1RE4U81-92d3e884f1",
                "is_starred": false,
                "has_rich_preview": false
            }
        ],
        "upload": true,
        "user": "U6D2VCN07",
        "display_as_bot": false,
        "ts": "1573146310.004000"
    },
    {
        "type": "message",
        "text": "",
        "files": [
            {
                "id": "FQ9P1MY3S",
                "created": 1573146309,
                "timestamp": 1573146309,
                "name": "texture_draft_render_v002_noUV.jpg",
                "title": "texture draft render v002 noUV",
                "mimetype": "image\/jpeg",
                "filetype": "jpg",
                "pretty_type": "JPEG",
                "user": "U6D2VCN07",
                "editable": false,
                "size": 988091,
                "mode": "hosted",
                "is_external": false,
                "external_type": "",
                "is_public": true,
                "public_url_shared": false,
                "display_as_bot": false,
                "username": "",
                "url_private": "https:\/\/files.slack.com\/files-pri\/T4UUTPV18-FQ9P1MY3S\/texture_draft_render_v002_nouv.jpg?t=xoxe-164979811042-1081742544354-1080362743317-fee6284c0ee20406565ca4cadf37d845",
                "url_private_download": "https:\/\/files.slack.com\/files-pri\/T4UUTPV18-FQ9P1MY3S\/download\/texture_draft_render_v002_nouv.jpg?t=xoxe-164979811042-1081742544354-1080362743317-fee6284c0ee20406565ca4cadf37d845",
                "thumb_64": "https:\/\/files.slack.com\/files-tmb\/T4UUTPV18-FQ9P1MY3S-590c790fd1\/texture_draft_render_v002_nouv_64.jpg?t=xoxe-164979811042-1081742544354-1080362743317-fee6284c0ee20406565ca4cadf37d845",
                "thumb_80": "https:\/\/files.slack.com\/files-tmb\/T4UUTPV18-FQ9P1MY3S-590c790fd1\/texture_draft_render_v002_nouv_80.jpg?t=xoxe-164979811042-1081742544354-1080362743317-fee6284c0ee20406565ca4cadf37d845",
                "thumb_360": "https:\/\/files.slack.com\/files-tmb\/T4UUTPV18-FQ9P1MY3S-590c790fd1\/texture_draft_render_v002_nouv_360.jpg?t=xoxe-164979811042-1081742544354-1080362743317-fee6284c0ee20406565ca4cadf37d845",
                "thumb_360_w": 360,
                "thumb_360_h": 203,
                "thumb_480": "https:\/\/files.slack.com\/files-tmb\/T4UUTPV18-FQ9P1MY3S-590c790fd1\/texture_draft_render_v002_nouv_480.jpg?t=xoxe-164979811042-1081742544354-1080362743317-fee6284c0ee20406565ca4cadf37d845",
                "thumb_480_w": 480,
                "thumb_480_h": 270,
                "thumb_160": "https:\/\/files.slack.com\/files-tmb\/T4UUTPV18-FQ9P1MY3S-590c790fd1\/texture_draft_render_v002_nouv_160.jpg?t=xoxe-164979811042-1081742544354-1080362743317-fee6284c0ee20406565ca4cadf37d845",
                "thumb_720": "https:\/\/files.slack.com\/files-tmb\/T4UUTPV18-FQ9P1MY3S-590c790fd1\/texture_draft_render_v002_nouv_720.jpg?t=xoxe-164979811042-1081742544354-1080362743317-fee6284c0ee20406565ca4cadf37d845",
                "thumb_720_w": 720,
                "thumb_720_h": 405,
                "thumb_800": "https:\/\/files.slack.com\/files-tmb\/T4UUTPV18-FQ9P1MY3S-590c790fd1\/texture_draft_render_v002_nouv_800.jpg?t=xoxe-164979811042-1081742544354-1080362743317-fee6284c0ee20406565ca4cadf37d845",
                "thumb_800_w": 800,
                "thumb_800_h": 450,
                "thumb_960": "https:\/\/files.slack.com\/files-tmb\/T4UUTPV18-FQ9P1MY3S-590c790fd1\/texture_draft_render_v002_nouv_960.jpg?t=xoxe-164979811042-1081742544354-1080362743317-fee6284c0ee20406565ca4cadf37d845",
                "thumb_960_w": 960,
                "thumb_960_h": 540,
                "thumb_1024": "https:\/\/files.slack.com\/files-tmb\/T4UUTPV18-FQ9P1MY3S-590c790fd1\/texture_draft_render_v002_nouv_1024.jpg?t=xoxe-164979811042-1081742544354-1080362743317-fee6284c0ee20406565ca4cadf37d845",
                "thumb_1024_w": 1024,
                "thumb_1024_h": 576,
                "image_exif_rotation": 1,
                "original_w": 1920,
                "original_h": 1080,
                "thumb_tiny": "AwAbADCjk04KSeeBS429KGbI9fekMWNQGz14oZS0hI6ZpqnJqTcFGD0oAa\/KufVsVDVkqCuPQk1CwH8NCARjk5pCe1D\/AHvwptMQ5TzxUpJYDJwO9RqBgfjTl+\/SYyQHacE\/So257g0+MZXB5qPuaEB\/\/9k=",
                "permalink": "https:\/\/prospela.slack.com\/files\/U6D2VCN07\/FQ9P1MY3S\/texture_draft_render_v002_nouv.jpg",
                "permalink_public": "https:\/\/slack-files.com\/T4UUTPV18-FQ9P1MY3S-dfeab89cce",
                "is_starred": false,
                "has_rich_preview": false
            }
        ],
        "upload": true,
        "user": "U6D2VCN07",
        "display_as_bot": false,
        "ts": "1573146313.004300"
    },
    {
        "type": "message",
        "text": "",
        "files": [
            {
                "id": "FQ99D68TE",
                "created": 1573146309,
                "timestamp": 1573146309,
                "name": "wireframe_render_v001.png",
                "title": "wireframe render v001",
                "mimetype": "image\/png",
                "filetype": "png",
                "pretty_type": "PNG",
                "user": "U6D2VCN07",
                "editable": false,
                "size": 1030945,
                "mode": "hosted",
                "is_external": false,
                "external_type": "",
                "is_public": true,
                "public_url_shared": false,
                "display_as_bot": false,
                "username": "",
                "url_private": "https:\/\/files.slack.com\/files-pri\/T4UUTPV18-FQ99D68TE\/wireframe_render_v001.png?t=xoxe-164979811042-1081742544354-1080362743317-fee6284c0ee20406565ca4cadf37d845",
                "url_private_download": "https:\/\/files.slack.com\/files-pri\/T4UUTPV18-FQ99D68TE\/download\/wireframe_render_v001.png?t=xoxe-164979811042-1081742544354-1080362743317-fee6284c0ee20406565ca4cadf37d845",
                "thumb_64": "https:\/\/files.slack.com\/files-tmb\/T4UUTPV18-FQ99D68TE-627609ea56\/wireframe_render_v001_64.png?t=xoxe-164979811042-1081742544354-1080362743317-fee6284c0ee20406565ca4cadf37d845",
                "thumb_80": "https:\/\/files.slack.com\/files-tmb\/T4UUTPV18-FQ99D68TE-627609ea56\/wireframe_render_v001_80.png?t=xoxe-164979811042-1081742544354-1080362743317-fee6284c0ee20406565ca4cadf37d845",
                "thumb_360": "https:\/\/files.slack.com\/files-tmb\/T4UUTPV18-FQ99D68TE-627609ea56\/wireframe_render_v001_360.png?t=xoxe-164979811042-1081742544354-1080362743317-fee6284c0ee20406565ca4cadf37d845",
                "thumb_360_w": 360,
                "thumb_360_h": 203,
                "thumb_480": "https:\/\/files.slack.com\/files-tmb\/T4UUTPV18-FQ99D68TE-627609ea56\/wireframe_render_v001_480.png?t=xoxe-164979811042-1081742544354-1080362743317-fee6284c0ee20406565ca4cadf37d845",
                "thumb_480_w": 480,
                "thumb_480_h": 270,
                "thumb_160": "https:\/\/files.slack.com\/files-tmb\/T4UUTPV18-FQ99D68TE-627609ea56\/wireframe_render_v001_160.png?t=xoxe-164979811042-1081742544354-1080362743317-fee6284c0ee20406565ca4cadf37d845",
                "thumb_720": "https:\/\/files.slack.com\/files-tmb\/T4UUTPV18-FQ99D68TE-627609ea56\/wireframe_render_v001_720.png?t=xoxe-164979811042-1081742544354-1080362743317-fee6284c0ee20406565ca4cadf37d845",
                "thumb_720_w": 720,
                "thumb_720_h": 405,
                "thumb_800": "https:\/\/files.slack.com\/files-tmb\/T4UUTPV18-FQ99D68TE-627609ea56\/wireframe_render_v001_800.png?t=xoxe-164979811042-1081742544354-1080362743317-fee6284c0ee20406565ca4cadf37d845",
                "thumb_800_w": 800,
                "thumb_800_h": 450,
                "thumb_960": "https:\/\/files.slack.com\/files-tmb\/T4UUTPV18-FQ99D68TE-627609ea56\/wireframe_render_v001_960.png?t=xoxe-164979811042-1081742544354-1080362743317-fee6284c0ee20406565ca4cadf37d845",
                "thumb_960_w": 960,
                "thumb_960_h": 540,
                "thumb_1024": "https:\/\/files.slack.com\/files-tmb\/T4UUTPV18-FQ99D68TE-627609ea56\/wireframe_render_v001_1024.png?t=xoxe-164979811042-1081742544354-1080362743317-fee6284c0ee20406565ca4cadf37d845",
                "thumb_1024_w": 1024,
                "thumb_1024_h": 576,
                "image_exif_rotation": 1,
                "original_w": 1920,
                "original_h": 1080,
                "thumb_tiny": "AwAbADDMpUXcwHrV77DHnAZj+FPjhSH7q5yM\/NQBJ9nSONogBjucf1qvBBs3nByUOP1\/pVssc5OfzozuGCuBigClNCWtICiFmx2\/GqrRSIMsjAe4rWyyrw3A7CmunmqQ4zn1oAcCcgg9KV9kYBdgB70jqAMgVEUWT74zjpmgAhuopGVSxQn1AwDUzuBatMjgqBx8tZU6hJCFGBTQ7KpUMQG6j1oAsm\/kLZ2JjPTFX4ttxHuQ7RnFYta+lf8AHqf98\/0oA\/\/Z",
                "permalink": "https:\/\/prospela.slack.com\/files\/U6D2VCN07\/FQ99D68TE\/wireframe_render_v001.png",
                "permalink_public": "https:\/\/slack-files.com\/T4UUTPV18-FQ99D68TE-a5442e1f40",
                "is_starred": false,
                "has_rich_preview": false
            }
        ],
        "upload": true,
        "user": "U6D2VCN07",
        "display_as_bot": false,
        "ts": "1573146314.004600"
    },
    {
        "type": "message",
        "text": "",
        "files": [
            {
                "id": "FQ9P1PVBJ",
                "created": 1573146311,
                "timestamp": 1573146311,
                "name": "wireframe_render_v002.png",
                "title": "wireframe render v002",
                "mimetype": "image\/png",
                "filetype": "png",
                "pretty_type": "PNG",
                "user": "U6D2VCN07",
                "editable": false,
                "size": 1172269,
                "mode": "hosted",
                "is_external": false,
                "external_type": "",
                "is_public": true,
                "public_url_shared": false,
                "display_as_bot": false,
                "username": "",
                "url_private": "https:\/\/files.slack.com\/files-pri\/T4UUTPV18-FQ9P1PVBJ\/wireframe_render_v002.png?t=xoxe-164979811042-1081742544354-1080362743317-fee6284c0ee20406565ca4cadf37d845",
                "url_private_download": "https:\/\/files.slack.com\/files-pri\/T4UUTPV18-FQ9P1PVBJ\/download\/wireframe_render_v002.png?t=xoxe-164979811042-1081742544354-1080362743317-fee6284c0ee20406565ca4cadf37d845",
                "thumb_64": "https:\/\/files.slack.com\/files-tmb\/T4UUTPV18-FQ9P1PVBJ-d1c07dd6a1\/wireframe_render_v002_64.png?t=xoxe-164979811042-1081742544354-1080362743317-fee6284c0ee20406565ca4cadf37d845",
                "thumb_80": "https:\/\/files.slack.com\/files-tmb\/T4UUTPV18-FQ9P1PVBJ-d1c07dd6a1\/wireframe_render_v002_80.png?t=xoxe-164979811042-1081742544354-1080362743317-fee6284c0ee20406565ca4cadf37d845",
                "thumb_360": "https:\/\/files.slack.com\/files-tmb\/T4UUTPV18-FQ9P1PVBJ-d1c07dd6a1\/wireframe_render_v002_360.png?t=xoxe-164979811042-1081742544354-1080362743317-fee6284c0ee20406565ca4cadf37d845",
                "thumb_360_w": 360,
                "thumb_360_h": 203,
                "thumb_480": "https:\/\/files.slack.com\/files-tmb\/T4UUTPV18-FQ9P1PVBJ-d1c07dd6a1\/wireframe_render_v002_480.png?t=xoxe-164979811042-1081742544354-1080362743317-fee6284c0ee20406565ca4cadf37d845",
                "thumb_480_w": 480,
                "thumb_480_h": 270,
                "thumb_160": "https:\/\/files.slack.com\/files-tmb\/T4UUTPV18-FQ9P1PVBJ-d1c07dd6a1\/wireframe_render_v002_160.png?t=xoxe-164979811042-1081742544354-1080362743317-fee6284c0ee20406565ca4cadf37d845",
                "thumb_720": "https:\/\/files.slack.com\/files-tmb\/T4UUTPV18-FQ9P1PVBJ-d1c07dd6a1\/wireframe_render_v002_720.png?t=xoxe-164979811042-1081742544354-1080362743317-fee6284c0ee20406565ca4cadf37d845",
                "thumb_720_w": 720,
                "thumb_720_h": 405,
                "thumb_800": "https:\/\/files.slack.com\/files-tmb\/T4UUTPV18-FQ9P1PVBJ-d1c07dd6a1\/wireframe_render_v002_800.png?t=xoxe-164979811042-1081742544354-1080362743317-fee6284c0ee20406565ca4cadf37d845",
                "thumb_800_w": 800,
                "thumb_800_h": 450,
                "thumb_960": "https:\/\/files.slack.com\/files-tmb\/T4UUTPV18-FQ9P1PVBJ-d1c07dd6a1\/wireframe_render_v002_960.png?t=xoxe-164979811042-1081742544354-1080362743317-fee6284c0ee20406565ca4cadf37d845",
                "thumb_960_w": 960,
                "thumb_960_h": 540,
                "thumb_1024": "https:\/\/files.slack.com\/files-tmb\/T4UUTPV18-FQ9P1PVBJ-d1c07dd6a1\/wireframe_render_v002_1024.png?t=xoxe-164979811042-1081742544354-1080362743317-fee6284c0ee20406565ca4cadf37d845",
                "thumb_1024_w": 1024,
                "thumb_1024_h": 576,
                "image_exif_rotation": 1,
                "original_w": 1920,
                "original_h": 1080,
                "thumb_tiny": "AwAbADDMAycDrUrW0ygExnB9Oa0orSOE7lBLepqQkBf5mgCjaW5Rt8nBxwKtlASSRnI6GnZBP3evehkwvGMUAVbzAgPy8lu1Z9bWxWGCuQR+BqpdWa7S8XGBkigC8cd\/wqtLdRxZHVx2qDUJXWcoGIXAOBVKgCY3UhmMmevUdqmkvMxLsADHrVOigDZglEse8Kc+3apMEnJBHuaz9PYjeM9MYq9OxFq5zztNAH\/\/2Q==",
                "permalink": "https:\/\/prospela.slack.com\/files\/U6D2VCN07\/FQ9P1PVBJ\/wireframe_render_v002.png",
                "permalink_public": "https:\/\/slack-files.com\/T4UUTPV18-FQ9P1PVBJ-7ca0aee6ec",
                "is_starred": false,
                "has_rich_preview": false
            }
        ],
        "upload": true,
        "user": "U6D2VCN07",
        "display_as_bot": false,
        "ts": "1573146316.004900"
    },
    {
        "type": "message",
        "text": "",
        "files": [
            {
                "id": "FQ9P9ESP7",
                "created": 1573146316,
                "timestamp": 1573146316,
                "name": "texture_draft_render_v002_noUV.jpg",
                "title": "texture draft render v002 noUV",
                "mimetype": "image\/jpeg",
                "filetype": "jpg",
                "pretty_type": "JPEG",
                "user": "U6D2VCN07",
                "editable": false,
                "size": 988091,
                "mode": "hosted",
                "is_external": false,
                "external_type": "",
                "is_public": true,
                "public_url_shared": false,
                "display_as_bot": false,
                "username": "",
                "url_private": "https:\/\/files.slack.com\/files-pri\/T4UUTPV18-FQ9P9ESP7\/texture_draft_render_v002_nouv.jpg?t=xoxe-164979811042-1081742544354-1080362743317-fee6284c0ee20406565ca4cadf37d845",
                "url_private_download": "https:\/\/files.slack.com\/files-pri\/T4UUTPV18-FQ9P9ESP7\/download\/texture_draft_render_v002_nouv.jpg?t=xoxe-164979811042-1081742544354-1080362743317-fee6284c0ee20406565ca4cadf37d845",
                "thumb_64": "https:\/\/files.slack.com\/files-tmb\/T4UUTPV18-FQ9P9ESP7-65d44d70e3\/texture_draft_render_v002_nouv_64.jpg?t=xoxe-164979811042-1081742544354-1080362743317-fee6284c0ee20406565ca4cadf37d845",
                "thumb_80": "https:\/\/files.slack.com\/files-tmb\/T4UUTPV18-FQ9P9ESP7-65d44d70e3\/texture_draft_render_v002_nouv_80.jpg?t=xoxe-164979811042-1081742544354-1080362743317-fee6284c0ee20406565ca4cadf37d845",
                "thumb_360": "https:\/\/files.slack.com\/files-tmb\/T4UUTPV18-FQ9P9ESP7-65d44d70e3\/texture_draft_render_v002_nouv_360.jpg?t=xoxe-164979811042-1081742544354-1080362743317-fee6284c0ee20406565ca4cadf37d845",
                "thumb_360_w": 360,
                "thumb_360_h": 203,
                "thumb_480": "https:\/\/files.slack.com\/files-tmb\/T4UUTPV18-FQ9P9ESP7-65d44d70e3\/texture_draft_render_v002_nouv_480.jpg?t=xoxe-164979811042-1081742544354-1080362743317-fee6284c0ee20406565ca4cadf37d845",
                "thumb_480_w": 480,
                "thumb_480_h": 270,
                "thumb_160": "https:\/\/files.slack.com\/files-tmb\/T4UUTPV18-FQ9P9ESP7-65d44d70e3\/texture_draft_render_v002_nouv_160.jpg?t=xoxe-164979811042-1081742544354-1080362743317-fee6284c0ee20406565ca4cadf37d845",
                "thumb_720": "https:\/\/files.slack.com\/files-tmb\/T4UUTPV18-FQ9P9ESP7-65d44d70e3\/texture_draft_render_v002_nouv_720.jpg?t=xoxe-164979811042-1081742544354-1080362743317-fee6284c0ee20406565ca4cadf37d845",
                "thumb_720_w": 720,
                "thumb_720_h": 405,
                "thumb_800": "https:\/\/files.slack.com\/files-tmb\/T4UUTPV18-FQ9P9ESP7-65d44d70e3\/texture_draft_render_v002_nouv_800.jpg?t=xoxe-164979811042-1081742544354-1080362743317-fee6284c0ee20406565ca4cadf37d845",
                "thumb_800_w": 800,
                "thumb_800_h": 450,
                "thumb_960": "https:\/\/files.slack.com\/files-tmb\/T4UUTPV18-FQ9P9ESP7-65d44d70e3\/texture_draft_render_v002_nouv_960.jpg?t=xoxe-164979811042-1081742544354-1080362743317-fee6284c0ee20406565ca4cadf37d845",
                "thumb_960_w": 960,
                "thumb_960_h": 540,
                "thumb_1024": "https:\/\/files.slack.com\/files-tmb\/T4UUTPV18-FQ9P9ESP7-65d44d70e3\/texture_draft_render_v002_nouv_1024.jpg?t=xoxe-164979811042-1081742544354-1080362743317-fee6284c0ee20406565ca4cadf37d845",
                "thumb_1024_w": 1024,
                "thumb_1024_h": 576,
                "image_exif_rotation": 1,
                "original_w": 1920,
                "original_h": 1080,
                "thumb_tiny": "AwAbADCjk04KSeeBS429KGbI9fekMWNQGz14oZS0hI6ZpqnJqTcFGD0oAa\/KufVsVDVkqCuPQk1CwH8NCARjk5pCe1D\/AHvwptMQ5TzxUpJYDJwO9RqBgfjTl+\/SYyQHacE\/So257g0+MZXB5qPuaEB\/\/9k=",
                "permalink": "https:\/\/prospela.slack.com\/files\/U6D2VCN07\/FQ9P9ESP7\/texture_draft_render_v002_nouv.jpg",
                "permalink_public": "https:\/\/slack-files.com\/T4UUTPV18-FQ9P9ESP7-5c46356068",
                "is_starred": false,
                "has_rich_preview": false
            }
        ],
        "upload": true,
        "user": "U6D2VCN07",
        "display_as_bot": false,
        "ts": "1573146321.005200"
    },
    {
        "type": "message",
        "text": "",
        "files": [
            {
                "id": "FQ1REDAKT",
                "created": 1573146318,
                "timestamp": 1573146318,
                "name": "wireframe_render_v002.png",
                "title": "wireframe render v002",
                "mimetype": "image\/png",
                "filetype": "png",
                "pretty_type": "PNG",
                "user": "U6D2VCN07",
                "editable": false,
                "size": 1172269,
                "mode": "hosted",
                "is_external": false,
                "external_type": "",
                "is_public": true,
                "public_url_shared": false,
                "display_as_bot": false,
                "username": "",
                "url_private": "https:\/\/files.slack.com\/files-pri\/T4UUTPV18-FQ1REDAKT\/wireframe_render_v002.png?t=xoxe-164979811042-1081742544354-1080362743317-fee6284c0ee20406565ca4cadf37d845",
                "url_private_download": "https:\/\/files.slack.com\/files-pri\/T4UUTPV18-FQ1REDAKT\/download\/wireframe_render_v002.png?t=xoxe-164979811042-1081742544354-1080362743317-fee6284c0ee20406565ca4cadf37d845",
                "thumb_64": "https:\/\/files.slack.com\/files-tmb\/T4UUTPV18-FQ1REDAKT-d25431619c\/wireframe_render_v002_64.png?t=xoxe-164979811042-1081742544354-1080362743317-fee6284c0ee20406565ca4cadf37d845",
                "thumb_80": "https:\/\/files.slack.com\/files-tmb\/T4UUTPV18-FQ1REDAKT-d25431619c\/wireframe_render_v002_80.png?t=xoxe-164979811042-1081742544354-1080362743317-fee6284c0ee20406565ca4cadf37d845",
                "thumb_360": "https:\/\/files.slack.com\/files-tmb\/T4UUTPV18-FQ1REDAKT-d25431619c\/wireframe_render_v002_360.png?t=xoxe-164979811042-1081742544354-1080362743317-fee6284c0ee20406565ca4cadf37d845",
                "thumb_360_w": 360,
                "thumb_360_h": 203,
                "thumb_480": "https:\/\/files.slack.com\/files-tmb\/T4UUTPV18-FQ1REDAKT-d25431619c\/wireframe_render_v002_480.png?t=xoxe-164979811042-1081742544354-1080362743317-fee6284c0ee20406565ca4cadf37d845",
                "thumb_480_w": 480,
                "thumb_480_h": 270,
                "thumb_160": "https:\/\/files.slack.com\/files-tmb\/T4UUTPV18-FQ1REDAKT-d25431619c\/wireframe_render_v002_160.png?t=xoxe-164979811042-1081742544354-1080362743317-fee6284c0ee20406565ca4cadf37d845",
                "thumb_720": "https:\/\/files.slack.com\/files-tmb\/T4UUTPV18-FQ1REDAKT-d25431619c\/wireframe_render_v002_720.png?t=xoxe-164979811042-1081742544354-1080362743317-fee6284c0ee20406565ca4cadf37d845",
                "thumb_720_w": 720,
                "thumb_720_h": 405,
                "thumb_800": "https:\/\/files.slack.com\/files-tmb\/T4UUTPV18-FQ1REDAKT-d25431619c\/wireframe_render_v002_800.png?t=xoxe-164979811042-1081742544354-1080362743317-fee6284c0ee20406565ca4cadf37d845",
                "thumb_800_w": 800,
                "thumb_800_h": 450,
                "thumb_960": "https:\/\/files.slack.com\/files-tmb\/T4UUTPV18-FQ1REDAKT-d25431619c\/wireframe_render_v002_960.png?t=xoxe-164979811042-1081742544354-1080362743317-fee6284c0ee20406565ca4cadf37d845",
                "thumb_960_w": 960,
                "thumb_960_h": 540,
                "thumb_1024": "https:\/\/files.slack.com\/files-tmb\/T4UUTPV18-FQ1REDAKT-d25431619c\/wireframe_render_v002_1024.png?t=xoxe-164979811042-1081742544354-1080362743317-fee6284c0ee20406565ca4cadf37d845",
                "thumb_1024_w": 1024,
                "thumb_1024_h": 576,
                "image_exif_rotation": 1,
                "original_w": 1920,
                "original_h": 1080,
                "thumb_tiny": "AwAbADDMAycDrUrW0ygExnB9Oa0orSOE7lBLepqQkBf5mgCjaW5Rt8nBxwKtlASSRnI6GnZBP3evehkwvGMUAVbzAgPy8lu1Z9bWxWGCuQR+BqpdWa7S8XGBkigC8cd\/wqtLdRxZHVx2qDUJXWcoGIXAOBVKgCY3UhmMmevUdqmkvMxLsADHrVOigDZglEse8Kc+3apMEnJBHuaz9PYjeM9MYq9OxFq5zztNAH\/\/2Q==",
                "permalink": "https:\/\/prospela.slack.com\/files\/U6D2VCN07\/FQ1REDAKT\/wireframe_render_v002.png",
                "permalink_public": "https:\/\/slack-files.com\/T4UUTPV18-FQ1REDAKT-46182ee47c",
                "is_starred": false,
                "has_rich_preview": false
            }
        ],
        "upload": true,
        "user": "U6D2VCN07",
        "display_as_bot": false,
        "ts": "1573146322.005500"
    },
    {
        "type": "message",
        "text": "",
        "files": [
            {
                "id": "FPWVDABPC",
                "created": 1573146425,
                "timestamp": 1573146425,
                "name": "Space_ship_angle1_v001.png",
                "title": "Space ship angle1 v001",
                "mimetype": "image\/png",
                "filetype": "png",
                "pretty_type": "PNG",
                "user": "U6D2VCN07",
                "editable": false,
                "size": 683636,
                "mode": "hosted",
                "is_external": false,
                "external_type": "",
                "is_public": true,
                "public_url_shared": false,
                "display_as_bot": false,
                "username": "",
                "url_private": "https:\/\/files.slack.com\/files-pri\/T4UUTPV18-FPWVDABPC\/space_ship_angle1_v001.png?t=xoxe-164979811042-1081742544354-1080362743317-fee6284c0ee20406565ca4cadf37d845",
                "url_private_download": "https:\/\/files.slack.com\/files-pri\/T4UUTPV18-FPWVDABPC\/download\/space_ship_angle1_v001.png?t=xoxe-164979811042-1081742544354-1080362743317-fee6284c0ee20406565ca4cadf37d845",
                "thumb_64": "https:\/\/files.slack.com\/files-tmb\/T4UUTPV18-FPWVDABPC-873ca7d451\/space_ship_angle1_v001_64.png?t=xoxe-164979811042-1081742544354-1080362743317-fee6284c0ee20406565ca4cadf37d845",
                "thumb_80": "https:\/\/files.slack.com\/files-tmb\/T4UUTPV18-FPWVDABPC-873ca7d451\/space_ship_angle1_v001_80.png?t=xoxe-164979811042-1081742544354-1080362743317-fee6284c0ee20406565ca4cadf37d845",
                "thumb_360": "https:\/\/files.slack.com\/files-tmb\/T4UUTPV18-FPWVDABPC-873ca7d451\/space_ship_angle1_v001_360.png?t=xoxe-164979811042-1081742544354-1080362743317-fee6284c0ee20406565ca4cadf37d845",
                "thumb_360_w": 360,
                "thumb_360_h": 203,
                "thumb_480": "https:\/\/files.slack.com\/files-tmb\/T4UUTPV18-FPWVDABPC-873ca7d451\/space_ship_angle1_v001_480.png?t=xoxe-164979811042-1081742544354-1080362743317-fee6284c0ee20406565ca4cadf37d845",
                "thumb_480_w": 480,
                "thumb_480_h": 270,
                "thumb_160": "https:\/\/files.slack.com\/files-tmb\/T4UUTPV18-FPWVDABPC-873ca7d451\/space_ship_angle1_v001_160.png?t=xoxe-164979811042-1081742544354-1080362743317-fee6284c0ee20406565ca4cadf37d845",
                "thumb_720": "https:\/\/files.slack.com\/files-tmb\/T4UUTPV18-FPWVDABPC-873ca7d451\/space_ship_angle1_v001_720.png?t=xoxe-164979811042-1081742544354-1080362743317-fee6284c0ee20406565ca4cadf37d845",
                "thumb_720_w": 720,
                "thumb_720_h": 405,
                "thumb_800": "https:\/\/files.slack.com\/files-tmb\/T4UUTPV18-FPWVDABPC-873ca7d451\/space_ship_angle1_v001_800.png?t=xoxe-164979811042-1081742544354-1080362743317-fee6284c0ee20406565ca4cadf37d845",
                "thumb_800_w": 800,
                "thumb_800_h": 450,
                "thumb_960": "https:\/\/files.slack.com\/files-tmb\/T4UUTPV18-FPWVDABPC-873ca7d451\/space_ship_angle1_v001_960.png?t=xoxe-164979811042-1081742544354-1080362743317-fee6284c0ee20406565ca4cadf37d845",
                "thumb_960_w": 960,
                "thumb_960_h": 540,
                "thumb_1024": "https:\/\/files.slack.com\/files-tmb\/T4UUTPV18-FPWVDABPC-873ca7d451\/space_ship_angle1_v001_1024.png?t=xoxe-164979811042-1081742544354-1080362743317-fee6284c0ee20406565ca4cadf37d845",
                "thumb_1024_w": 1024,
                "thumb_1024_h": 576,
                "image_exif_rotation": 1,
                "original_w": 1920,
                "original_h": 1080,
                "thumb_tiny": "AwAbADDMooqe2g81stwi9aAHW9oZBvc7U\/U1ObWDaeG4OB83Wh50lZIUJAJ5I\/pSzyrCo6E\/wigCncRCJwATgjPNRUrMXYsxyT3pKACpmuGMCRKAqjrjvUNFAE9vLFCrMVLSHhfQVC7s7FmOSaSigAooooA\/\/9k=",
                "permalink": "https:\/\/prospela.slack.com\/files\/U6D2VCN07\/FPWVDABPC\/space_ship_angle1_v001.png",
                "permalink_public": "https:\/\/slack-files.com\/T4UUTPV18-FPWVDABPC-19f9edec08",
                "is_starred": false,
                "has_rich_preview": false
            }
        ],
        "upload": true,
        "user": "U6D2VCN07",
        "display_as_bot": false,
        "ts": "1573146430.005800"
    },
    {
        "type": "message",
        "text": "",
        "files": [
            {
                "id": "FQ99GNHUL",
                "created": 1573146426,
                "timestamp": 1573146426,
                "name": "Space_ship_angle2_v001.png",
                "title": "Space ship angle2 v001",
                "mimetype": "image\/png",
                "filetype": "png",
                "pretty_type": "PNG",
                "user": "U6D2VCN07",
                "editable": false,
                "size": 826979,
                "mode": "hosted",
                "is_external": false,
                "external_type": "",
                "is_public": true,
                "public_url_shared": false,
                "display_as_bot": false,
                "username": "",
                "url_private": "https:\/\/files.slack.com\/files-pri\/T4UUTPV18-FQ99GNHUL\/space_ship_angle2_v001.png?t=xoxe-164979811042-1081742544354-1080362743317-fee6284c0ee20406565ca4cadf37d845",
                "url_private_download": "https:\/\/files.slack.com\/files-pri\/T4UUTPV18-FQ99GNHUL\/download\/space_ship_angle2_v001.png?t=xoxe-164979811042-1081742544354-1080362743317-fee6284c0ee20406565ca4cadf37d845",
                "thumb_64": "https:\/\/files.slack.com\/files-tmb\/T4UUTPV18-FQ99GNHUL-4373576344\/space_ship_angle2_v001_64.png?t=xoxe-164979811042-1081742544354-1080362743317-fee6284c0ee20406565ca4cadf37d845",
                "thumb_80": "https:\/\/files.slack.com\/files-tmb\/T4UUTPV18-FQ99GNHUL-4373576344\/space_ship_angle2_v001_80.png?t=xoxe-164979811042-1081742544354-1080362743317-fee6284c0ee20406565ca4cadf37d845",
                "thumb_360": "https:\/\/files.slack.com\/files-tmb\/T4UUTPV18-FQ99GNHUL-4373576344\/space_ship_angle2_v001_360.png?t=xoxe-164979811042-1081742544354-1080362743317-fee6284c0ee20406565ca4cadf37d845",
                "thumb_360_w": 360,
                "thumb_360_h": 203,
                "thumb_480": "https:\/\/files.slack.com\/files-tmb\/T4UUTPV18-FQ99GNHUL-4373576344\/space_ship_angle2_v001_480.png?t=xoxe-164979811042-1081742544354-1080362743317-fee6284c0ee20406565ca4cadf37d845",
                "thumb_480_w": 480,
                "thumb_480_h": 270,
                "thumb_160": "https:\/\/files.slack.com\/files-tmb\/T4UUTPV18-FQ99GNHUL-4373576344\/space_ship_angle2_v001_160.png?t=xoxe-164979811042-1081742544354-1080362743317-fee6284c0ee20406565ca4cadf37d845",
                "thumb_720": "https:\/\/files.slack.com\/files-tmb\/T4UUTPV18-FQ99GNHUL-4373576344\/space_ship_angle2_v001_720.png?t=xoxe-164979811042-1081742544354-1080362743317-fee6284c0ee20406565ca4cadf37d845",
                "thumb_720_w": 720,
                "thumb_720_h": 405,
                "thumb_800": "https:\/\/files.slack.com\/files-tmb\/T4UUTPV18-FQ99GNHUL-4373576344\/space_ship_angle2_v001_800.png?t=xoxe-164979811042-1081742544354-1080362743317-fee6284c0ee20406565ca4cadf37d845",
                "thumb_800_w": 800,
                "thumb_800_h": 450,
                "thumb_960": "https:\/\/files.slack.com\/files-tmb\/T4UUTPV18-FQ99GNHUL-4373576344\/space_ship_angle2_v001_960.png?t=xoxe-164979811042-1081742544354-1080362743317-fee6284c0ee20406565ca4cadf37d845",
                "thumb_960_w": 960,
                "thumb_960_h": 540,
                "thumb_1024": "https:\/\/files.slack.com\/files-tmb\/T4UUTPV18-FQ99GNHUL-4373576344\/space_ship_angle2_v001_1024.png?t=xoxe-164979811042-1081742544354-1080362743317-fee6284c0ee20406565ca4cadf37d845",
                "thumb_1024_w": 1024,
                "thumb_1024_h": 576,
                "image_exif_rotation": 1,
                "original_w": 1920,
                "original_h": 1080,
                "thumb_tiny": "AwAbADDMooooAfGuUY+1Eow2R0NTwL8uMdjSTLkdO3FAFaiiigAooooAvxSL5bruHHNEjKFVS2Pr9KoAkdDQST1NABRRRQB\/\/9k=",
                "permalink": "https:\/\/prospela.slack.com\/files\/U6D2VCN07\/FQ99GNHUL\/space_ship_angle2_v001.png",
                "permalink_public": "https:\/\/slack-files.com\/T4UUTPV18-FQ99GNHUL-3713bcbe84",
                "is_starred": false,
                "has_rich_preview": false
            }
        ],
        "upload": true,
        "user": "U6D2VCN07",
        "display_as_bot": false,
        "ts": "1573146430.006100"
    },
    {
        "type": "message",
        "text": "",
        "files": [
            {
                "id": "FPY9A9P1R",
                "created": 1573146426,
                "timestamp": 1573146426,
                "name": "Space_ship_angle3_v001.png",
                "title": "Space ship angle3 v001",
                "mimetype": "image\/png",
                "filetype": "png",
                "pretty_type": "PNG",
                "user": "U6D2VCN07",
                "editable": false,
                "size": 1942185,
                "mode": "hosted",
                "is_external": false,
                "external_type": "",
                "is_public": true,
                "public_url_shared": false,
                "display_as_bot": false,
                "username": "",
                "url_private": "https:\/\/files.slack.com\/files-pri\/T4UUTPV18-FPY9A9P1R\/space_ship_angle3_v001.png?t=xoxe-164979811042-1081742544354-1080362743317-fee6284c0ee20406565ca4cadf37d845",
                "url_private_download": "https:\/\/files.slack.com\/files-pri\/T4UUTPV18-FPY9A9P1R\/download\/space_ship_angle3_v001.png?t=xoxe-164979811042-1081742544354-1080362743317-fee6284c0ee20406565ca4cadf37d845",
                "thumb_64": "https:\/\/files.slack.com\/files-tmb\/T4UUTPV18-FPY9A9P1R-ac6519aec1\/space_ship_angle3_v001_64.png?t=xoxe-164979811042-1081742544354-1080362743317-fee6284c0ee20406565ca4cadf37d845",
                "thumb_80": "https:\/\/files.slack.com\/files-tmb\/T4UUTPV18-FPY9A9P1R-ac6519aec1\/space_ship_angle3_v001_80.png?t=xoxe-164979811042-1081742544354-1080362743317-fee6284c0ee20406565ca4cadf37d845",
                "thumb_360": "https:\/\/files.slack.com\/files-tmb\/T4UUTPV18-FPY9A9P1R-ac6519aec1\/space_ship_angle3_v001_360.png?t=xoxe-164979811042-1081742544354-1080362743317-fee6284c0ee20406565ca4cadf37d845",
                "thumb_360_w": 360,
                "thumb_360_h": 203,
                "thumb_480": "https:\/\/files.slack.com\/files-tmb\/T4UUTPV18-FPY9A9P1R-ac6519aec1\/space_ship_angle3_v001_480.png?t=xoxe-164979811042-1081742544354-1080362743317-fee6284c0ee20406565ca4cadf37d845",
                "thumb_480_w": 480,
                "thumb_480_h": 270,
                "thumb_160": "https:\/\/files.slack.com\/files-tmb\/T4UUTPV18-FPY9A9P1R-ac6519aec1\/space_ship_angle3_v001_160.png?t=xoxe-164979811042-1081742544354-1080362743317-fee6284c0ee20406565ca4cadf37d845",
                "thumb_720": "https:\/\/files.slack.com\/files-tmb\/T4UUTPV18-FPY9A9P1R-ac6519aec1\/space_ship_angle3_v001_720.png?t=xoxe-164979811042-1081742544354-1080362743317-fee6284c0ee20406565ca4cadf37d845",
                "thumb_720_w": 720,
                "thumb_720_h": 405,
                "thumb_800": "https:\/\/files.slack.com\/files-tmb\/T4UUTPV18-FPY9A9P1R-ac6519aec1\/space_ship_angle3_v001_800.png?t=xoxe-164979811042-1081742544354-1080362743317-fee6284c0ee20406565ca4cadf37d845",
                "thumb_800_w": 800,
                "thumb_800_h": 450,
                "thumb_960": "https:\/\/files.slack.com\/files-tmb\/T4UUTPV18-FPY9A9P1R-ac6519aec1\/space_ship_angle3_v001_960.png?t=xoxe-164979811042-1081742544354-1080362743317-fee6284c0ee20406565ca4cadf37d845",
                "thumb_960_w": 960,
                "thumb_960_h": 540,
                "thumb_1024": "https:\/\/files.slack.com\/files-tmb\/T4UUTPV18-FPY9A9P1R-ac6519aec1\/space_ship_angle3_v001_1024.png?t=xoxe-164979811042-1081742544354-1080362743317-fee6284c0ee20406565ca4cadf37d845",
                "thumb_1024_w": 1024,
                "thumb_1024_h": 576,
                "image_exif_rotation": 1,
                "original_w": 1920,
                "original_h": 1080,
                "thumb_tiny": "AwAbADCkFDAPGdpHXHY1I4G0F13g\/wAY4P41Xjco2eo7j1q0CFAYfNG3+fzoAi8lW5RvwNNFtIT8ozVpIo\/MUu3yHoR3oEcZbIZsA\/dz1oApPG6ffQj6im1trFFJkgbeOg6UyWyjIyFH17UAY9S283lsVbmNuo\/rUVFAF\/mI4+\/G3P19xSOm0BlOVPQ020O63kVuQpGPbNTQffVezcEetADobkKNrKMeoq2pDLlHBFZ0oCyMB0zViy6Me+cUxH\/\/2Q==",
                "permalink": "https:\/\/prospela.slack.com\/files\/U6D2VCN07\/FPY9A9P1R\/space_ship_angle3_v001.png",
                "permalink_public": "https:\/\/slack-files.com\/T4UUTPV18-FPY9A9P1R-628749a42f",
                "is_starred": false,
                "has_rich_preview": false
            }
        ],
        "upload": true,
        "user": "U6D2VCN07",
        "display_as_bot": false,
        "ts": "1573146431.006400"
    },
    {
        "type": "message",
        "text": "",
        "files": [
            {
                "id": "FQ99N5FEG",
                "created": 1573146612,
                "timestamp": 1573146612,
                "name": "blockout_turntable_playblast_v001.mov",
                "title": "blockout turntable playblast v001",
                "mimetype": "video\/quicktime",
                "filetype": "mov",
                "pretty_type": "QuickTime Movie",
                "user": "U6D2VCN07",
                "editable": false,
                "size": 556290100,
                "mode": "hosted",
                "is_external": false,
                "external_type": "",
                "is_public": true,
                "public_url_shared": false,
                "display_as_bot": false,
                "username": "",
                "url_private": "https:\/\/files.slack.com\/files-pri\/T4UUTPV18-FQ99N5FEG\/blockout_turntable_playblast_v001.mov?t=xoxe-164979811042-1081742544354-1080362743317-fee6284c0ee20406565ca4cadf37d845",
                "url_private_download": "https:\/\/files.slack.com\/files-pri\/T4UUTPV18-FQ99N5FEG\/download\/blockout_turntable_playblast_v001.mov?t=xoxe-164979811042-1081742544354-1080362743317-fee6284c0ee20406565ca4cadf37d845",
                "thumb_video": "https:\/\/files.slack.com\/files-tmb\/T4UUTPV18-FQ99N5FEG-b0974e5185\/blockout_turntable_playblast_v001_thumb_video.jpeg?t=xoxe-164979811042-1081742544354-1080362743317-fee6284c0ee20406565ca4cadf37d845",
                "permalink": "https:\/\/prospela.slack.com\/files\/U6D2VCN07\/FQ99N5FEG\/blockout_turntable_playblast_v001.mov",
                "permalink_public": "https:\/\/slack-files.com\/T4UUTPV18-FQ99N5FEG-7f763aadd4",
                "is_starred": false,
                "has_rich_preview": false
            }
        ],
        "upload": true,
        "user": "U6D2VCN07",
        "display_as_bot": false,
        "ts": "1573146634.006700"
    }
]