[
    {
        "type": "message",
        "subtype": "bot_message",
        "text": "Awesome! I'm starting to look into lighting and rendering in Houdini too, not something I've done much, so can share any tuts or tips we find!",
        "ts": "1569576649.000400",
        "username": "Thomas Thornton (Prospela Mentors (beta))",
        "icons": {
            "image_48": "https:\/\/s3-us-west-2.amazonaws.com\/slack-files2\/bot_icons\/2019-09-27\/775533212160_48.png"
        },
        "bot_id": "B6CS60LDU"
    }
]