[
    {
        "type": "message",
        "subtype": "bot_message",
        "text": "Taking a quick look at your showreel. The first snow shot (around 10s).... How does that image relate to the rest of the breakdown? Is it used somewhere as a texture or as reference?",
        "ts": "1567066138.000500",
        "username": "Thomas Thornton (Prospela Mentors (beta))",
        "icons": {
            "image_48": "https:\/\/s3-us-west-2.amazonaws.com\/slack-files2\/bot_icons\/2019-08-29\/730698485346_48.png"
        },
        "bot_id": "B6CS60LDU"
    },
    {
        "type": "message",
        "subtype": "bot_message",
        "text": "Ohh it’s more like a tone, light reference. Since I put this together in 8 weeks I had to rush it the last day on the comp and I first put that background instead of adding more mountains and I haven’t removed it yet, I will have access to my pc this weekend, gotta do some re-renders and change a lot of things and I will update my reel when I like correct that shot(: ",
        "ts": "1567071364.000600",
        "username": "Cas Van Den Bergh (Prospela Students (beta))",
        "icons": {
            "image_48": "https:\/\/s3-us-west-2.amazonaws.com\/slack-files2\/bot_icons\/2019-08-29\/730786400531_48.png"
        },
        "bot_id": "B6CS60LDU"
    },
    {
        "type": "message",
        "subtype": "bot_message",
        "text": "It shouldn’t be there basically ",
        "ts": "1567071401.000700",
        "username": "Cas Van Den Bergh (Prospela Students (beta))",
        "icons": {
            "image_48": "https:\/\/s3-us-west-2.amazonaws.com\/slack-files2\/bot_icons\/2019-08-29\/742238617253_48.png"
        },
        "bot_id": "B6CS60LDU"
    },
    {
        "type": "message",
        "subtype": "bot_message",
        "text": "Ahh ok. I was watching it and it didn't quite make sense to me. If you were going to have reference in there, might be worth just popping \"reference\" in the corner just to make sure.\nAlso, personally, I would put the last shot first, as I think that's one of the stronger ones from your current reel\n\nDo you have any speedtree work you can pop in as well?",
        "ts": "1567073864.000800",
        "username": "Thomas Thornton (Prospela Mentors (beta))",
        "icons": {
            "image_48": "https:\/\/s3-us-west-2.amazonaws.com\/slack-files2\/bot_icons\/2019-08-29\/730825024451_48.png"
        },
        "bot_id": "B6CS60LDU"
    },
    {
        "type": "message",
        "subtype": "bot_message",
        "text": "I have quite a lot and will render some turntable work from that, going to put that on my list of things to do! ",
        "ts": "1567093802.000900",
        "username": "Cas Van Den Bergh (Prospela Students (beta))",
        "icons": {
            "image_48": "https:\/\/s3-us-west-2.amazonaws.com\/slack-files2\/bot_icons\/2019-08-29\/744861792710_48.png"
        },
        "bot_id": "B6CS60LDU"
    }
]