[
    {
        "type": "message",
        "subtype": "bot_message",
        "text": "It’s Client Services \/ Runner and hopefully be able to help on some stuff CG related! But at least I can work on my portfolio on the side ",
        "ts": "1576000504.007600",
        "username": "Cas Van Den Bergh (Prospela Students (beta))",
        "icons": {
            "image_48": "https:\/\/s3-us-west-2.amazonaws.com\/slack-files2\/bot_icons\/2019-12-10\/869436817175_48.png"
        },
        "bot_id": "B6CS60LDU"
    }
]