[
    {
        "type": "message",
        "subtype": "bot_message",
        "text": "Hey! I havent been able to work on my showreel, as I have been in france! but I got a job at MPC here in Amsterdam, starting next tuesday! so hopefully I can update my showreel through that!",
        "ts": "1575650852.007400",
        "username": "Cas Van Den Bergh (Prospela Students (beta))",
        "icons": {
            "image_48": "https:\/\/s3-us-west-2.amazonaws.com\/slack-files2\/bot_icons\/2019-12-06\/862736052132_48.png"
        },
        "bot_id": "B6CS60LDU"
    }
]