[
    {
        "type": "message",
        "subtype": "bot_message",
        "text": "It’s part kitbash, but modelling in maya\/ZBrush and I’m trying to figure out if I can use Houndini for scene assembly and scattering\/lighting! ",
        "ts": "1573390709.007100",
        "username": "Cas Van Den Bergh (Prospela Students (beta))",
        "icons": {
            "image_48": "https:\/\/s3-us-west-2.amazonaws.com\/slack-files2\/bot_icons\/2019-11-10\/828691813061_48.png"
        },
        "bot_id": "B6CS60LDU"
    },
    {
        "type": "message",
        "subtype": "bot_message",
        "text": "Thank you btw!(: ",
        "ts": "1573417010.007200",
        "username": "Cas Van Den Bergh (Prospela Students (beta))",
        "icons": {
            "image_48": "https:\/\/s3-us-west-2.amazonaws.com\/slack-files2\/bot_icons\/2019-11-10\/828842679637_48.png"
        },
        "bot_id": "B6CS60LDU"
    }
]