[
    {
        "type": "message",
        "subtype": "bot_message",
        "text": "Heey! Yes, I started on Monday! Thank you, yes it’s really fun and get quite a lot of time to work on my reel and use their resources which is a win win! Framestore is in partnership with Outpost right? ",
        "ts": "1582237529.000700",
        "username": "Cas Van Den Bergh (Prospela Students (beta))",
        "icons": {
            "image_48": "https:\/\/s3-us-west-2.amazonaws.com\/slack-files2\/bot_icons\/2020-02-20\/964051407159_48.png"
        },
        "bot_id": "B6CS60LDU"
    }
]