[
    {
        "type": "message",
        "subtype": "bot_message",
        "text": "Ah, that's annoying, but fingers crossed with the London stuff! I don't have a PC at the moment, so all my personal projects are on hold! Did you manage to update your showreel?",
        "ts": "1579440376.000400",
        "username": "Thomas Thornton (Prospela Mentors (beta))",
        "icons": {
            "image_48": "https:\/\/s3-us-west-2.amazonaws.com\/slack-files2\/bot_icons\/2020-01-19\/914960723910_48.png"
        },
        "bot_id": "B6CS60LDU"
    }
]