[
    {
        "type": "message",
        "subtype": "bot_message",
        "text": "Majority of the studio is working on teradici, but most prods and like people who do know require a lot of pc power use VPN ",
        "ts": "1587238779.000800",
        "username": "Cas Van Den Bergh (Prospela Students (beta))",
        "icons": {
            "image_48": "https:\/\/s3-us-west-2.amazonaws.com\/slack-files2\/bot_icons\/2020-04-18\/1064831118102_48.png"
        },
        "bot_id": "B6CS60LDU"
    }
]