[
    {
        "type": "message",
        "subtype": "bot_message",
        "text": "Happy Birthday!! ",
        "ts": "1579259584.000100",
        "username": "Cas Van Den Bergh (Prospela Students (beta))",
        "icons": {
            "image_48": "https:\/\/s3-us-west-2.amazonaws.com\/slack-files2\/bot_icons\/2020-01-17\/912694383415_48.png"
        },
        "bot_id": "B6CS60LDU"
    },
    {
        "type": "message",
        "subtype": "bot_message",
        "text": "Haha thank you! :slightly_smiling_face: How's everything going with you? Still at MPC?",
        "ts": "1579278106.000200",
        "username": "Thomas Thornton (Prospela Mentors (beta))",
        "icons": {
            "image_48": "https:\/\/s3-us-west-2.amazonaws.com\/slack-files2\/bot_icons\/2020-01-17\/913492566726_48.png"
        },
        "bot_id": "B6CS60LDU"
    },
    {
        "type": "message",
        "subtype": "bot_message",
        "text": "Everything is good! Sadly they didn’t extend my contract as Amsterdam didn’t have a lot of projects, this was very recent so I’m back in London at the moment applying for jobs and seeing what will happen! Might have position at Archviz Studio for the time being to help them with unreal and setting up a VR workflow :crossed_fingers:trying to get my pc to come back to the UK so I can keep working! ",
        "ts": "1579296606.000300",
        "username": "Cas Van Den Bergh (Prospela Students (beta))",
        "icons": {
            "image_48": "https:\/\/s3-us-west-2.amazonaws.com\/slack-files2\/bot_icons\/2020-01-17\/899005293410_48.png"
        },
        "bot_id": "B6CS60LDU"
    }
]