[
    {
        "type": "message",
        "subtype": "bot_message",
        "text": "I’m using my uni pc atm before I get I go and get my pc, I haven’t been able to update my showreel as the stuff I helped with hasn’t been realised yet! ",
        "ts": "1579701121.000500",
        "username": "Cas Van Den Bergh (Prospela Students (beta))",
        "icons": {
            "image_48": "https:\/\/s3-us-west-2.amazonaws.com\/slack-files2\/bot_icons\/2020-01-22\/904247272994_48.png"
        },
        "bot_id": "B6CS60LDU"
    }
]