[
    {
        "type": "message",
        "subtype": "bot_message",
        "text": "Nope you don't, and trying to have team meetings and getting everyone on the same page is proving difficult.\nA lot of the company are using a VPN with a workstation at home, but the FX department is using teamviewer. I don't think we had teradici available at such short notice.\nWhat about you? Can you say what you're working on?",
        "ts": "1586365384.000700",
        "username": "Thomas Thornton (Prospela Mentors (beta))",
        "icons": {
            "image_48": "https:\/\/s3-us-west-2.amazonaws.com\/slack-files2\/bot_icons\/2020-04-08\/1049355204579_48.png"
        },
        "bot_id": "B6CS60LDU"
    }
]