[
    {
        "type": "message",
        "subtype": "bot_message",
        "text": "Hey Thomas! Yeah really wish this virus wasn’t going around! But majority of framestore is WFH and they “locked” the front doors, so I’m working from home now, you? ",
        "ts": "1585134808.000100",
        "username": "Cas Van Den Bergh (Prospela Students (beta))",
        "icons": {
            "image_48": "https:\/\/s3-us-west-2.amazonaws.com\/slack-files2\/bot_icons\/2020-03-25\/1024602157444_48.png"
        },
        "bot_id": "B6CS60LDU"
    }
]