[
    {
        "type": "message",
        "subtype": "bot_message",
        "text": "<https:\/\/youtu.be\/vAI4pqL4jZI>",
        "ts": "1587466581.001800",
        "username": "Simon Taylor (Prospela Mentors (beta))",
        "icons": {
            "image_48": "https:\/\/s3-us-west-2.amazonaws.com\/slack-files2\/bot_icons\/2020-04-21\/1088433320721_48.png"
        },
        "bot_id": "B6CS60LDU"
    },
    {
        "type": "message",
        "subtype": "bot_message",
        "text": "<https:\/\/youtu.be\/vAI4pqL4jZI>",
        "ts": "1587466630.001900",
        "username": "Simon Taylor (Prospela Mentors (beta))",
        "icons": {
            "image_48": "https:\/\/s3-us-west-2.amazonaws.com\/slack-files2\/bot_icons\/2020-04-21\/1076018682067_48.png"
        },
        "bot_id": "B6CS60LDU"
    },
    {
        "type": "message",
        "subtype": "bot_message",
        "text": "Hi Bianca, here's some feedback on your shot, please let me know if there's anything else you'd like notes on!",
        "ts": "1587466659.002000",
        "username": "Simon Taylor (Prospela Mentors (beta))",
        "icons": {
            "image_48": "https:\/\/s3-us-west-2.amazonaws.com\/slack-files2\/bot_icons\/2020-04-21\/1076019558883_48.png"
        },
        "bot_id": "B6CS60LDU"
    },
    {
        "type": "message",
        "subtype": "bot_message",
        "text": "Aaah what a nice surprise! Thanks for the detailed feedback and for going to all this trouble. Super appreciate you taking the time. Will get back to you as soon as I can with changes! :blush:",
        "ts": "1587481847.002100",
        "username": "Bianca Iancu (Prospela Students (beta))",
        "icons": {
            "image_48": "https:\/\/s3-us-west-2.amazonaws.com\/slack-files2\/bot_icons\/2020-04-21\/1089055681521_48.png"
        },
        "bot_id": "B6CS60LDU"
    }
]