[
    {
        "type": "message",
        "text": "A summer school for? I've had a very busy week because it's nearly the end of term so Year 6 are very busy!",
        "user": "U5XFGLR7X",
        "ts": "1498915998.849134",
        "team": "T4UUTPV18",
        "user_team": "T4UUTPV18",
        "source_team": "T4UUTPV18",
        "user_profile": {
            "avatar_hash": "1df66bfa0e19",
            "image_72": "https:\/\/avatars.slack-edge.com\/2017-06-21\/202263735607_1df66bfa0e1959635bd6_72.jpg",
            "first_name": "Sonal",
            "real_name": "Sonal Patel",
            "display_name": "sonal",
            "team": "T4UUTPV18",
            "name": "sonal",
            "is_restricted": false,
            "is_ultra_restricted": false
        }
    },
    {
        "type": "message",
        "text": "Sorry, I'm not getting notifications through on my phone all the time for some reason. I did English, Spanish and Chemistry; odd mix I know but I was badly advised on the Chemistry front. It's taken me a few years to work out what I want to do. I looked at going into law in my first year of uni but then I realised that it's all very glamorous and well paid etc etc but I'd be really bored. I need a job I enjoy and that means something so I tried out a few more things and then worked out that I liked tutoring so teaching might be a safe bet. I got a job as a graduate teaching assistant just to check I was making the right decision and it's been the best job I've ever had so teaching it is",
        "user": "U5XFGLR7X",
        "ts": "1498916217.863654",
        "team": "T4UUTPV18",
        "user_team": "T4UUTPV18",
        "source_team": "T4UUTPV18",
        "user_profile": {
            "avatar_hash": "1df66bfa0e19",
            "image_72": "https:\/\/avatars.slack-edge.com\/2017-06-21\/202263735607_1df66bfa0e1959635bd6_72.jpg",
            "first_name": "Sonal",
            "real_name": "Sonal Patel",
            "display_name": "sonal",
            "team": "T4UUTPV18",
            "name": "sonal",
            "is_restricted": false,
            "is_ultra_restricted": false
        }
    }
]