[
    {
        "type": "message",
        "text": "Oh congratulations! I'm currently at a summer school in Bristol so it's all work, work, work! ",
        "user": "U5XRV14GH",
        "ts": "1500545041.148621",
        "team": "T4UUTPV18",
        "user_team": "T4UUTPV18",
        "source_team": "T4UUTPV18",
        "user_profile": {
            "avatar_hash": "g701010fe977",
            "image_72": "https:\/\/secure.gravatar.com\/avatar\/0701010fe977ea5a26078fa440d5e657.jpg?s=72&d=https%3A%2F%2Fa.slack-edge.com%2Fdf10d%2Fimg%2Favatars%2Fava_0005-72.png",
            "first_name": "Ayah",
            "real_name": "Ayah",
            "display_name": "ayah.raya",
            "team": "T4UUTPV18",
            "name": "ayah.raya",
            "is_restricted": false,
            "is_ultra_restricted": false
        }
    },
    {
        "type": "message",
        "text": "What are you studying this time? I'm going to try and input some stuff on your plan later because this scheme ends tomorrow. With that in mind, would you like to exchange emails or numbers so you can keep asking etc? We're allowed to do that now",
        "user": "U5XFGLR7X",
        "ts": "1500545550.319134",
        "team": "T4UUTPV18",
        "user_team": "T4UUTPV18",
        "source_team": "T4UUTPV18",
        "user_profile": {
            "avatar_hash": "1df66bfa0e19",
            "image_72": "https:\/\/avatars.slack-edge.com\/2017-06-21\/202263735607_1df66bfa0e1959635bd6_72.jpg",
            "first_name": "Sonal",
            "real_name": "Sonal Patel",
            "display_name": "sonal",
            "team": "T4UUTPV18",
            "name": "sonal",
            "is_restricted": false,
            "is_ultra_restricted": false
        }
    }
]