[
    {
        "type": "message",
        "text": "That's amazing, I wish you luck in your training! I want to focus on English Literature mainly and would like to lecture in it someday. What do you think is the best way to go about it? Do you think i should get my further education degrees (Masters, PhD) first or do you think i should train and become a secondary teacher first? ",
        "user": "U5XRV14GH",
        "ts": "1499235727.283137",
        "team": "T4UUTPV18",
        "user_team": "T4UUTPV18",
        "source_team": "T4UUTPV18",
        "user_profile": {
            "avatar_hash": "g701010fe977",
            "image_72": "https:\/\/secure.gravatar.com\/avatar\/0701010fe977ea5a26078fa440d5e657.jpg?s=72&d=https%3A%2F%2Fa.slack-edge.com%2Fdf10d%2Fimg%2Favatars%2Fava_0005-72.png",
            "first_name": "Ayah",
            "real_name": "Ayah",
            "display_name": "ayah.raya",
            "team": "T4UUTPV18",
            "name": "ayah.raya",
            "is_restricted": false,
            "is_ultra_restricted": false
        }
    },
    {
        "type": "message",
        "text": "The order in which i should do things confuses me and obviously i need to be conscious of the fact that i need to be financially stable throughout the course of my education.",
        "user": "U5XRV14GH",
        "ts": "1499235799.296683",
        "team": "T4UUTPV18",
        "user_team": "T4UUTPV18",
        "source_team": "T4UUTPV18",
        "user_profile": {
            "avatar_hash": "g701010fe977",
            "image_72": "https:\/\/secure.gravatar.com\/avatar\/0701010fe977ea5a26078fa440d5e657.jpg?s=72&d=https%3A%2F%2Fa.slack-edge.com%2Fdf10d%2Fimg%2Favatars%2Fava_0005-72.png",
            "first_name": "Ayah",
            "real_name": "Ayah",
            "display_name": "ayah.raya",
            "team": "T4UUTPV18",
            "name": "ayah.raya",
            "is_restricted": false,
            "is_ultra_restricted": false
        }
    }
]