[
    {
        "type": "message",
        "text": "",
        "files": [
            {
                "id": "F5YF31GTW",
                "created": 1498207092,
                "timestamp": 1498207092,
                "name": "Prospela - Career Plan: Ayah",
                "title": "Prospela - Career Plan: Ayah.pptm",
                "mimetype": "application\/vnd.google-apps.presentation",
                "filetype": "gpres",
                "pretty_type": "GSuite Presentation",
                "user": "U4VR52RQE",
                "editable": false,
                "size": 10125,
                "mode": "external",
                "is_external": true,
                "external_type": "gdrive",
                "is_public": false,
                "public_url_shared": false,
                "display_as_bot": false,
                "username": "",
                "url_private": "https:\/\/docs.google.com\/presentation\/d\/1ycvCmQza3CghpZeflk8eUOHmhkkq3nsMPONx_k2ukdY\/edit?usp=drive_web",
                "thumb_64": "https:\/\/files.slack.com\/files-tmb\/T4UUTPV18-F5YF31GTW-bb8fcad2ba\/prospela_-_career_plan__ayah_64.png?t=xoxe-164979811042-1081742544354-1080362743317-fee6284c0ee20406565ca4cadf37d845",
                "thumb_80": "https:\/\/files.slack.com\/files-tmb\/T4UUTPV18-F5YF31GTW-bb8fcad2ba\/prospela_-_career_plan__ayah_80.png?t=xoxe-164979811042-1081742544354-1080362743317-fee6284c0ee20406565ca4cadf37d845",
                "thumb_360": "https:\/\/files.slack.com\/files-tmb\/T4UUTPV18-F5YF31GTW-bb8fcad2ba\/prospela_-_career_plan__ayah_360.png?t=xoxe-164979811042-1081742544354-1080362743317-fee6284c0ee20406565ca4cadf37d845",
                "thumb_360_w": 360,
                "thumb_360_h": 203,
                "thumb_480": "https:\/\/files.slack.com\/files-tmb\/T4UUTPV18-F5YF31GTW-bb8fcad2ba\/prospela_-_career_plan__ayah_480.png?t=xoxe-164979811042-1081742544354-1080362743317-fee6284c0ee20406565ca4cadf37d845",
                "thumb_480_w": 480,
                "thumb_480_h": 270,
                "thumb_160": "https:\/\/files.slack.com\/files-tmb\/T4UUTPV18-F5YF31GTW-bb8fcad2ba\/prospela_-_career_plan__ayah_160.png?t=xoxe-164979811042-1081742544354-1080362743317-fee6284c0ee20406565ca4cadf37d845",
                "thumb_720": "https:\/\/files.slack.com\/files-tmb\/T4UUTPV18-F5YF31GTW-bb8fcad2ba\/prospela_-_career_plan__ayah_720.png?t=xoxe-164979811042-1081742544354-1080362743317-fee6284c0ee20406565ca4cadf37d845",
                "thumb_720_w": 720,
                "thumb_720_h": 405,
                "thumb_800": "https:\/\/files.slack.com\/files-tmb\/T4UUTPV18-F5YF31GTW-bb8fcad2ba\/prospela_-_career_plan__ayah_800.png?t=xoxe-164979811042-1081742544354-1080362743317-fee6284c0ee20406565ca4cadf37d845",
                "thumb_800_w": 800,
                "thumb_800_h": 450,
                "image_exif_rotation": 1,
                "original_w": 800,
                "original_h": 450,
                "permalink": "https:\/\/prospela.slack.com\/files\/U4VR52RQE\/F5YF31GTW\/prospela_-_career_plan__ayah",
                "is_starred": false,
                "external_id": "1ycvCmQza3CghpZeflk8eUOHmhkkq3nsMPONx_k2ukdY",
                "external_url": "https:\/\/docs.google.com\/presentation\/d\/1ycvCmQza3CghpZeflk8eUOHmhkkq3nsMPONx_k2ukdY\/edit?usp=drive_web",
                "has_rich_preview": true
            }
        ],
        "upload": false,
        "user": "U4VR52RQE",
        "display_as_bot": false,
        "ts": "1498207094.830988",
        "edited": {
            "user": "U4VR52RQE",
            "ts": "1498905840.000000"
        }
    },
    {
        "type": "message",
        "subtype": "pinned_item",
        "text": "<@U4VR52RQE> pinned their GSuite Presentation <https:\/\/prospela.slack.com\/files\/U4VR52RQE\/F5YF31GTW\/prospela_-_career_plan__ayah|Prospela - Career Plan: Ayah.pptm> to this channel.",
        "user": "U4VR52RQE",
        "item_type": "F",
        "item": {
            "id": "F5YF31GTW",
            "created": 1498207092,
            "timestamp": 1498207092,
            "name": "Prospela - Career Plan: Ayah",
            "title": "Prospela - Career Plan: Ayah.pptm",
            "mimetype": "application\/vnd.google-apps.presentation",
            "filetype": "gpres",
            "pretty_type": "GSuite Presentation",
            "user": "U4VR52RQE",
            "editable": false,
            "size": 10125,
            "mode": "external",
            "is_external": true,
            "external_type": "gdrive",
            "is_public": false,
            "public_url_shared": false,
            "display_as_bot": false,
            "username": "",
            "url_private": "https:\/\/docs.google.com\/presentation\/d\/1ycvCmQza3CghpZeflk8eUOHmhkkq3nsMPONx_k2ukdY\/edit?usp=drive_web",
            "thumb_64": "https:\/\/files.slack.com\/files-tmb\/T4UUTPV18-F5YF31GTW-bb8fcad2ba\/prospela_-_career_plan__ayah_64.png?t=xoxe-164979811042-1081742544354-1080362743317-fee6284c0ee20406565ca4cadf37d845",
            "thumb_80": "https:\/\/files.slack.com\/files-tmb\/T4UUTPV18-F5YF31GTW-bb8fcad2ba\/prospela_-_career_plan__ayah_80.png?t=xoxe-164979811042-1081742544354-1080362743317-fee6284c0ee20406565ca4cadf37d845",
            "thumb_360": "https:\/\/files.slack.com\/files-tmb\/T4UUTPV18-F5YF31GTW-bb8fcad2ba\/prospela_-_career_plan__ayah_360.png?t=xoxe-164979811042-1081742544354-1080362743317-fee6284c0ee20406565ca4cadf37d845",
            "thumb_360_w": 360,
            "thumb_360_h": 203,
            "thumb_480": "https:\/\/files.slack.com\/files-tmb\/T4UUTPV18-F5YF31GTW-bb8fcad2ba\/prospela_-_career_plan__ayah_480.png?t=xoxe-164979811042-1081742544354-1080362743317-fee6284c0ee20406565ca4cadf37d845",
            "thumb_480_w": 480,
            "thumb_480_h": 270,
            "thumb_160": "https:\/\/files.slack.com\/files-tmb\/T4UUTPV18-F5YF31GTW-bb8fcad2ba\/prospela_-_career_plan__ayah_160.png?t=xoxe-164979811042-1081742544354-1080362743317-fee6284c0ee20406565ca4cadf37d845",
            "thumb_720": "https:\/\/files.slack.com\/files-tmb\/T4UUTPV18-F5YF31GTW-bb8fcad2ba\/prospela_-_career_plan__ayah_720.png?t=xoxe-164979811042-1081742544354-1080362743317-fee6284c0ee20406565ca4cadf37d845",
            "thumb_720_w": 720,
            "thumb_720_h": 405,
            "thumb_800": "https:\/\/files.slack.com\/files-tmb\/T4UUTPV18-F5YF31GTW-bb8fcad2ba\/prospela_-_career_plan__ayah_800.png?t=xoxe-164979811042-1081742544354-1080362743317-fee6284c0ee20406565ca4cadf37d845",
            "thumb_800_w": 800,
            "thumb_800_h": 450,
            "image_exif_rotation": 1,
            "original_w": 800,
            "original_h": 450,
            "permalink": "https:\/\/prospela.slack.com\/files\/U4VR52RQE\/F5YF31GTW\/prospela_-_career_plan__ayah",
            "is_starred": false,
            "external_id": "1ycvCmQza3CghpZeflk8eUOHmhkkq3nsMPONx_k2ukdY",
            "external_url": "https:\/\/docs.google.com\/presentation\/d\/1ycvCmQza3CghpZeflk8eUOHmhkkq3nsMPONx_k2ukdY\/edit?usp=drive_web",
            "has_rich_preview": true
        },
        "ts": "1498207104.833278"
    },
    {
        "type": "message",
        "text": "Hi both, please watch this short intro video. Your Career Plan is also pinned to this conversation for easy access. Best of luck!",
        "files": [
            {
                "id": "F5Z8QJY3Z",
                "created": 1498207160,
                "timestamp": 1498207160,
                "name": "Movie on 21-06-2017 at 18.35.mov",
                "title": "Introduction - Sonal &amp; Ayah",
                "mimetype": "video\/quicktime",
                "filetype": "mov",
                "pretty_type": "QuickTime Movie",
                "user": "U4VR52RQE",
                "editable": false,
                "size": 27671516,
                "mode": "hosted",
                "is_external": false,
                "external_type": "",
                "is_public": false,
                "public_url_shared": false,
                "display_as_bot": false,
                "username": "",
                "url_private": "https:\/\/files.slack.com\/files-pri\/T4UUTPV18-F5Z8QJY3Z\/movie_on_21-06-2017_at_18.35.mov?t=xoxe-164979811042-1081742544354-1080362743317-fee6284c0ee20406565ca4cadf37d845",
                "url_private_download": "https:\/\/files.slack.com\/files-pri\/T4UUTPV18-F5Z8QJY3Z\/download\/movie_on_21-06-2017_at_18.35.mov?t=xoxe-164979811042-1081742544354-1080362743317-fee6284c0ee20406565ca4cadf37d845",
                "permalink": "https:\/\/prospela.slack.com\/files\/U4VR52RQE\/F5Z8QJY3Z\/movie_on_21-06-2017_at_18.35.mov",
                "permalink_public": "https:\/\/slack-files.com\/T4UUTPV18-F5Z8QJY3Z-73db036fba",
                "is_starred": false,
                "has_rich_preview": false
            }
        ],
        "upload": true,
        "user": "U4VR52RQE",
        "display_as_bot": false,
        "ts": "1498207162.845977"
    },
    {
        "type": "message",
        "text": "<@U5XRV14GH> and <@U5XFGLR7X>, please feel free to continue chatting within this group (Note: we are muted and won't be involved from here on out) but if you would prefer you should now be able to set up a Direct Message between just yourselves.",
        "user": "U4VR52RQE",
        "ts": "1498207541.932298",
        "team": "T4UUTPV18",
        "user_team": "T4UUTPV18",
        "source_team": "T4UUTPV18",
        "user_profile": {
            "avatar_hash": "d730c1e93535",
            "image_72": "https:\/\/avatars.slack-edge.com\/2017-06-20\/201542361287_d730c1e93535ae06c852_72.png",
            "first_name": "Dexter",
            "real_name": "Dexter",
            "display_name": "dexter-prospela",
            "team": "T4UUTPV18",
            "name": "dexter-prospela",
            "is_restricted": false,
            "is_ultra_restricted": false
        }
    },
    {
        "type": "message",
        "text": "Hi Ayah, how are you?",
        "user": "U5XFGLR7X",
        "ts": "1498211006.717777",
        "team": "T4UUTPV18",
        "user_team": "T4UUTPV18",
        "source_team": "T4UUTPV18",
        "user_profile": {
            "avatar_hash": "1df66bfa0e19",
            "image_72": "https:\/\/avatars.slack-edge.com\/2017-06-21\/202263735607_1df66bfa0e1959635bd6_72.jpg",
            "first_name": "Sonal",
            "real_name": "Sonal Patel",
            "display_name": "sonal",
            "team": "T4UUTPV18",
            "name": "sonal",
            "is_restricted": false,
            "is_ultra_restricted": false
        }
    },
    {
        "type": "message",
        "text": "Hello Sonal, I'm doing well thank you very much. And you? ",
        "user": "U5XRV14GH",
        "ts": "1498254468.260679",
        "team": "T4UUTPV18",
        "user_team": "T4UUTPV18",
        "source_team": "T4UUTPV18",
        "user_profile": {
            "avatar_hash": "g701010fe977",
            "image_72": "https:\/\/secure.gravatar.com\/avatar\/0701010fe977ea5a26078fa440d5e657.jpg?s=72&d=https%3A%2F%2Fa.slack-edge.com%2Fdf10d%2Fimg%2Favatars%2Fava_0005-72.png",
            "first_name": "Ayah",
            "real_name": "Ayah",
            "display_name": "ayah.raya",
            "team": "T4UUTPV18",
            "name": "ayah.raya",
            "is_restricted": false,
            "is_ultra_restricted": false
        }
    }
]