[
    {
        "type": "message",
        "text": "Yes I have, only finished them recently. I was attending a summer school this past week so it was all very exciting! ",
        "user": "U5XRV14GH",
        "ts": "1498682330.344946",
        "team": "T4UUTPV18",
        "user_team": "T4UUTPV18",
        "source_team": "T4UUTPV18",
        "user_profile": {
            "avatar_hash": "g701010fe977",
            "image_72": "https:\/\/secure.gravatar.com\/avatar\/0701010fe977ea5a26078fa440d5e657.jpg?s=72&d=https%3A%2F%2Fa.slack-edge.com%2Fdf10d%2Fimg%2Favatars%2Fava_0005-72.png",
            "first_name": "Ayah",
            "real_name": "Ayah",
            "display_name": "ayah.raya",
            "team": "T4UUTPV18",
            "name": "ayah.raya",
            "is_restricted": false,
            "is_ultra_restricted": false
        }
    },
    {
        "type": "message",
        "text": "How was yours? ",
        "user": "U5XRV14GH",
        "ts": "1498682335.346835",
        "team": "T4UUTPV18",
        "user_team": "T4UUTPV18",
        "source_team": "T4UUTPV18",
        "user_profile": {
            "avatar_hash": "g701010fe977",
            "image_72": "https:\/\/secure.gravatar.com\/avatar\/0701010fe977ea5a26078fa440d5e657.jpg?s=72&d=https%3A%2F%2Fa.slack-edge.com%2Fdf10d%2Fimg%2Favatars%2Fava_0005-72.png",
            "first_name": "Ayah",
            "real_name": "Ayah",
            "display_name": "ayah.raya",
            "team": "T4UUTPV18",
            "name": "ayah.raya",
            "is_restricted": false,
            "is_ultra_restricted": false
        }
    }
]