[
    {
        "type": "message",
        "text": "Bad shot but an unusual day at work!",
        "files": [
            {
                "id": "F6348GSPN",
                "created": 1499078957,
                "timestamp": 1499078957,
                "name": "IMG_20170703_114834.jpg",
                "title": "IMG_20170703_114834.jpg",
                "mimetype": "image\/jpeg",
                "filetype": "jpg",
                "pretty_type": "JPEG",
                "user": "U5XFGLR7X",
                "editable": false,
                "size": 3370777,
                "mode": "hosted",
                "is_external": false,
                "external_type": "",
                "is_public": false,
                "public_url_shared": false,
                "display_as_bot": false,
                "username": "",
                "url_private": "https:\/\/files.slack.com\/files-pri\/T4UUTPV18-F6348GSPN\/img_20170703_114834.jpg?t=xoxe-164979811042-1081742544354-1080362743317-fee6284c0ee20406565ca4cadf37d845",
                "url_private_download": "https:\/\/files.slack.com\/files-pri\/T4UUTPV18-F6348GSPN\/download\/img_20170703_114834.jpg?t=xoxe-164979811042-1081742544354-1080362743317-fee6284c0ee20406565ca4cadf37d845",
                "thumb_64": "https:\/\/files.slack.com\/files-tmb\/T4UUTPV18-F6348GSPN-3c5fe9d4a0\/img_20170703_114834_64.jpg?t=xoxe-164979811042-1081742544354-1080362743317-fee6284c0ee20406565ca4cadf37d845",
                "thumb_80": "https:\/\/files.slack.com\/files-tmb\/T4UUTPV18-F6348GSPN-3c5fe9d4a0\/img_20170703_114834_80.jpg?t=xoxe-164979811042-1081742544354-1080362743317-fee6284c0ee20406565ca4cadf37d845",
                "thumb_360": "https:\/\/files.slack.com\/files-tmb\/T4UUTPV18-F6348GSPN-3c5fe9d4a0\/img_20170703_114834_360.jpg?t=xoxe-164979811042-1081742544354-1080362743317-fee6284c0ee20406565ca4cadf37d845",
                "thumb_360_w": 203,
                "thumb_360_h": 360,
                "thumb_480": "https:\/\/files.slack.com\/files-tmb\/T4UUTPV18-F6348GSPN-3c5fe9d4a0\/img_20170703_114834_480.jpg?t=xoxe-164979811042-1081742544354-1080362743317-fee6284c0ee20406565ca4cadf37d845",
                "thumb_480_w": 270,
                "thumb_480_h": 480,
                "thumb_160": "https:\/\/files.slack.com\/files-tmb\/T4UUTPV18-F6348GSPN-3c5fe9d4a0\/img_20170703_114834_160.jpg?t=xoxe-164979811042-1081742544354-1080362743317-fee6284c0ee20406565ca4cadf37d845",
                "thumb_720": "https:\/\/files.slack.com\/files-tmb\/T4UUTPV18-F6348GSPN-3c5fe9d4a0\/img_20170703_114834_720.jpg?t=xoxe-164979811042-1081742544354-1080362743317-fee6284c0ee20406565ca4cadf37d845",
                "thumb_720_w": 405,
                "thumb_720_h": 720,
                "thumb_800": "https:\/\/files.slack.com\/files-tmb\/T4UUTPV18-F6348GSPN-3c5fe9d4a0\/img_20170703_114834_800.jpg?t=xoxe-164979811042-1081742544354-1080362743317-fee6284c0ee20406565ca4cadf37d845",
                "thumb_800_w": 800,
                "thumb_800_h": 1422,
                "thumb_960": "https:\/\/files.slack.com\/files-tmb\/T4UUTPV18-F6348GSPN-3c5fe9d4a0\/img_20170703_114834_960.jpg?t=xoxe-164979811042-1081742544354-1080362743317-fee6284c0ee20406565ca4cadf37d845",
                "thumb_960_w": 540,
                "thumb_960_h": 960,
                "thumb_1024": "https:\/\/files.slack.com\/files-tmb\/T4UUTPV18-F6348GSPN-3c5fe9d4a0\/img_20170703_114834_1024.jpg?t=xoxe-164979811042-1081742544354-1080362743317-fee6284c0ee20406565ca4cadf37d845",
                "thumb_1024_w": 576,
                "thumb_1024_h": 1024,
                "image_exif_rotation": 1,
                "original_w": 5312,
                "original_h": 2988,
                "permalink": "https:\/\/prospela.slack.com\/files\/U5XFGLR7X\/F6348GSPN\/img_20170703_114834.jpg",
                "permalink_public": "https:\/\/slack-files.com\/T4UUTPV18-F6348GSPN-e164eade31",
                "is_starred": false,
                "has_rich_preview": false
            }
        ],
        "upload": true,
        "user": "U5XFGLR7X",
        "display_as_bot": false,
        "ts": "1499078963.742001"
    }
]