[
    {
        "type": "message",
        "text": "My first choice is Exeter, I'm considering many unis at the moment, I need to narrow them down! But mainly, I'm avoiding unis in London because I don't like the atmosphere of city unis ",
        "user": "U5XRV14GH",
        "ts": "1499850852.695645",
        "team": "T4UUTPV18",
        "user_team": "T4UUTPV18",
        "source_team": "T4UUTPV18",
        "user_profile": {
            "avatar_hash": "g701010fe977",
            "image_72": "https:\/\/secure.gravatar.com\/avatar\/0701010fe977ea5a26078fa440d5e657.jpg?s=72&d=https%3A%2F%2Fa.slack-edge.com%2Fdf10d%2Fimg%2Favatars%2Fava_0005-72.png",
            "first_name": "Ayah",
            "real_name": "Ayah",
            "display_name": "ayah.raya",
            "team": "T4UUTPV18",
            "name": "ayah.raya",
            "is_restricted": false,
            "is_ultra_restricted": false
        }
    },
    {
        "type": "message",
        "text": "Which uni did you go to? ",
        "user": "U5XRV14GH",
        "ts": "1499850866.701413",
        "team": "T4UUTPV18",
        "user_team": "T4UUTPV18",
        "source_team": "T4UUTPV18",
        "user_profile": {
            "avatar_hash": "g701010fe977",
            "image_72": "https:\/\/secure.gravatar.com\/avatar\/0701010fe977ea5a26078fa440d5e657.jpg?s=72&d=https%3A%2F%2Fa.slack-edge.com%2Fdf10d%2Fimg%2Favatars%2Fava_0005-72.png",
            "first_name": "Ayah",
            "real_name": "Ayah",
            "display_name": "ayah.raya",
            "team": "T4UUTPV18",
            "name": "ayah.raya",
            "is_restricted": false,
            "is_ultra_restricted": false
        }
    },
    {
        "type": "message",
        "text": "Also, I have searched many places for tutoring opportunities but all required an undergraduate degree. What do you think is the best way to look for tutoring opportunities? ",
        "user": "U5XRV14GH",
        "ts": "1499851157.817986",
        "team": "T4UUTPV18",
        "user_team": "T4UUTPV18",
        "source_team": "T4UUTPV18",
        "user_profile": {
            "avatar_hash": "g701010fe977",
            "image_72": "https:\/\/secure.gravatar.com\/avatar\/0701010fe977ea5a26078fa440d5e657.jpg?s=72&d=https%3A%2F%2Fa.slack-edge.com%2Fdf10d%2Fimg%2Favatars%2Fava_0005-72.png",
            "first_name": "Ayah",
            "real_name": "Ayah",
            "display_name": "ayah.raya",
            "team": "T4UUTPV18",
            "name": "ayah.raya",
            "is_restricted": false,
            "is_ultra_restricted": false
        }
    },
    {
        "type": "message",
        "text": "What a coincidence! I went to Exeter and I highly recommend it. If you apply there for English you have two options: you can either be on the main campus in Exeter itself or if you like a slightly quieter life then there is a campus in Cornwall near beaches etc. Both are lovely but it depends on the kind of life you want for those three years. Are you more a stroll and pub lunch girl or would you like more shops and better clubbing?\n\nI'd say your best bet for now is going via anyone you know, so let friends and family ",
        "user": "U5XFGLR7X",
        "ts": "1499860280.966298",
        "team": "T4UUTPV18",
        "user_team": "T4UUTPV18",
        "source_team": "T4UUTPV18",
        "user_profile": {
            "avatar_hash": "1df66bfa0e19",
            "image_72": "https:\/\/avatars.slack-edge.com\/2017-06-21\/202263735607_1df66bfa0e1959635bd6_72.jpg",
            "first_name": "Sonal",
            "real_name": "Sonal Patel",
            "display_name": "sonal",
            "team": "T4UUTPV18",
            "name": "sonal",
            "is_restricted": false,
            "is_ultra_restricted": false
        }
    },
    {
        "type": "message",
        "text": "* friends and family know you're tutoring and you might get a friend's relative or someone your parents know etc",
        "user": "U5XFGLR7X",
        "ts": "1499860312.976468",
        "team": "T4UUTPV18",
        "user_team": "T4UUTPV18",
        "source_team": "T4UUTPV18",
        "user_profile": {
            "avatar_hash": "1df66bfa0e19",
            "image_72": "https:\/\/avatars.slack-edge.com\/2017-06-21\/202263735607_1df66bfa0e1959635bd6_72.jpg",
            "first_name": "Sonal",
            "real_name": "Sonal Patel",
            "display_name": "sonal",
            "team": "T4UUTPV18",
            "name": "sonal",
            "is_restricted": false,
            "is_ultra_restricted": false
        }
    }
]