[
    {
        "type": "message",
        "subtype": "bot_message",
        "text": "Hi Michael! I assume we're calling over discord so my username is DarcyDoo#4107 :slightly_smiling_face:",
        "ts": "1579170346.002800",
        "username": "Darcy John (Prospela Students (beta))",
        "icons": {
            "image_48": "https:\/\/s3-us-west-2.amazonaws.com\/slack-files2\/bot_icons\/2020-01-16\/909003757269_48.png"
        },
        "bot_id": "B6CS60LDU"
    },
    {
        "type": "message",
        "subtype": "bot_message",
        "text": "Hey Darcy! Sure thing, I’ve sent you a request! Speak soon :relaxed:",
        "ts": "1579170637.002900",
        "username": "Michael (Prospela Mentors (beta))",
        "icons": {
            "image_48": "https:\/\/s3-us-west-2.amazonaws.com\/slack-files2\/bot_icons\/2020-01-16\/896215049970_48.png"
        },
        "bot_id": "B6CS60LDU"
    }
]