[
    {
        "type": "message",
        "subtype": "channel_join",
        "ts": "1585855818.000200",
        "user": "U4VR52RQE",
        "text": "<@U4VR52RQE> has joined the channel"
    },
    {
        "type": "message",
        "subtype": "channel_join",
        "ts": "1585855819.000400",
        "user": "U6D2VCN07",
        "text": "<@U6D2VCN07> has joined the channel",
        "inviter": "U4VR52RQE"
    },
    {
        "type": "message",
        "subtype": "bot_message",
        "text": ":champagne: _You have opened a new, empty shared channel._ \n_Share <https:\/\/www.smooz.io\/room\/5e863d4a86e7aa00042448cf|this link> with other teams to invite them in it_",
        "ts": "1585855822.000500",
        "username": "Smooz",
        "bot_id": "B6CS60LDU"
    }
]