[
    {
        "type": "message",
        "text": "Your Slack export has completed! You can download the file from <https:\/\/prospela.slack.com\/services\/export\/download\/205983495264\/59e711a5|your export page>.",
        "user": "USLACKBOT",
        "ts": "1498892484.476844",
        "team": "T4UUTPV18",
        "user_team": "T4UUTPV18",
        "source_team": "T4UUTPV18",
        "user_profile": {
            "avatar_hash": "sv41d8cd98f0",
            "image_72": "https:\/\/a.slack-edge.com\/80588\/img\/slackbot_72.png",
            "first_name": "slackbot",
            "real_name": "Slackbot",
            "display_name": "Slackbot",
            "team": "T4UUTPV18",
            "name": "slackbot",
            "is_restricted": false,
            "is_ultra_restricted": false
        }
    },
    {
        "type": "message",
        "subtype": "bot_message",
        "text": ":white_check_mark: Uploaded image: *Prospela - Your Mentee Profile - Mohammad.pdf* under review.",
        "ts": "1498903213.066544",
        "username": "ModerateContent.com",
        "bot_id": "B5JB0K58V"
    },
    {
        "type": "message",
        "subtype": "bot_message",
        "text": ":white_check_mark: Uploaded image: *Prospela - Your Mentee Profile - Mohammad.pdf* meets our content policy.",
        "ts": "1498903214.066623",
        "username": "ModerateContent.com",
        "bot_id": "B5JB0K58V"
    },
    {
        "type": "message",
        "subtype": "bot_message",
        "text": ":white_check_mark: Uploaded image: *Prospela - Your Mentee Profile - Mohammad.pdf* under review.",
        "ts": "1498903275.070912",
        "username": "ModerateContent.com",
        "bot_id": "B5JB0K58V"
    },
    {
        "type": "message",
        "subtype": "bot_message",
        "text": ":white_check_mark: Uploaded image: *Prospela - Your Mentee Profile - Mohammad.pdf* meets our content policy.",
        "ts": "1498903276.070976",
        "username": "ModerateContent.com",
        "bot_id": "B5JB0K58V"
    },
    {
        "type": "message",
        "subtype": "bot_message",
        "text": ":white_check_mark: Uploaded image: *Prospela - Your Mentee Profile - Jannatul.pptm* under review.",
        "ts": "1498903725.097070",
        "username": "ModerateContent.com",
        "bot_id": "B5JB0K58V"
    },
    {
        "type": "message",
        "subtype": "bot_message",
        "text": ":white_check_mark: Uploaded image: *Prospela - Your Mentee Profile - Jannatul.pptm* meets our content policy.",
        "ts": "1498903726.097118",
        "username": "ModerateContent.com",
        "bot_id": "B5JB0K58V"
    },
    {
        "type": "message",
        "subtype": "bot_message",
        "text": ":white_check_mark: Uploaded image: *Prospela - Your Mentee Profile - Oubeid.pdf* under review.",
        "ts": "1498904064.116321",
        "username": "ModerateContent.com",
        "bot_id": "B5JB0K58V"
    },
    {
        "type": "message",
        "subtype": "bot_message",
        "text": ":white_check_mark: Uploaded image: *Prospela - Your Mentee Profile - Oubeid.pdf* meets our content policy.",
        "ts": "1498904065.116405",
        "username": "ModerateContent.com",
        "bot_id": "B5JB0K58V"
    },
    {
        "type": "message",
        "subtype": "bot_message",
        "text": ":white_check_mark: Uploaded image: *Prospela - Your Mentee Profile -  Ester.pdf* under review.",
        "ts": "1498904078.117178",
        "username": "ModerateContent.com",
        "bot_id": "B5JB0K58V"
    },
    {
        "type": "message",
        "subtype": "bot_message",
        "text": ":white_check_mark: Uploaded image: *Prospela - Your Mentee Profile -  Ester.pdf* meets our content policy.",
        "ts": "1498904079.117215",
        "username": "ModerateContent.com",
        "bot_id": "B5JB0K58V"
    },
    {
        "type": "message",
        "subtype": "bot_message",
        "text": ":white_check_mark: Uploaded image: *Prospela - Your Mentee Profile - Georgina.pdf* under review.",
        "ts": "1498904616.147466",
        "username": "ModerateContent.com",
        "bot_id": "B5JB0K58V"
    },
    {
        "type": "message",
        "subtype": "bot_message",
        "text": ":white_check_mark: Uploaded image: *Prospela - Your Mentee Profile - Georgina.pdf* meets our content policy.",
        "ts": "1498904617.147543",
        "username": "ModerateContent.com",
        "bot_id": "B5JB0K58V"
    },
    {
        "type": "message",
        "subtype": "bot_message",
        "text": ":white_check_mark: Uploaded image: *Prospela - Your Mentee Profile - Ivanna.pdf* under review.",
        "ts": "1498905040.171210",
        "username": "ModerateContent.com",
        "bot_id": "B5JB0K58V"
    },
    {
        "type": "message",
        "subtype": "bot_message",
        "text": ":white_check_mark: Uploaded image: *Prospela - Your Mentee Profile - Ivanna.pdf* meets our content policy.",
        "ts": "1498905041.171274",
        "username": "ModerateContent.com",
        "bot_id": "B5JB0K58V"
    },
    {
        "type": "message",
        "subtype": "bot_message",
        "text": ":white_check_mark: Uploaded image: *Prospela - Your Mentee Profile - Ayah.pdf* under review.",
        "ts": "1498905289.185276",
        "username": "ModerateContent.com",
        "bot_id": "B5JB0K58V"
    },
    {
        "type": "message",
        "subtype": "bot_message",
        "text": ":white_check_mark: Uploaded image: *Prospela - Your Mentee Profile - Ayah.pdf* meets our content policy.",
        "ts": "1498905290.185335",
        "username": "ModerateContent.com",
        "bot_id": "B5JB0K58V"
    },
    {
        "type": "message",
        "subtype": "bot_message",
        "text": ":white_check_mark: Uploaded image: *Prospela - Your Mentee Profile - Ewelina.pdf* under review.",
        "ts": "1498905295.185624",
        "username": "ModerateContent.com",
        "bot_id": "B5JB0K58V"
    },
    {
        "type": "message",
        "subtype": "bot_message",
        "text": ":white_check_mark: Uploaded image: *Prospela - Your Mentee Profile - Ewelina.pdf* meets our content policy.",
        "ts": "1498905296.185683",
        "username": "ModerateContent.com",
        "bot_id": "B5JB0K58V"
    },
    {
        "type": "message",
        "subtype": "bot_message",
        "text": ":white_check_mark: Uploaded image: *Prospela e-mentoring - Student Onboarding Pack (Summer Programme) vSlack.pdf* under review.",
        "ts": "1498905876.218239",
        "username": "ModerateContent.com",
        "bot_id": "B5JB0K58V"
    },
    {
        "type": "message",
        "subtype": "bot_message",
        "text": ":white_check_mark: Uploaded image: *Prospela e-mentoring - Student Onboarding Pack (Summer Programme) vSlack.pdf* meets our content policy.",
        "ts": "1498905877.218287",
        "username": "ModerateContent.com",
        "bot_id": "B5JB0K58V"
    },
    {
        "type": "message",
        "subtype": "bot_message",
        "text": ":white_check_mark: Uploaded image: *Prospela - Your Mentee Profile - Radhika.pdf* under review.",
        "ts": "1498905969.223476",
        "username": "ModerateContent.com",
        "bot_id": "B5JB0K58V"
    },
    {
        "type": "message",
        "subtype": "bot_message",
        "text": ":white_check_mark: Uploaded image: *Prospela - Your Mentee Profile - Radhika.pdf* meets our content policy.",
        "ts": "1498905970.223517",
        "username": "ModerateContent.com",
        "bot_id": "B5JB0K58V"
    }
]