[
    {
        "type": "message",
        "text": "Your Slack export has completed! You can download the file from <https:\/\/prospela.slack.com\/services\/export\/download\/201093882708\/0fa37a67|your export page>.",
        "user": "USLACKBOT",
        "ts": "1498028459.141549",
        "team": "T4UUTPV18",
        "user_team": "T4UUTPV18",
        "source_team": "T4UUTPV18",
        "user_profile": {
            "avatar_hash": "sv41d8cd98f0",
            "image_72": "https:\/\/a.slack-edge.com\/80588\/img\/slackbot_72.png",
            "first_name": "slackbot",
            "real_name": "Slackbot",
            "display_name": "Slackbot",
            "team": "T4UUTPV18",
            "name": "slackbot",
            "is_restricted": false,
            "is_ultra_restricted": false
        }
    },
    {
        "type": "message",
        "subtype": "bot_message",
        "text": ":white_check_mark: Uploaded image: *Mentor Student Matching.xlsx* under review.",
        "ts": "1498047701.427867",
        "username": "ModerateContent.com",
        "bot_id": "B5JB0K58V"
    },
    {
        "type": "message",
        "subtype": "bot_message",
        "text": ":white_check_mark: Uploaded image: *Mentor Student Matching.xlsx* meets our content policy.",
        "ts": "1498047702.428112",
        "username": "ModerateContent.com",
        "bot_id": "B5JB0K58V"
    },
    {
        "type": "message",
        "subtype": "bot_message",
        "text": ":white_check_mark: Uploaded image: *Prospela - Career Plan: Jannatul* under review.",
        "ts": "1498066594.495987",
        "username": "ModerateContent.com",
        "bot_id": "B5JB0K58V"
    },
    {
        "type": "message",
        "subtype": "bot_message",
        "text": ":white_check_mark: Uploaded image: *Prospela - Your Mentee Profile - Justice.pdf* under review.",
        "ts": "1498066678.526433",
        "username": "ModerateContent.com",
        "bot_id": "B5JB0K58V"
    },
    {
        "type": "message",
        "subtype": "bot_message",
        "text": ":white_check_mark: Uploaded image: *Prospela - Your Mentee Profile - Justice.pdf* meets our content policy.",
        "ts": "1498066680.526881",
        "username": "ModerateContent.com",
        "bot_id": "B5JB0K58V"
    },
    {
        "type": "message",
        "subtype": "bot_message",
        "text": ":white_check_mark: Uploaded image: *Prospela - Your Mentee Profile -  Ester.pdf* under review.",
        "ts": "1498068186.095930",
        "username": "ModerateContent.com",
        "bot_id": "B5JB0K58V"
    },
    {
        "type": "message",
        "subtype": "bot_message",
        "text": ":white_check_mark: Uploaded image: *Prospela - Your Mentee Profile -  Ester.pdf* meets our content policy.",
        "ts": "1498068187.096357",
        "username": "ModerateContent.com",
        "bot_id": "B5JB0K58V"
    },
    {
        "type": "message",
        "subtype": "bot_message",
        "text": ":white_check_mark: Uploaded image: *Prospela - Your Mentee Profile - Yasir.pdf* under review.",
        "ts": "1498068255.122196",
        "username": "ModerateContent.com",
        "bot_id": "B5JB0K58V"
    },
    {
        "type": "message",
        "subtype": "bot_message",
        "text": ":white_check_mark: Uploaded image: *Prospela - Your Mentee Profile - Yasir.pdf* meets our content policy.",
        "ts": "1498068256.122723",
        "username": "ModerateContent.com",
        "bot_id": "B5JB0K58V"
    },
    {
        "type": "message",
        "text": "<@U4VR52RQE|dexter-prospela> shared your private file <https:\/\/prospela.slack.com\/files\/emma-prospela\/F5XCB1GUS\/prospela_-_career_plan__jannatul|Prospela - Career Plan: Jannatul.pptm> in the conversation *dexter-prospela, growbot, jtamim*.",
        "user": "USLACKBOT",
        "ts": "1498068291.135710",
        "team": "T4UUTPV18",
        "user_team": "T4UUTPV18",
        "source_team": "T4UUTPV18",
        "user_profile": {
            "avatar_hash": "sv41d8cd98f0",
            "image_72": "https:\/\/a.slack-edge.com\/80588\/img\/slackbot_72.png",
            "first_name": "slackbot",
            "real_name": "Slackbot",
            "display_name": "Slackbot",
            "team": "T4UUTPV18",
            "name": "slackbot",
            "is_restricted": false,
            "is_ultra_restricted": false
        }
    },
    {
        "type": "message",
        "subtype": "bot_message",
        "text": ":white_check_mark: Uploaded image: *Prospela - Your Mentee Profile - Ayisha.pdf* under review.",
        "ts": "1498068319.146612",
        "username": "ModerateContent.com",
        "bot_id": "B5JB0K58V"
    },
    {
        "type": "message",
        "subtype": "bot_message",
        "text": ":white_check_mark: Uploaded image: *Prospela - Your Mentee Profile - Ayisha.pdf* meets our content policy.",
        "ts": "1498068320.146962",
        "username": "ModerateContent.com",
        "bot_id": "B5JB0K58V"
    },
    {
        "type": "message",
        "text": "You have been removed from the group test by <@U4VR52RQE|dexter-prospela>",
        "user": "USLACKBOT",
        "ts": "1498069522.592865",
        "team": "T4UUTPV18",
        "user_team": "T4UUTPV18",
        "source_team": "T4UUTPV18",
        "user_profile": {
            "avatar_hash": "sv41d8cd98f0",
            "image_72": "https:\/\/a.slack-edge.com\/80588\/img\/slackbot_72.png",
            "first_name": "slackbot",
            "real_name": "Slackbot",
            "display_name": "Slackbot",
            "team": "T4UUTPV18",
            "name": "slackbot",
            "is_restricted": false,
            "is_ultra_restricted": false
        }
    },
    {
        "type": "message",
        "text": "You have been removed from the group test2 by <@U4VR52RQE|dexter-prospela>",
        "user": "USLACKBOT",
        "ts": "1498069865.725490",
        "team": "T4UUTPV18",
        "user_team": "T4UUTPV18",
        "source_team": "T4UUTPV18",
        "user_profile": {
            "avatar_hash": "sv41d8cd98f0",
            "image_72": "https:\/\/a.slack-edge.com\/80588\/img\/slackbot_72.png",
            "first_name": "slackbot",
            "real_name": "Slackbot",
            "display_name": "Slackbot",
            "team": "T4UUTPV18",
            "name": "slackbot",
            "is_restricted": false,
            "is_ultra_restricted": false
        }
    },
    {
        "type": "message",
        "subtype": "bot_message",
        "text": ":white_check_mark: Uploaded image: *Prospela - Your Mentee Profile - Mohammad.pdf* under review.",
        "ts": "1498071470.319239",
        "username": "ModerateContent.com",
        "bot_id": "B5JB0K58V"
    },
    {
        "type": "message",
        "subtype": "bot_message",
        "text": ":white_check_mark: Uploaded image: *Prospela - Your Mentee Profile - Mohammad.pdf* meets our content policy.",
        "ts": "1498071471.319647",
        "username": "ModerateContent.com",
        "bot_id": "B5JB0K58V"
    },
    {
        "type": "message",
        "subtype": "bot_message",
        "text": ":white_check_mark: Uploaded image: *Prospela - Your Mentee Profile - Adnan.pdf* under review.",
        "ts": "1498071552.349030",
        "username": "ModerateContent.com",
        "bot_id": "B5JB0K58V"
    },
    {
        "type": "message",
        "subtype": "bot_message",
        "text": ":white_check_mark: Uploaded image: *Prospela - Your Mentee Profile - Adnan.pdf* meets our content policy.",
        "ts": "1498071553.349392",
        "username": "ModerateContent.com",
        "bot_id": "B5JB0K58V"
    },
    {
        "type": "message",
        "subtype": "bot_message",
        "text": ":white_check_mark: Uploaded image: *Prospela - Your Mentee Profile - Dinesh.pdf* under review.",
        "ts": "1498071627.378264",
        "username": "ModerateContent.com",
        "bot_id": "B5JB0K58V"
    },
    {
        "type": "message",
        "subtype": "bot_message",
        "text": ":white_check_mark: Uploaded image: *Prospela - Your Mentee Profile - Dinesh.pdf* meets our content policy.",
        "ts": "1498071628.378683",
        "username": "ModerateContent.com",
        "bot_id": "B5JB0K58V"
    },
    {
        "type": "message",
        "subtype": "bot_message",
        "text": ":white_check_mark: Uploaded image: *Prospela - Your Mentee Profile - Kaarujan.pdf* under review.",
        "ts": "1498072079.544150",
        "username": "ModerateContent.com",
        "bot_id": "B5JB0K58V"
    },
    {
        "type": "message",
        "subtype": "bot_message",
        "text": ":white_check_mark: Uploaded image: *Prospela - Your Mentee Profile - Kaarujan.pdf* meets our content policy.",
        "ts": "1498072080.544474",
        "username": "ModerateContent.com",
        "bot_id": "B5JB0K58V"
    },
    {
        "type": "message",
        "subtype": "bot_message",
        "text": ":white_check_mark: Uploaded image: *Prospela - Your Mentee Profile - Ewelina.pdf* under review.",
        "ts": "1498072779.781675",
        "username": "ModerateContent.com",
        "bot_id": "B5JB0K58V"
    },
    {
        "type": "message",
        "subtype": "bot_message",
        "text": ":white_check_mark: Uploaded image: *Prospela - Your Mentee Profile - Ewelina.pdf* meets our content policy.",
        "ts": "1498072780.782031",
        "username": "ModerateContent.com",
        "bot_id": "B5JB0K58V"
    },
    {
        "type": "message",
        "subtype": "bot_message",
        "text": ":white_check_mark: Uploaded image: *Prospela - Your Mentee Profile - Giovanna.pdf* under review.",
        "ts": "1498072829.798657",
        "username": "ModerateContent.com",
        "bot_id": "B5JB0K58V"
    },
    {
        "type": "message",
        "subtype": "bot_message",
        "text": ":white_check_mark: Uploaded image: *Prospela - Your Mentee Profile - Giovanna.pdf* meets our content policy.",
        "ts": "1498072830.798944",
        "username": "ModerateContent.com",
        "bot_id": "B5JB0K58V"
    },
    {
        "type": "message",
        "subtype": "bot_message",
        "text": ":white_check_mark: Uploaded image: *Prospela - Your Mentee Profile - Ivanna.pdf* under review.",
        "ts": "1498073122.897945",
        "username": "ModerateContent.com",
        "bot_id": "B5JB0K58V"
    },
    {
        "type": "message",
        "subtype": "bot_message",
        "text": ":white_check_mark: Uploaded image: *Prospela - Your Mentee Profile - Ivanna.pdf* meets our content policy.",
        "ts": "1498073123.898443",
        "username": "ModerateContent.com",
        "bot_id": "B5JB0K58V"
    },
    {
        "type": "message",
        "subtype": "bot_message",
        "text": ":white_check_mark: Uploaded image: *Prospela - Your Mentee Profile - Ayah.pdf* under review.",
        "ts": "1498073656.080063",
        "username": "ModerateContent.com",
        "bot_id": "B5JB0K58V"
    },
    {
        "type": "message",
        "subtype": "bot_message",
        "text": ":white_check_mark: Uploaded image: *Prospela - Your Mentee Profile - Ayah.pdf* meets our content policy.",
        "ts": "1498073657.080410",
        "username": "ModerateContent.com",
        "bot_id": "B5JB0K58V"
    },
    {
        "type": "message",
        "subtype": "bot_message",
        "text": ":white_check_mark: Uploaded image: *Prospela - Your Mentee Profile - Ugbad.pdf* under review.",
        "ts": "1498073674.086322",
        "username": "ModerateContent.com",
        "bot_id": "B5JB0K58V"
    },
    {
        "type": "message",
        "subtype": "bot_message",
        "text": ":white_check_mark: Uploaded image: *Prospela - Your Mentee Profile - Ugbad.pdf* meets our content policy.",
        "ts": "1498073675.086641",
        "username": "ModerateContent.com",
        "bot_id": "B5JB0K58V"
    },
    {
        "type": "message",
        "subtype": "bot_message",
        "text": ":white_check_mark: Uploaded image: *Prospela - Your Mentee Profile - Palween.pdf* under review.",
        "ts": "1498074188.259892",
        "username": "ModerateContent.com",
        "bot_id": "B5JB0K58V"
    },
    {
        "type": "message",
        "subtype": "bot_message",
        "text": ":white_check_mark: Uploaded image: *Prospela - Your Mentee Profile - Palween.pdf* meets our content policy.",
        "ts": "1498074189.260178",
        "username": "ModerateContent.com",
        "bot_id": "B5JB0K58V"
    },
    {
        "type": "message",
        "subtype": "bot_message",
        "text": ":white_check_mark: Uploaded image: *Prospela - Your Mentee Profile - Palween.pdf* under review.",
        "ts": "1498074289.294265",
        "username": "ModerateContent.com",
        "bot_id": "B5JB0K58V"
    },
    {
        "type": "message",
        "subtype": "bot_message",
        "text": ":white_check_mark: Uploaded image: *Prospela - Your Mentee Profile - Palween.pdf* meets our content policy.",
        "ts": "1498074290.294581",
        "username": "ModerateContent.com",
        "bot_id": "B5JB0K58V"
    },
    {
        "type": "message",
        "subtype": "bot_message",
        "text": ":white_check_mark: Uploaded image: *Prospela - Your Mentee Profile - Hargun.pdf* under review.",
        "ts": "1498074735.448724",
        "username": "ModerateContent.com",
        "bot_id": "B5JB0K58V"
    },
    {
        "type": "message",
        "subtype": "bot_message",
        "text": ":white_check_mark: Uploaded image: *Prospela - Your Mentee Profile - Hargun.pdf* meets our content policy.",
        "ts": "1498074737.449331",
        "username": "ModerateContent.com",
        "bot_id": "B5JB0K58V"
    },
    {
        "type": "message",
        "subtype": "bot_message",
        "text": ":white_check_mark: Uploaded image: *Prospela - Your Mentee Profile - Antonia.pdf* under review.",
        "ts": "1498075238.627354",
        "username": "ModerateContent.com",
        "bot_id": "B5JB0K58V"
    },
    {
        "type": "message",
        "subtype": "bot_message",
        "text": ":white_check_mark: Uploaded image: *Prospela - Your Mentee Profile - Antonia.pdf* meets our content policy.",
        "ts": "1498075239.627653",
        "username": "ModerateContent.com",
        "bot_id": "B5JB0K58V"
    },
    {
        "type": "message",
        "subtype": "bot_message",
        "text": ":white_check_mark: Uploaded image: *Prospela - Your Mentee Profile - Antonia.pdf* under review.",
        "ts": "1498075572.745515",
        "username": "ModerateContent.com",
        "bot_id": "B5JB0K58V"
    },
    {
        "type": "message",
        "subtype": "bot_message",
        "text": ":white_check_mark: Uploaded image: *Prospela - Your Mentee Profile - Antonia.pdf* meets our content policy.",
        "ts": "1498075573.745862",
        "username": "ModerateContent.com",
        "bot_id": "B5JB0K58V"
    },
    {
        "type": "message",
        "subtype": "bot_message",
        "text": ":white_check_mark: Uploaded image: *Prospela - Your Mentee Profile - Athethan.pdf* under review.",
        "ts": "1498076949.217438",
        "username": "ModerateContent.com",
        "bot_id": "B5JB0K58V"
    },
    {
        "type": "message",
        "subtype": "bot_message",
        "text": ":white_check_mark: Uploaded image: *Prospela - Your Mentee Profile - Athethan.pdf* meets our content policy.",
        "ts": "1498076950.217728",
        "username": "ModerateContent.com",
        "bot_id": "B5JB0K58V"
    },
    {
        "type": "message",
        "subtype": "bot_message",
        "text": ":white_check_mark: Uploaded image: *Prospela - Your Mentee Profile - Elaria.pdf* under review.",
        "ts": "1498077496.406829",
        "username": "ModerateContent.com",
        "bot_id": "B5JB0K58V"
    },
    {
        "type": "message",
        "subtype": "bot_message",
        "text": ":white_check_mark: Uploaded image: *Prospela - Your Mentee Profile - Elaria.pdf* meets our content policy.",
        "ts": "1498077497.407293",
        "username": "ModerateContent.com",
        "bot_id": "B5JB0K58V"
    },
    {
        "type": "message",
        "subtype": "bot_message",
        "text": ":white_check_mark: Uploaded image: *Prospela - Your Mentee Profile - Aishah.pdf* under review.",
        "ts": "1498078313.682703",
        "username": "ModerateContent.com",
        "bot_id": "B5JB0K58V"
    },
    {
        "type": "message",
        "subtype": "bot_message",
        "text": ":white_check_mark: Uploaded image: *Prospela - Your Mentee Profile - Aishah.pdf* meets our content policy.",
        "ts": "1498078314.683070",
        "username": "ModerateContent.com",
        "bot_id": "B5JB0K58V"
    },
    {
        "type": "message",
        "subtype": "bot_message",
        "text": ":white_check_mark: Uploaded image: *Prospela - Your Mentee Profile - Alex.pdf* under review.",
        "ts": "1498078340.691846",
        "username": "ModerateContent.com",
        "bot_id": "B5JB0K58V"
    },
    {
        "type": "message",
        "subtype": "bot_message",
        "text": ":white_check_mark: Uploaded image: *Prospela - Your Mentee Profile - Alex.pdf* meets our content policy.",
        "ts": "1498078341.692173",
        "username": "ModerateContent.com",
        "bot_id": "B5JB0K58V"
    },
    {
        "type": "message",
        "text": "Your Slack export has completed! You can download the file from <https:\/\/prospela.slack.com\/services\/export\/download\/200913770240\/a8f8b495|your export page>.",
        "user": "USLACKBOT",
        "ts": "1498080684.422900",
        "team": "T4UUTPV18",
        "user_team": "T4UUTPV18",
        "source_team": "T4UUTPV18",
        "user_profile": {
            "avatar_hash": "sv41d8cd98f0",
            "image_72": "https:\/\/a.slack-edge.com\/80588\/img\/slackbot_72.png",
            "first_name": "slackbot",
            "real_name": "Slackbot",
            "display_name": "Slackbot",
            "team": "T4UUTPV18",
            "name": "slackbot",
            "is_restricted": false,
            "is_ultra_restricted": false
        }
    }
]