[
    {
        "type": "message",
        "text": "Your Slack export has completed! You can download the file from <https:\/\/prospela.slack.com\/services\/export\/download\/195259740708\/944959ca|your export page>.",
        "user": "USLACKBOT",
        "ts": "1496991660.655247",
        "team": "T4UUTPV18",
        "user_team": "T4UUTPV18",
        "source_team": "T4UUTPV18",
        "user_profile": {
            "avatar_hash": "sv41d8cd98f0",
            "image_72": "https:\/\/a.slack-edge.com\/80588\/img\/slackbot_72.png",
            "first_name": "slackbot",
            "real_name": "Slackbot",
            "display_name": "Slackbot",
            "team": "T4UUTPV18",
            "name": "slackbot",
            "is_restricted": false,
            "is_ultra_restricted": false
        }
    },
    {
        "type": "message",
        "text": "You have been added to the <!subteam^S5RLG5XS8|@menteesusergrouptest> User Group by <@U4VR52RQE|dexter-prospela>. From now on, you will be notified when someone uses <!subteam^S5RLG5XS8|@menteesusergrouptest>.",
        "user": "USLACKBOT",
        "ts": "1497039987.945461",
        "team": "T4UUTPV18",
        "user_team": "T4UUTPV18",
        "source_team": "T4UUTPV18",
        "user_profile": {
            "avatar_hash": "sv41d8cd98f0",
            "image_72": "https:\/\/a.slack-edge.com\/80588\/img\/slackbot_72.png",
            "first_name": "slackbot",
            "real_name": "Slackbot",
            "display_name": "Slackbot",
            "team": "T4UUTPV18",
            "name": "slackbot",
            "is_restricted": false,
            "is_ultra_restricted": false
        }
    }
]