[
    {
        "type": "message",
        "text": "Your Slack export has completed! You can download the file from <https:\/\/prospela.slack.com\/services\/export\/download\/204726201888\/293ce3f6|your export page>.",
        "user": "USLACKBOT",
        "ts": "1498719661.403129",
        "team": "T4UUTPV18",
        "user_team": "T4UUTPV18",
        "source_team": "T4UUTPV18",
        "user_profile": {
            "avatar_hash": "sv41d8cd98f0",
            "image_72": "https:\/\/a.slack-edge.com\/80588\/img\/slackbot_72.png",
            "first_name": "slackbot",
            "real_name": "Slackbot",
            "display_name": "Slackbot",
            "team": "T4UUTPV18",
            "name": "slackbot",
            "is_restricted": false,
            "is_ultra_restricted": false
        }
    },
    {
        "type": "message",
        "subtype": "bot_message",
        "text": ":white_check_mark: Uploaded image: *Prospela e-mentoring - Student Onboarding Pack (Summer Programme) vSlack.pdf* under review.",
        "ts": "1498770304.194326",
        "username": "ModerateContent.com",
        "bot_id": "B5JB0K58V"
    },
    {
        "type": "message",
        "subtype": "bot_message",
        "text": ":white_check_mark: Uploaded image: *Prospela e-mentoring - Student Onboarding Pack (Summer Programme) vSlack.pdf* meets our content policy.",
        "ts": "1498770305.194697",
        "username": "ModerateContent.com",
        "bot_id": "B5JB0K58V"
    },
    {
        "type": "message",
        "subtype": "bot_message",
        "text": ":white_check_mark: Uploaded image: *Prospela - Your Mentee Profile - Hastings.pdf* under review.",
        "ts": "1498770482.249877",
        "username": "ModerateContent.com",
        "bot_id": "B5JB0K58V"
    },
    {
        "type": "message",
        "subtype": "bot_message",
        "text": ":white_check_mark: Uploaded image: *Prospela - Your Mentee Profile - Hastings.pdf* meets our content policy.",
        "ts": "1498770483.250304",
        "username": "ModerateContent.com",
        "bot_id": "B5JB0K58V"
    },
    {
        "type": "message",
        "subtype": "bot_message",
        "text": ":white_check_mark: Uploaded image: *Prospela e-mentoring - Student Onboarding Pack (Summer Programme) vSlack.pdf* under review.",
        "ts": "1498770628.294860",
        "username": "ModerateContent.com",
        "bot_id": "B5JB0K58V"
    },
    {
        "type": "message",
        "subtype": "bot_message",
        "text": ":white_check_mark: Uploaded image: *Prospela e-mentoring - Student Onboarding Pack (Summer Programme) vSlack.pdf* meets our content policy.",
        "ts": "1498770629.295242",
        "username": "ModerateContent.com",
        "bot_id": "B5JB0K58V"
    }
]