[
    {
        "type": "message",
        "text": "Your Slack export has completed! You can download the file from <https:\/\/prospela.slack.com\/services\/export\/download\/215933159925\/af92bda5|your export page>.",
        "user": "USLACKBOT",
        "ts": "1500620467.150214",
        "team": "T4UUTPV18",
        "user_team": "T4UUTPV18",
        "source_team": "T4UUTPV18",
        "user_profile": {
            "avatar_hash": "sv41d8cd98f0",
            "image_72": "https:\/\/a.slack-edge.com\/80588\/img\/slackbot_72.png",
            "first_name": "slackbot",
            "real_name": "Slackbot",
            "display_name": "Slackbot",
            "team": "T4UUTPV18",
            "name": "slackbot",
            "is_restricted": false,
            "is_ultra_restricted": false
        }
    },
    {
        "bot_id": "B01",
        "type": "message",
        "text": "~You asked me to remind you about <https:\/\/prospela.slack.com\/archives\/G5WNPNS00\/p1500633000122000|this message> from <@U5Y0N7TRV|jtamim> in dexter-prospela, growbot, jtamim.~",
        "user": "USLACKBOT",
        "ts": "1500639394.733449",
        "team": "T4UUTPV18"
    }
]