[
    {
        "type": "message",
        "text": "<@U4VR52RQE|dexter-prospela> archived the channel <https:\/\/prospela.slack.com\/archives\/random|#random>",
        "user": "USLACKBOT",
        "ts": "1494768688.046860",
        "team": "T4UUTPV18",
        "user_team": "T4UUTPV18",
        "source_team": "T4UUTPV18",
        "user_profile": {
            "avatar_hash": "sv41d8cd98f0",
            "image_72": "https:\/\/a.slack-edge.com\/80588\/img\/slackbot_72.png",
            "first_name": "slackbot",
            "real_name": "Slackbot",
            "display_name": "Slackbot",
            "team": "T4UUTPV18",
            "name": "slackbot",
            "is_restricted": false,
            "is_ultra_restricted": false
        }
    }
]