[
    {
        "type": "message",
        "text": "Your Slack export has completed! You can download the file from <https:\/\/prospela.slack.com\/services\/export\/download\/205529791831\/42ad8e56|your export page>.",
        "user": "USLACKBOT",
        "ts": "1498633263.141678",
        "team": "T4UUTPV18",
        "user_team": "T4UUTPV18",
        "source_team": "T4UUTPV18",
        "user_profile": {
            "avatar_hash": "sv41d8cd98f0",
            "image_72": "https:\/\/a.slack-edge.com\/80588\/img\/slackbot_72.png",
            "first_name": "slackbot",
            "real_name": "Slackbot",
            "display_name": "Slackbot",
            "team": "T4UUTPV18",
            "name": "slackbot",
            "is_restricted": false,
            "is_ultra_restricted": false
        }
    },
    {
        "type": "message",
        "subtype": "bot_message",
        "text": ":white_check_mark: Uploaded image: *Prospela e-mentoring - Student Onboarding Pack (Summer Programme) vSlack.pdf* under review.",
        "ts": "1498634968.449369",
        "username": "ModerateContent.com",
        "bot_id": "B5JB0K58V"
    },
    {
        "type": "message",
        "subtype": "bot_message",
        "text": ":white_check_mark: Uploaded image: *Prospela e-mentoring - Student Onboarding Pack (Summer Programme) vSlack.pdf* meets our content policy.",
        "ts": "1498634970.449688",
        "username": "ModerateContent.com",
        "bot_id": "B5JB0K58V"
    },
    {
        "type": "message",
        "subtype": "bot_message",
        "text": ":white_check_mark: Uploaded image: *Prospela - Your Mentee Profile - Oubeid.pdf* under review.",
        "ts": "1498635296.515953",
        "username": "ModerateContent.com",
        "bot_id": "B5JB0K58V"
    },
    {
        "type": "message",
        "subtype": "bot_message",
        "text": ":white_check_mark: Uploaded image: *Prospela - Your Mentee Profile - Oubeid.pdf* meets our content policy.",
        "ts": "1498635297.516181",
        "username": "ModerateContent.com",
        "bot_id": "B5JB0K58V"
    },
    {
        "type": "message",
        "subtype": "bot_message",
        "text": ":white_check_mark: Uploaded image: *Prospela - Your Mentee Profile - Kaloyan.pdf* under review.",
        "ts": "1498635423.541309",
        "username": "ModerateContent.com",
        "bot_id": "B5JB0K58V"
    },
    {
        "type": "message",
        "subtype": "bot_message",
        "text": ":white_check_mark: Uploaded image: *Prospela - Your Mentee Profile - Kaloyan.pdf* meets our content policy.",
        "ts": "1498635424.541536",
        "username": "ModerateContent.com",
        "bot_id": "B5JB0K58V"
    },
    {
        "type": "message",
        "subtype": "bot_message",
        "text": ":white_check_mark: Uploaded image: *Prospela e-mentoring - Student Onboarding Pack (Summer Programme) vSlack.pdf* under review.",
        "ts": "1498635484.553079",
        "username": "ModerateContent.com",
        "bot_id": "B5JB0K58V"
    },
    {
        "type": "message",
        "subtype": "bot_message",
        "text": ":white_check_mark: Uploaded image: *Prospela e-mentoring - Student Onboarding Pack (Summer Programme) vSlack.pdf* meets our content policy.",
        "ts": "1498635485.553373",
        "username": "ModerateContent.com",
        "bot_id": "B5JB0K58V"
    },
    {
        "type": "message",
        "subtype": "bot_message",
        "text": ":white_check_mark: Uploaded image: *Prospela - Your Mentee Profile - Muchen.pdf* under review.",
        "ts": "1498637097.894784",
        "username": "ModerateContent.com",
        "bot_id": "B5JB0K58V"
    },
    {
        "type": "message",
        "subtype": "bot_message",
        "text": ":white_check_mark: Uploaded image: *Prospela - Your Mentee Profile - Muchen.pdf* meets our content policy.",
        "ts": "1498637098.895088",
        "username": "ModerateContent.com",
        "bot_id": "B5JB0K58V"
    }
]