[
    {
        "type": "message",
        "subtype": "channel_join",
        "ts": "1564495129.000200",
        "user": "U4VR52RQE",
        "text": "<@U4VR52RQE> has joined the channel"
    },
    {
        "type": "message",
        "subtype": "channel_join",
        "ts": "1564495129.000400",
        "user": "U6D2VCN07",
        "text": "<@U6D2VCN07> has joined the channel",
        "inviter": "U4VR52RQE"
    },
    {
        "type": "message",
        "subtype": "bot_message",
        "text": ":champagne: _You have opened a new, empty shared channel._ \n_Share <https:\/\/www.smooz.io\/room\/5d404d185e987100040582d4|this link> with other teams to invite them in it_",
        "ts": "1564495129.000500",
        "username": "Smooz",
        "bot_id": "B6CS60LDU"
    },
    {
        "type": "message",
        "subtype": "channel_join",
        "ts": "1564495257.000700",
        "user": "U4V22C6A1",
        "text": "<@U4V22C6A1> has joined the channel",
        "inviter": "U4VR52RQE"
    },
    {
        "type": "message",
        "subtype": "channel_name",
        "ts": "1564495414.000800",
        "user": "U4VR52RQE",
        "text": "<@U4VR52RQE> has renamed the channel from \"z-shared-23\" to \"chris-and-tori\"",
        "old_name": "z-shared-23",
        "name": "chris-and-tori"
    },
    {
        "type": "message",
        "subtype": "bot_message",
        "text": "_Team *Prospela Students (beta)* joined the shared channel_",
        "ts": "1564495554.000900",
        "username": "Smooz",
        "bot_id": "B6CS60LDU"
    },
    {
        "type": "message",
        "subtype": "bot_message",
        "text": "_Team *Prospela Mentors (beta)* joined the shared channel_",
        "ts": "1564495559.001000",
        "username": "Smooz",
        "bot_id": "B6CS60LDU"
    },
    {
        "type": "message",
        "subtype": "bot_message",
        "text": "_@aspinall.tori has joined the channel_",
        "ts": "1564496418.001100",
        "username": "smooz (Prospela Students (beta))",
        "icons": {
            "image_48": "https:\/\/s3-us-west-2.amazonaws.com\/slack-files2\/bot_icons\/2019-07-30\/699029886243_48.png"
        },
        "bot_id": "B6CS60LDU"
    },
    {
        "type": "message",
        "subtype": "bot_message",
        "text": "_@crisdufy has joined the channel_",
        "ts": "1564496427.001200",
        "username": "smooz (Prospela Mentors (beta))",
        "icons": {
            "image_48": "https:\/\/s3-us-west-2.amazonaws.com\/slack-files2\/bot_icons\/2019-07-30\/710440794837_48.png"
        },
        "bot_id": "B6CS60LDU"
    },
    {
        "type": "message",
        "subtype": "bot_message",
        "text": "Hey Tori, please meet Chris your incredible E-Mentor I've been telling you about! Feel free to introduce yourselves and continue chatting within this channel :wave:\n\nI will now be leaving the channel, but both please direct message myself or emma-prospela if you have any questions. All the best for now! :smile:",
        "ts": "1564496465.001300",
        "username": "Dexter Boyce (Prospela Students (beta))",
        "icons": {
            "image_48": "https:\/\/s3-us-west-2.amazonaws.com\/slack-files2\/bot_icons\/2019-07-30\/704083962721_48.png"
        },
        "bot_id": "B6CS60LDU"
    },
    {
        "type": "message",
        "subtype": "bot_message",
        "text": "_@dexter has left the channel_",
        "ts": "1564496474.001400",
        "username": "smooz (Prospela Students (beta))",
        "icons": {
            "image_48": "https:\/\/s3-us-west-2.amazonaws.com\/slack-files2\/bot_icons\/2019-07-30\/710441884901_48.png"
        },
        "bot_id": "B6CS60LDU"
    },
    {
        "type": "message",
        "subtype": "bot_message",
        "text": "_@dexter has left the channel_",
        "ts": "1564496479.001500",
        "username": "smooz (Prospela Mentors (beta))",
        "icons": {
            "image_48": "https:\/\/s3-us-west-2.amazonaws.com\/slack-files2\/bot_icons\/2019-07-30\/712281485271_48.png"
        },
        "bot_id": "B6CS60LDU"
    },
    {
        "type": "message",
        "subtype": "bot_message",
        "text": "Hi Tori, pleased to meet you!",
        "ts": "1564496624.001600",
        "username": "Chris Duffy (Prospela Mentors (beta))",
        "icons": {
            "image_48": "https:\/\/s3-us-west-2.amazonaws.com\/slack-files2\/bot_icons\/2019-07-30\/710445558437_48.png"
        },
        "bot_id": "B6CS60LDU"
    },
    {
        "type": "message",
        "subtype": "bot_message",
        "text": "Hey Chris! Great to E-meet you :)",
        "ts": "1564507116.001700",
        "username": "Tori Aspinall (Prospela Students (beta))",
        "icons": {
            "image_48": "https:\/\/s3-us-west-2.amazonaws.com\/slack-files2\/bot_icons\/2019-07-30\/710678401280_48.png"
        },
        "bot_id": "B6CS60LDU"
    }
]