[
    {
        "type": "message",
        "subtype": "channel_join",
        "ts": "1507463024.000031",
        "user": "U4VR52RQE",
        "text": "<@U4VR52RQE> has joined the channel"
    },
    {
        "type": "message",
        "subtype": "bot_message",
        "text": ":champagne: _You have opened a new, empty shared channel._ \n_Share <https:\/\/www.smooz.io\/room\/59da0f70fcd36500045961ac|this link> with other teams to invite them in it_",
        "ts": "1507463024.000043",
        "username": "Smooz",
        "bot_id": "B6CS60LDU"
    },
    {
        "type": "message",
        "subtype": "channel_join",
        "ts": "1507463025.000001",
        "user": "U6D2VCN07",
        "text": "<@U6D2VCN07> has joined the channel",
        "inviter": "U4VR52RQE"
    },
    {
        "type": "message",
        "subtype": "channel_join",
        "ts": "1507467550.000021",
        "user": "U4V22C6A1",
        "text": "<@U4V22C6A1> has joined the channel"
    },
    {
        "type": "message",
        "subtype": "bot_message",
        "text": "_Team *Mentor* joined the shared channel_",
        "ts": "1507468483.000058",
        "username": "Smooz",
        "bot_id": "B6CS60LDU"
    },
    {
        "type": "message",
        "subtype": "bot_message",
        "text": "_Team *Mentee* joined the shared channel_",
        "ts": "1507468500.000066",
        "username": "Smooz",
        "bot_id": "B6CS60LDU"
    }
]