[
    {
        "type": "message",
        "subtype": "bot_message",
        "text": "Sorry for the late reply , No not yet",
        "ts": "1508664117.000033",
        "username": "aalhar-2012 (Mentee)",
        "icons": {
            "image_48": "https:\/\/slack-files2.s3-us-west-2.amazonaws.com\/bot_icons\/2017-10-22\/261096343095_48.png"
        },
        "bot_id": "B6CS60LDU"
    },
    {
        "type": "message",
        "subtype": "bot_message",
        "text": "Try and call them tomorrow ",
        "ts": "1508669252.000013",
        "username": "sonal92 (Mentor)",
        "icons": {
            "image_48": "https:\/\/slack-files2.s3-us-west-2.amazonaws.com\/bot_icons\/2017-10-22\/260072120084_48.png"
        },
        "bot_id": "B6CS60LDU"
    }
]