[
    {
        "type": "message",
        "subtype": "channel_name",
        "ts": "1507581287.000556",
        "user": "U4VR52RQE",
        "text": "<@U4VR52RQE> has renamed the channel from \"z-shared-26\" to \"sonal-and-ayah\"",
        "old_name": "z-shared-26",
        "name": "sonal-and-ayah"
    },
    {
        "type": "message",
        "text": "<!channel>, Ayah we have matched you with Sonal as your E-Mentor. Feel free to introduce yourselves and continue chatting within this channel. Why not send a quick video to say hello! :wave:\n\nI will now be leaving the channel, but please direct message myself or Emma if you have any questions. All the best! :smile:",
        "user": "U4VR52RQE",
        "ts": "1507581367.000526",
        "team": "T4UUTPV18",
        "user_team": "T4UUTPV18",
        "source_team": "T4UUTPV18",
        "user_profile": {
            "avatar_hash": "d730c1e93535",
            "image_72": "https:\/\/avatars.slack-edge.com\/2017-06-20\/201542361287_d730c1e93535ae06c852_72.png",
            "first_name": "Dexter",
            "real_name": "Dexter",
            "display_name": "dexter-prospela",
            "team": "T4UUTPV18",
            "name": "dexter-prospela",
            "is_restricted": false,
            "is_ultra_restricted": false
        }
    },
    {
        "type": "message",
        "subtype": "bot_message",
        "text": "_@sonal92 has joined the group_",
        "ts": "1507581408.000189",
        "username": "smooz (Mentor)",
        "icons": {
            "image_48": "https:\/\/slack-files2.s3-us-west-2.amazonaws.com\/bot_icons\/2017-10-09\/253691430114_48.png"
        },
        "bot_id": "B6CS60LDU"
    },
    {
        "type": "message",
        "subtype": "bot_message",
        "text": "_@aalhar-2012 has joined the group_",
        "ts": "1507581426.000227",
        "username": "smooz (Mentee)",
        "icons": {
            "image_48": "https:\/\/slack-files2.s3-us-west-2.amazonaws.com\/bot_icons\/2017-10-09\/253041395488_48.png"
        },
        "bot_id": "B6CS60LDU"
    },
    {
        "type": "message",
        "text": "<!channel>, Ayah we have matched you with Sonal as your E-Mentor. Feel free to introduce yourselves and continue chatting within this channel. Why not send a quick video to say hello! :wave:\n\nI will now be leaving the channel, but please direct message myself or Emma if you have any questions. All the best! :smile:",
        "user": "U4VR52RQE",
        "ts": "1507581465.000526",
        "team": "T4UUTPV18",
        "user_team": "T4UUTPV18",
        "source_team": "T4UUTPV18",
        "user_profile": {
            "avatar_hash": "d730c1e93535",
            "image_72": "https:\/\/avatars.slack-edge.com\/2017-06-20\/201542361287_d730c1e93535ae06c852_72.png",
            "first_name": "Dexter",
            "real_name": "Dexter",
            "display_name": "dexter-prospela",
            "team": "T4UUTPV18",
            "name": "dexter-prospela",
            "is_restricted": false,
            "is_ultra_restricted": false
        }
    },
    {
        "type": "message",
        "subtype": "bot_message",
        "text": "_@dexter has left the group_",
        "ts": "1507581531.000279",
        "username": "smooz (Mentor)",
        "icons": {
            "image_48": "https:\/\/slack-files2.s3-us-west-2.amazonaws.com\/bot_icons\/2017-10-09\/254577921974_48.png"
        },
        "bot_id": "B6CS60LDU"
    },
    {
        "type": "message",
        "subtype": "bot_message",
        "text": "_@dexter has left the group_",
        "ts": "1507581570.000549",
        "username": "smooz (Mentee)",
        "icons": {
            "image_48": "https:\/\/slack-files2.s3-us-west-2.amazonaws.com\/bot_icons\/2017-10-09\/253175939857_48.png"
        },
        "bot_id": "B6CS60LDU"
    }
]