[
    {
        "type": "message",
        "subtype": "bot_message",
        "text": "Thank you so much that really helped . I want to start looking for places where I can do volunteering and I'm also interested in applying for summer schools. My interests in science are forensics science , biochemistry and biological science .",
        "ts": "1507999787.000008",
        "username": "aalhar-2012 (Mentee)",
        "icons": {
            "image_48": "https:\/\/slack-files2.s3-us-west-2.amazonaws.com\/bot_icons\/2017-10-14\/257285997030_48.png"
        },
        "bot_id": "B6CS60LDU"
    },
    {
        "type": "message",
        "subtype": "bot_message",
        "text": "Volunteering anywhere? I'd suggest volunteering somewhere unrelated to what you want to do so you can show a range of skills and interests on your uni application. I can give you more advice there if you tell me the kinds of things you'd like to do.\nI'm not sure about any specific summer schools but I know unis like Imperial do summer events and of course they're a science based uni so definitely worth looking into. My best friend studied biochemistry there ",
        "ts": "1508001122.000075",
        "username": "sonal92 (Mentor)",
        "icons": {
            "image_48": "https:\/\/slack-files2.s3-us-west-2.amazonaws.com\/bot_icons\/2017-10-14\/256458682372_48.png"
        },
        "bot_id": "B6CS60LDU"
    },
    {
        "type": "message",
        "subtype": "bot_message",
        "text": "Are you thinking about any particular unis already? Also what are your grades like, if you don't mind me asking?",
        "ts": "1508001166.000065",
        "username": "sonal92 (Mentor)",
        "icons": {
            "image_48": "https:\/\/slack-files2.s3-us-west-2.amazonaws.com\/bot_icons\/2017-10-14\/255753984032_48.png"
        },
        "bot_id": "B6CS60LDU"
    }
]