[
    {
        "type": "message",
        "subtype": "bot_message",
        "text": "Hello Sonal !! At the moment I'm finding it difficult to manage my time and keep up with school work . I would just like to know how u got ur way around keeping up with school work?? As I have up coming mocks in December",
        "ts": "1510247357.000599",
        "username": "aalhar-2012 (Mentee)",
        "icons": {
            "image_48": "https:\/\/slack-files2.s3-us-west-2.amazonaws.com\/bot_icons\/2017-11-09\/270858334327_48.png"
        },
        "bot_id": "B6CS60LDU"
    }
]