[
    {
        "type": "message",
        "subtype": "bot_message",
        "text": "I don't mind what type of volunteering I do for example at primary schools , hospital's charities and so on.\n\nI'm looking to apply to ucl  , kings and other universities too , I might also apply to Cambridge or Oxford.\n\nFor my GCSE's I got one A* , 4 A's and 5 B's",
        "ts": "1508094134.000045",
        "username": "aalhar-2012 (Mentee)",
        "icons": {
            "image_48": "https:\/\/slack-files2.s3-us-west-2.amazonaws.com\/bot_icons\/2017-10-15\/256732315349_48.png"
        },
        "bot_id": "B6CS60LDU"
    },
    {
        "type": "message",
        "subtype": "bot_message",
        "text": "I know a company that get people to do voluntary tutoring in primary schools in maths or English if that might interest you? The only thing is the sessions are either first thing in the morning or at the end of the school day so it would depend on your timetable. \nOh wow. Have you been given any ideas about the grades your school think you might get yet?",
        "ts": "1508095363.000019",
        "username": "sonal92 (Mentor)",
        "icons": {
            "image_48": "https:\/\/slack-files2.s3-us-west-2.amazonaws.com\/bot_icons\/2017-10-15\/257682017463_48.png"
        },
        "bot_id": "B6CS60LDU"
    },
    {
        "type": "message",
        "subtype": "bot_message",
        "text": "Yh , that would be great!! I don't mind doing after school sessions , and some days my school day starts at 11:00am.\nMy target grade for all three subjects is a B , but I'm hoping to get higher!",
        "ts": "1508101810.000104",
        "username": "aalhar-2012 (Mentee)",
        "icons": {
            "image_48": "https:\/\/slack-files2.s3-us-west-2.amazonaws.com\/bot_icons\/2017-10-15\/256536727539_48.png"
        },
        "bot_id": "B6CS60LDU"
    },
    {
        "type": "message",
        "subtype": "bot_message",
        "text": "It also depends on the location of the school , I would like it to be closer to my school so that I can easily attend the sessions.",
        "ts": "1508102343.000046",
        "username": "aalhar-2012 (Mentee)",
        "icons": {
            "image_48": "https:\/\/slack-files2.s3-us-west-2.amazonaws.com\/bot_icons\/2017-10-15\/255962476096_48.png"
        },
        "bot_id": "B6CS60LDU"
    },
    {
        "type": "message",
        "subtype": "bot_message",
        "text": "Google action tutoring. They also do secondary school but I'm not sure they'd let you do that cos you're only just out of Year 11 yourself \nYeah you'd probably need a couple of A*s for oxbridge and even UCL, they're ridiculously demanding these days",
        "ts": "1508102354.000043",
        "username": "sonal92 (Mentor)",
        "icons": {
            "image_48": "https:\/\/slack-files2.s3-us-west-2.amazonaws.com\/bot_icons\/2017-10-15\/255962512512_48.png"
        },
        "bot_id": "B6CS60LDU"
    },
    {
        "type": "message",
        "subtype": "bot_message",
        "text": "They've got schools all over London so once you're registered you can pick. I'd suggest phoning them so they can tell you if there are any nearby before you bother signing up. Whereabouts is your school actually? I'm signed up so should be able to see",
        "ts": "1508102419.000090",
        "username": "sonal92 (Mentor)",
        "icons": {
            "image_48": "https:\/\/slack-files2.s3-us-west-2.amazonaws.com\/bot_icons\/2017-10-15\/256096248001_48.png"
        },
        "bot_id": "B6CS60LDU"
    },
    {
        "type": "message",
        "subtype": "bot_message",
        "text": "Oh yh I don't mind doing primary schools only. I looked at the requirements for Oxford courses and it was all A* \/A\n",
        "ts": "1508102575.000050",
        "username": "aalhar-2012 (Mentee)",
        "icons": {
            "image_48": "https:\/\/slack-files2.s3-us-west-2.amazonaws.com\/bot_icons\/2017-10-15\/257499189814_48.png"
        },
        "bot_id": "B6CS60LDU"
    },
    {
        "type": "message",
        "subtype": "bot_message",
        "text": "I will try phoning them tomorrow , if I can and I will ask them. My school is based in southall.",
        "ts": "1508102636.000017",
        "username": "aalhar-2012 (Mentee)",
        "icons": {
            "image_48": "https:\/\/slack-files2.s3-us-west-2.amazonaws.com\/bot_icons\/2017-10-15\/256538631379_48.png"
        },
        "bot_id": "B6CS60LDU"
    },
    {
        "type": "message",
        "subtype": "bot_message",
        "text": "They definitely do west London schools. Call them and let me know what they say and if there are any issues I'll have another think ",
        "ts": "1508102927.000044",
        "username": "sonal92 (Mentor)",
        "icons": {
            "image_48": "https:\/\/slack-files2.s3-us-west-2.amazonaws.com\/bot_icons\/2017-10-15\/256754424357_48.png"
        },
        "bot_id": "B6CS60LDU"
    }
]