[
    {
        "type": "message",
        "subtype": "bot_message",
        "text": "Bond sounds very cool, hope its going well. All good with the clean up shot - I guess they'll let you know when they're ready.",
        "ts": "1582017279.014200",
        "username": "Jonathan Joubert (Prospela Students (beta))",
        "icons": {
            "image_48": "https:\/\/s3-us-west-2.amazonaws.com\/slack-files2\/bot_icons\/2020-02-18\/958725758743_48.png"
        },
        "bot_id": "B6CS60LDU"
    },
    {
        "type": "message",
        "subtype": "bot_message",
        "text": "Bond is an interesting one, not the most fun project I've done for a while. I've been in contact with the director last night, he has your email and know you are waiting to go so fingers crossed they send the frames through soon",
        "ts": "1582031474.014300",
        "username": "Robert Rankin (Prospela Mentors (beta))",
        "icons": {
            "image_48": "https:\/\/s3-us-west-2.amazonaws.com\/slack-files2\/bot_icons\/2020-02-18\/959379299094_48.png"
        },
        "bot_id": "B6CS60LDU"
    }
]