[
    {
        "type": "message",
        "subtype": "bot_message",
        "text": "Hey Jon, it's been a while, how are you getting on? Any news for jobs yet mate?",
        "ts": "1586968113.003100",
        "username": "Robert Rankin (Prospela Mentors (beta))",
        "icons": {
            "image_48": "https:\/\/s3-us-west-2.amazonaws.com\/slack-files2\/bot_icons\/2020-04-15\/1088415254976_48.png"
        },
        "bot_id": "B6CS60LDU"
    },
    {
        "type": "message",
        "text": "",
        "files": [
            {
                "id": "F011FRGAECF",
                "created": 1586968624,
                "timestamp": 1586968624,
                "name": "Screenshot 2020-04-15 at 17.31.36.png",
                "title": "Screenshot 2020-04-15 at 17.31.36",
                "mimetype": "image\/png",
                "filetype": "png",
                "pretty_type": "PNG",
                "user": "U6D2VCN07",
                "editable": false,
                "size": 4640786,
                "mode": "hosted",
                "is_external": false,
                "external_type": "",
                "is_public": true,
                "public_url_shared": false,
                "display_as_bot": false,
                "username": "",
                "url_private": "https:\/\/files.slack.com\/files-pri\/T4UUTPV18-F011FRGAECF\/screenshot_2020-04-15_at_17.31.36.png?t=xoxe-164979811042-1081742544354-1080362743317-fee6284c0ee20406565ca4cadf37d845",
                "url_private_download": "https:\/\/files.slack.com\/files-pri\/T4UUTPV18-F011FRGAECF\/download\/screenshot_2020-04-15_at_17.31.36.png?t=xoxe-164979811042-1081742544354-1080362743317-fee6284c0ee20406565ca4cadf37d845",
                "thumb_64": "https:\/\/files.slack.com\/files-tmb\/T4UUTPV18-F011FRGAECF-eea1ffe6cd\/screenshot_2020-04-15_at_17.31.36_64.png?t=xoxe-164979811042-1081742544354-1080362743317-fee6284c0ee20406565ca4cadf37d845",
                "thumb_80": "https:\/\/files.slack.com\/files-tmb\/T4UUTPV18-F011FRGAECF-eea1ffe6cd\/screenshot_2020-04-15_at_17.31.36_80.png?t=xoxe-164979811042-1081742544354-1080362743317-fee6284c0ee20406565ca4cadf37d845",
                "thumb_360": "https:\/\/files.slack.com\/files-tmb\/T4UUTPV18-F011FRGAECF-eea1ffe6cd\/screenshot_2020-04-15_at_17.31.36_360.png?t=xoxe-164979811042-1081742544354-1080362743317-fee6284c0ee20406565ca4cadf37d845",
                "thumb_360_w": 360,
                "thumb_360_h": 186,
                "thumb_480": "https:\/\/files.slack.com\/files-tmb\/T4UUTPV18-F011FRGAECF-eea1ffe6cd\/screenshot_2020-04-15_at_17.31.36_480.png?t=xoxe-164979811042-1081742544354-1080362743317-fee6284c0ee20406565ca4cadf37d845",
                "thumb_480_w": 480,
                "thumb_480_h": 247,
                "thumb_160": "https:\/\/files.slack.com\/files-tmb\/T4UUTPV18-F011FRGAECF-eea1ffe6cd\/screenshot_2020-04-15_at_17.31.36_160.png?t=xoxe-164979811042-1081742544354-1080362743317-fee6284c0ee20406565ca4cadf37d845",
                "thumb_720": "https:\/\/files.slack.com\/files-tmb\/T4UUTPV18-F011FRGAECF-eea1ffe6cd\/screenshot_2020-04-15_at_17.31.36_720.png?t=xoxe-164979811042-1081742544354-1080362743317-fee6284c0ee20406565ca4cadf37d845",
                "thumb_720_w": 720,
                "thumb_720_h": 371,
                "thumb_800": "https:\/\/files.slack.com\/files-tmb\/T4UUTPV18-F011FRGAECF-eea1ffe6cd\/screenshot_2020-04-15_at_17.31.36_800.png?t=xoxe-164979811042-1081742544354-1080362743317-fee6284c0ee20406565ca4cadf37d845",
                "thumb_800_w": 800,
                "thumb_800_h": 412,
                "thumb_960": "https:\/\/files.slack.com\/files-tmb\/T4UUTPV18-F011FRGAECF-eea1ffe6cd\/screenshot_2020-04-15_at_17.31.36_960.png?t=xoxe-164979811042-1081742544354-1080362743317-fee6284c0ee20406565ca4cadf37d845",
                "thumb_960_w": 960,
                "thumb_960_h": 495,
                "thumb_1024": "https:\/\/files.slack.com\/files-tmb\/T4UUTPV18-F011FRGAECF-eea1ffe6cd\/screenshot_2020-04-15_at_17.31.36_1024.png?t=xoxe-164979811042-1081742544354-1080362743317-fee6284c0ee20406565ca4cadf37d845",
                "thumb_1024_w": 1024,
                "thumb_1024_h": 528,
                "original_w": 4962,
                "original_h": 2558,
                "thumb_tiny": "AwAYADCGRAEjYfxDJqBm2seMgdqtPzDF9KqOuZCDnGaRTWhYxGCNykZHY1KkVuwz81CQb8FsgADFSLb7VOGOOvNAigzDziF+770vHpTORMfWn5NMRbWGby1xIoGOMij7PMD99Pyqf\/liPoKf6VVkVYriK4H\/AC0X8qbKbiJNxkUjOOBVuq97\/qPxFDSCxQPLbj1NFFFSSf\/Z",
                "permalink": "https:\/\/prospela.slack.com\/files\/U6D2VCN07\/F011FRGAECF\/screenshot_2020-04-15_at_17.31.36.png",
                "permalink_public": "https:\/\/slack-files.com\/T4UUTPV18-F011FRGAECF-f4cc2ff723",
                "is_starred": false,
                "has_rich_preview": false
            }
        ],
        "upload": true,
        "user": "U6D2VCN07",
        "display_as_bot": false,
        "ts": "1586968630.003200"
    },
    {
        "type": "message",
        "subtype": "bot_message",
        "text": "Also, meant to ask - you're not working on Dune by any chance are you? Given Framestore does creature work - the sandworms of Arakis might head your way :wink: One of my fav sci fi books of all time and I would give my left arm to work on the Villneuve film! Two chances I guess...",
        "ts": "1586968797.003500",
        "username": "Jonathan Joubert (Prospela Students (beta))",
        "icons": {
            "image_48": "https:\/\/s3-us-west-2.amazonaws.com\/slack-files2\/bot_icons\/2020-04-15\/1070775623988_48.png"
        },
        "bot_id": "B6CS60LDU"
    },
    {
        "type": "message",
        "subtype": "bot_message",
        "text": "haha we started watching the David Lynch Dune last night, have to say while I'm excited for the new one, that David Lynch one is pretty boring so far. My partner loves it but I dont think I was missing anything. We're not working on it London, I heard the majority of the work is going on in Canada, but I think I heard Dneg is doing a lot of the work.",
        "ts": "1586970715.003600",
        "username": "Robert Rankin (Prospela Mentors (beta))",
        "icons": {
            "image_48": "https:\/\/s3-us-west-2.amazonaws.com\/slack-files2\/bot_icons\/2020-04-15\/1049966042999_48.png"
        },
        "bot_id": "B6CS60LDU"
    },
    {
        "type": "message",
        "subtype": "bot_message",
        "text": "Yeah that film's a bit earnest and pretty alarming - for all the wrong reasons. The main book is incredible. Hope to the new film does it justice. If Blade Runner 2049 is anything to go by it should be pretty epic! Guess I better pack and book a flight to Canada if I want that specific work experience lol",
        "ts": "1586977857.003700",
        "username": "Jonathan Joubert (Prospela Students (beta))",
        "icons": {
            "image_48": "https:\/\/s3-us-west-2.amazonaws.com\/slack-files2\/bot_icons\/2020-04-15\/1058277764278_48.png"
        },
        "bot_id": "B6CS60LDU"
    },
    {
        "type": "message",
        "subtype": "bot_message",
        "text": "What do you think of adding this to my reel? <https:\/\/footage.editstock.com\/footage\/308379277>\nAs a wire removal exercise?\nA bit like throwing good money after bad?\nRead somewhere that there is a bias against newbies with footage in their reels that has lower production values. At least where getting past HR is concerned. Or am I just imagining reasons for not having any luck - yet?!",
        "ts": "1586978008.003800",
        "username": "Jonathan Joubert (Prospela Students (beta))",
        "icons": {
            "image_48": "https:\/\/s3-us-west-2.amazonaws.com\/slack-files2\/bot_icons\/2020-04-15\/1065227149059_48.png"
        },
        "bot_id": "B6CS60LDU",
        "attachments": [
            {
                "title": "Edit Mentor",
                "title_link": "https:\/\/footage.editstock.com\/footage\/308379277",
                "text": "Your personal creative editing instructor. Coming soon from EditStock.",
                "fallback": "Edit Mentor",
                "from_url": "https:\/\/footage.editstock.com\/footage\/308379277",
                "service_name": "footage.editstock.com",
                "id": 1,
                "original_url": "https:\/\/footage.editstock.com\/footage\/308379277"
            }
        ],
        "edited": {
            "user": "B6CS60LDU",
            "ts": "1586978009.000000"
        }
    },
    {
        "type": "message",
        "subtype": "bot_message",
        "text": "Oops, I mean File 09 Clip Attacks Wide on that page gp2-7.mov. Sorry, thought the link would take you straight there. Let me know what you think! ",
        "ts": "1586987567.004000",
        "username": "Jonathan Joubert (Prospela Students (beta))",
        "icons": {
            "image_48": "https:\/\/s3-us-west-2.amazonaws.com\/slack-files2\/bot_icons\/2020-04-15\/1063995111205_48.png"
        },
        "bot_id": "B6CS60LDU"
    }
]