[
    {
        "type": "message",
        "subtype": "bot_message",
        "text": "To be honest since I'm working normal hours I'm not finding it too bad as we dont go out a huge amount anyway, and now my bf is sick so we cant do much anyway. Just been chilling out and taking it easy. Is your house still going through with everything happening? Fingers crossed you hear back from one of the companies about a possible job",
        "ts": "1586187899.002400",
        "username": "Robert Rankin (Prospela Mentors (beta))",
        "icons": {
            "image_48": "https:\/\/s3-us-west-2.amazonaws.com\/slack-files2\/bot_icons\/2020-04-06\/1041061115250_48.png"
        },
        "bot_id": "B6CS60LDU"
    }
]