[
    {
        "type": "message",
        "subtype": "bot_message",
        "text": "Hey Rob,  Thanks for the heads up. Applied to Milk yesterday - found the details on their twitter feed.\nFramstore TV sounds hopeful... trying to keep myself busy with comping projects to learn more and add to my reel so I don't get too disheartened if its another No!\nGood of you to check out the skateboarder clip btw - started it with huge enthusiasm, now wondering what I've let myself in for - lol. How are you coping with being cooped up for 23 hours a day!?",
        "ts": "1585987610.002300",
        "username": "Jonathan Joubert (Prospela Students (beta))",
        "icons": {
            "image_48": "https:\/\/s3-us-west-2.amazonaws.com\/slack-files2\/bot_icons\/2020-04-04\/1043042949889_48.png"
        },
        "bot_id": "B6CS60LDU"
    }
]