[
    {
        "type": "message",
        "text": "",
        "files": [
            {
                "id": "F010K6QCW5R",
                "created": 1585302165,
                "timestamp": 1585302165,
                "name": "IMG_4526.jpg",
                "title": "IMG 4526",
                "mimetype": "image\/jpeg",
                "filetype": "jpg",
                "pretty_type": "JPEG",
                "user": "U6D2VCN07",
                "editable": false,
                "size": 256194,
                "mode": "hosted",
                "is_external": false,
                "external_type": "",
                "is_public": true,
                "public_url_shared": false,
                "display_as_bot": false,
                "username": "",
                "url_private": "https:\/\/files.slack.com\/files-pri\/T4UUTPV18-F010K6QCW5R\/img_4526.jpg?t=xoxe-164979811042-1081742544354-1080362743317-fee6284c0ee20406565ca4cadf37d845",
                "url_private_download": "https:\/\/files.slack.com\/files-pri\/T4UUTPV18-F010K6QCW5R\/download\/img_4526.jpg?t=xoxe-164979811042-1081742544354-1080362743317-fee6284c0ee20406565ca4cadf37d845",
                "thumb_64": "https:\/\/files.slack.com\/files-tmb\/T4UUTPV18-F010K6QCW5R-20fbd8e6ff\/img_4526_64.jpg?t=xoxe-164979811042-1081742544354-1080362743317-fee6284c0ee20406565ca4cadf37d845",
                "thumb_80": "https:\/\/files.slack.com\/files-tmb\/T4UUTPV18-F010K6QCW5R-20fbd8e6ff\/img_4526_80.jpg?t=xoxe-164979811042-1081742544354-1080362743317-fee6284c0ee20406565ca4cadf37d845",
                "thumb_360": "https:\/\/files.slack.com\/files-tmb\/T4UUTPV18-F010K6QCW5R-20fbd8e6ff\/img_4526_360.jpg?t=xoxe-164979811042-1081742544354-1080362743317-fee6284c0ee20406565ca4cadf37d845",
                "thumb_360_w": 360,
                "thumb_360_h": 336,
                "thumb_480": "https:\/\/files.slack.com\/files-tmb\/T4UUTPV18-F010K6QCW5R-20fbd8e6ff\/img_4526_480.jpg?t=xoxe-164979811042-1081742544354-1080362743317-fee6284c0ee20406565ca4cadf37d845",
                "thumb_480_w": 480,
                "thumb_480_h": 448,
                "thumb_160": "https:\/\/files.slack.com\/files-tmb\/T4UUTPV18-F010K6QCW5R-20fbd8e6ff\/img_4526_160.jpg?t=xoxe-164979811042-1081742544354-1080362743317-fee6284c0ee20406565ca4cadf37d845",
                "thumb_720": "https:\/\/files.slack.com\/files-tmb\/T4UUTPV18-F010K6QCW5R-20fbd8e6ff\/img_4526_720.jpg?t=xoxe-164979811042-1081742544354-1080362743317-fee6284c0ee20406565ca4cadf37d845",
                "thumb_720_w": 720,
                "thumb_720_h": 672,
                "thumb_800": "https:\/\/files.slack.com\/files-tmb\/T4UUTPV18-F010K6QCW5R-20fbd8e6ff\/img_4526_800.jpg?t=xoxe-164979811042-1081742544354-1080362743317-fee6284c0ee20406565ca4cadf37d845",
                "thumb_800_w": 800,
                "thumb_800_h": 747,
                "thumb_960": "https:\/\/files.slack.com\/files-tmb\/T4UUTPV18-F010K6QCW5R-20fbd8e6ff\/img_4526_960.jpg?t=xoxe-164979811042-1081742544354-1080362743317-fee6284c0ee20406565ca4cadf37d845",
                "thumb_960_w": 960,
                "thumb_960_h": 896,
                "thumb_1024": "https:\/\/files.slack.com\/files-tmb\/T4UUTPV18-F010K6QCW5R-20fbd8e6ff\/img_4526_1024.jpg?t=xoxe-164979811042-1081742544354-1080362743317-fee6284c0ee20406565ca4cadf37d845",
                "thumb_1024_w": 1024,
                "thumb_1024_h": 956,
                "image_exif_rotation": 1,
                "original_w": 1125,
                "original_h": 1050,
                "thumb_tiny": "AwAsADCd5pRdbcgKGA246j1qxlueR+VDMcnmjc2etAB8x6EflT+fSmbj60bj6nNAD\/wpcVGCx4Bp4BHU5oAjb75zS5X0\/WnY+Y5Hf1pdo9\/zoAZuX0\/WjK+n60\/aPf8AOjaPf86AGZX0\/WnqB1xg\/Wkxg8c\/jS5Pp+tADcqXK7vm9M0+mCJBKZAPmPenYHoKADHOcn86AOep\/OjA9BS4x0oAQjI9KAOep\/OlooA\/\/9k=",
                "permalink": "https:\/\/prospela.slack.com\/files\/U6D2VCN07\/F010K6QCW5R\/img_4526.jpg",
                "permalink_public": "https:\/\/slack-files.com\/T4UUTPV18-F010K6QCW5R-2ade7b05e6",
                "is_starred": false,
                "has_rich_preview": false
            }
        ],
        "upload": true,
        "user": "U6D2VCN07",
        "display_as_bot": false,
        "ts": "1585302169.000100"
    },
    {
        "type": "message",
        "subtype": "bot_message",
        "text": "Thank you Rob. I’m on it! ",
        "ts": "1585303686.000400",
        "username": "Jonathan Joubert (Prospela Students (beta))",
        "icons": {
            "image_48": "https:\/\/s3-us-west-2.amazonaws.com\/slack-files2\/bot_icons\/2020-03-27\/1020731447761_48.png"
        },
        "bot_id": "B6CS60LDU"
    }
]