[
    {
        "type": "message",
        "subtype": "bot_message",
        "text": "Hey Rob, No probs about busyness. Trying not to place too many demands on your time and only bother you when I really need to!",
        "ts": "1587488706.004200",
        "username": "Jonathan Joubert (Prospela Students (beta))",
        "icons": {
            "image_48": "https:\/\/s3-us-west-2.amazonaws.com\/slack-files2\/bot_icons\/2020-04-21\/1076975626563_48.png"
        },
        "bot_id": "B6CS60LDU"
    },
    {
        "type": "message",
        "text": "",
        "files": [
            {
                "id": "F012YJ1DCKA",
                "created": 1587488849,
                "timestamp": 1587488849,
                "name": "Screenshot 2020-04-21 at 18.03.26.png",
                "title": "Screenshot 2020-04-21 at 18.03.26",
                "mimetype": "image\/png",
                "filetype": "png",
                "pretty_type": "PNG",
                "user": "U6D2VCN07",
                "editable": false,
                "size": 4625210,
                "mode": "hosted",
                "is_external": false,
                "external_type": "",
                "is_public": true,
                "public_url_shared": false,
                "display_as_bot": false,
                "username": "",
                "url_private": "https:\/\/files.slack.com\/files-pri\/T4UUTPV18-F012YJ1DCKA\/screenshot_2020-04-21_at_18.03.26.png?t=xoxe-164979811042-1081742544354-1080362743317-fee6284c0ee20406565ca4cadf37d845",
                "url_private_download": "https:\/\/files.slack.com\/files-pri\/T4UUTPV18-F012YJ1DCKA\/download\/screenshot_2020-04-21_at_18.03.26.png?t=xoxe-164979811042-1081742544354-1080362743317-fee6284c0ee20406565ca4cadf37d845",
                "thumb_64": "https:\/\/files.slack.com\/files-tmb\/T4UUTPV18-F012YJ1DCKA-c917f7a039\/screenshot_2020-04-21_at_18.03.26_64.png?t=xoxe-164979811042-1081742544354-1080362743317-fee6284c0ee20406565ca4cadf37d845",
                "thumb_80": "https:\/\/files.slack.com\/files-tmb\/T4UUTPV18-F012YJ1DCKA-c917f7a039\/screenshot_2020-04-21_at_18.03.26_80.png?t=xoxe-164979811042-1081742544354-1080362743317-fee6284c0ee20406565ca4cadf37d845",
                "thumb_360": "https:\/\/files.slack.com\/files-tmb\/T4UUTPV18-F012YJ1DCKA-c917f7a039\/screenshot_2020-04-21_at_18.03.26_360.png?t=xoxe-164979811042-1081742544354-1080362743317-fee6284c0ee20406565ca4cadf37d845",
                "thumb_360_w": 360,
                "thumb_360_h": 205,
                "thumb_480": "https:\/\/files.slack.com\/files-tmb\/T4UUTPV18-F012YJ1DCKA-c917f7a039\/screenshot_2020-04-21_at_18.03.26_480.png?t=xoxe-164979811042-1081742544354-1080362743317-fee6284c0ee20406565ca4cadf37d845",
                "thumb_480_w": 480,
                "thumb_480_h": 273,
                "thumb_160": "https:\/\/files.slack.com\/files-tmb\/T4UUTPV18-F012YJ1DCKA-c917f7a039\/screenshot_2020-04-21_at_18.03.26_160.png?t=xoxe-164979811042-1081742544354-1080362743317-fee6284c0ee20406565ca4cadf37d845",
                "thumb_720": "https:\/\/files.slack.com\/files-tmb\/T4UUTPV18-F012YJ1DCKA-c917f7a039\/screenshot_2020-04-21_at_18.03.26_720.png?t=xoxe-164979811042-1081742544354-1080362743317-fee6284c0ee20406565ca4cadf37d845",
                "thumb_720_w": 720,
                "thumb_720_h": 410,
                "thumb_800": "https:\/\/files.slack.com\/files-tmb\/T4UUTPV18-F012YJ1DCKA-c917f7a039\/screenshot_2020-04-21_at_18.03.26_800.png?t=xoxe-164979811042-1081742544354-1080362743317-fee6284c0ee20406565ca4cadf37d845",
                "thumb_800_w": 800,
                "thumb_800_h": 455,
                "thumb_960": "https:\/\/files.slack.com\/files-tmb\/T4UUTPV18-F012YJ1DCKA-c917f7a039\/screenshot_2020-04-21_at_18.03.26_960.png?t=xoxe-164979811042-1081742544354-1080362743317-fee6284c0ee20406565ca4cadf37d845",
                "thumb_960_w": 960,
                "thumb_960_h": 546,
                "thumb_1024": "https:\/\/files.slack.com\/files-tmb\/T4UUTPV18-F012YJ1DCKA-c917f7a039\/screenshot_2020-04-21_at_18.03.26_1024.png?t=xoxe-164979811042-1081742544354-1080362743317-fee6284c0ee20406565ca4cadf37d845",
                "thumb_1024_w": 1024,
                "thumb_1024_h": 583,
                "original_w": 2776,
                "original_h": 1580,
                "thumb_tiny": "AwAbADCuCWwCaGBGKchUSDfjbjnFTNGCq+WcoBnBFAEIUhdwzmmHgc1b2HG3dx\/KmPGnGeuKQFTHyL9P60rcK1PMJEbMTnAppUkDnrzTAVtpKnBxkDmpYpwjbRhh2PSohzwaQKB2oA0NqSR9ACBjiomCbf3g57e1QKSO9I5LDB6CiwCH5UI7YpV+6n0pDyOaaeMe1AH\/2Q==",
                "permalink": "https:\/\/prospela.slack.com\/files\/U6D2VCN07\/F012YJ1DCKA\/screenshot_2020-04-21_at_18.03.26.png",
                "permalink_public": "https:\/\/slack-files.com\/T4UUTPV18-F012YJ1DCKA-91593f2433",
                "is_starred": false,
                "has_rich_preview": false
            }
        ],
        "upload": true,
        "user": "U6D2VCN07",
        "display_as_bot": false,
        "ts": "1587488852.004300"
    },
    {
        "type": "message",
        "subtype": "bot_message",
        "text": "Also do you use Silhouette much? Would you say I have to be as skilled there as with Nuke in terms of paintwork?",
        "ts": "1587488959.004600",
        "username": "Jonathan Joubert (Prospela Students (beta))",
        "icons": {
            "image_48": "https:\/\/s3-us-west-2.amazonaws.com\/slack-files2\/bot_icons\/2020-04-21\/1082945083460_48.png"
        },
        "bot_id": "B6CS60LDU"
    }
]