[
    {
        "type": "message",
        "subtype": "bot_message",
        "text": "Hey no worries Jon, fingers crossed the main thing it goes someway to getting some work, gives you something to discuss in regards to work you've done",
        "ts": "1584287940.009600",
        "username": "Robert Rankin (Prospela Mentors (beta))",
        "icons": {
            "image_48": "https:\/\/s3-us-west-2.amazonaws.com\/slack-files2\/bot_icons\/2020-03-15\/1003474335686_48.png"
        },
        "bot_id": "B6CS60LDU"
    }
]