[
    {
        "type": "message",
        "subtype": "bot_message",
        "text": "As soon as I click on the link it takes me to a youtube page that says this video is unavailable and private, no section to add a password, just a big black square",
        "ts": "1583400546.002500",
        "username": "Robert Rankin (Prospela Mentors (beta))",
        "icons": {
            "image_48": "https:\/\/s3-us-west-2.amazonaws.com\/slack-files2\/bot_icons\/2020-03-05\/985108852487_48.png"
        },
        "bot_id": "B6CS60LDU"
    },
    {
        "type": "message",
        "subtype": "bot_message",
        "text": "Morning Rob, Just listed it publicly. Give it another go when you get a chance. Sorry ran out of free Vimeo use for a few days. And I'm being mean!",
        "ts": "1583400944.002600",
        "username": "Jonathan Joubert (Prospela Students (beta))",
        "icons": {
            "image_48": "https:\/\/s3-us-west-2.amazonaws.com\/slack-files2\/bot_icons\/2020-03-05\/970468504882_48.png"
        },
        "bot_id": "B6CS60LDU"
    },
    {
        "type": "message",
        "text": "",
        "files": [
            {
                "id": "FUJE3CBQS",
                "created": 1583401416,
                "timestamp": 1583401416,
                "name": "Screenshot 2020-03-05 at 09.41.38.png",
                "title": "Screenshot 2020-03-05 at 09.41.38",
                "mimetype": "image\/png",
                "filetype": "png",
                "pretty_type": "PNG",
                "user": "U6D2VCN07",
                "editable": false,
                "size": 1828179,
                "mode": "hosted",
                "is_external": false,
                "external_type": "",
                "is_public": true,
                "public_url_shared": false,
                "display_as_bot": false,
                "username": "",
                "url_private": "https:\/\/files.slack.com\/files-pri\/T4UUTPV18-FUJE3CBQS\/screenshot_2020-03-05_at_09.41.38.png?t=xoxe-164979811042-1081742544354-1080362743317-fee6284c0ee20406565ca4cadf37d845",
                "url_private_download": "https:\/\/files.slack.com\/files-pri\/T4UUTPV18-FUJE3CBQS\/download\/screenshot_2020-03-05_at_09.41.38.png?t=xoxe-164979811042-1081742544354-1080362743317-fee6284c0ee20406565ca4cadf37d845",
                "thumb_64": "https:\/\/files.slack.com\/files-tmb\/T4UUTPV18-FUJE3CBQS-a3e1d568ff\/screenshot_2020-03-05_at_09.41.38_64.png?t=xoxe-164979811042-1081742544354-1080362743317-fee6284c0ee20406565ca4cadf37d845",
                "thumb_80": "https:\/\/files.slack.com\/files-tmb\/T4UUTPV18-FUJE3CBQS-a3e1d568ff\/screenshot_2020-03-05_at_09.41.38_80.png?t=xoxe-164979811042-1081742544354-1080362743317-fee6284c0ee20406565ca4cadf37d845",
                "thumb_360": "https:\/\/files.slack.com\/files-tmb\/T4UUTPV18-FUJE3CBQS-a3e1d568ff\/screenshot_2020-03-05_at_09.41.38_360.png?t=xoxe-164979811042-1081742544354-1080362743317-fee6284c0ee20406565ca4cadf37d845",
                "thumb_360_w": 360,
                "thumb_360_h": 224,
                "thumb_480": "https:\/\/files.slack.com\/files-tmb\/T4UUTPV18-FUJE3CBQS-a3e1d568ff\/screenshot_2020-03-05_at_09.41.38_480.png?t=xoxe-164979811042-1081742544354-1080362743317-fee6284c0ee20406565ca4cadf37d845",
                "thumb_480_w": 480,
                "thumb_480_h": 299,
                "thumb_160": "https:\/\/files.slack.com\/files-tmb\/T4UUTPV18-FUJE3CBQS-a3e1d568ff\/screenshot_2020-03-05_at_09.41.38_160.png?t=xoxe-164979811042-1081742544354-1080362743317-fee6284c0ee20406565ca4cadf37d845",
                "thumb_720": "https:\/\/files.slack.com\/files-tmb\/T4UUTPV18-FUJE3CBQS-a3e1d568ff\/screenshot_2020-03-05_at_09.41.38_720.png?t=xoxe-164979811042-1081742544354-1080362743317-fee6284c0ee20406565ca4cadf37d845",
                "thumb_720_w": 720,
                "thumb_720_h": 448,
                "thumb_800": "https:\/\/files.slack.com\/files-tmb\/T4UUTPV18-FUJE3CBQS-a3e1d568ff\/screenshot_2020-03-05_at_09.41.38_800.png?t=xoxe-164979811042-1081742544354-1080362743317-fee6284c0ee20406565ca4cadf37d845",
                "thumb_800_w": 800,
                "thumb_800_h": 498,
                "thumb_960": "https:\/\/files.slack.com\/files-tmb\/T4UUTPV18-FUJE3CBQS-a3e1d568ff\/screenshot_2020-03-05_at_09.41.38_960.png?t=xoxe-164979811042-1081742544354-1080362743317-fee6284c0ee20406565ca4cadf37d845",
                "thumb_960_w": 960,
                "thumb_960_h": 597,
                "thumb_1024": "https:\/\/files.slack.com\/files-tmb\/T4UUTPV18-FUJE3CBQS-a3e1d568ff\/screenshot_2020-03-05_at_09.41.38_1024.png?t=xoxe-164979811042-1081742544354-1080362743317-fee6284c0ee20406565ca4cadf37d845",
                "thumb_1024_w": 1024,
                "thumb_1024_h": 637,
                "image_exif_rotation": 1,
                "original_w": 2844,
                "original_h": 1770,
                "thumb_tiny": "AwAdADCltl\/55n8qXZN\/zyP5VdJAUepNP\/h\/ClcdjL8w+gp8bbs9qhqSHvTES496TApSaQGgCeQkDIqY\/wCr59KoFR7\/AJ0YHv8AnSsO5DUkPelCKTTgoXpTEKaSlJB7UUAf\/9k=",
                "permalink": "https:\/\/prospela.slack.com\/files\/U6D2VCN07\/FUJE3CBQS\/screenshot_2020-03-05_at_09.41.38.png",
                "permalink_public": "https:\/\/slack-files.com\/T4UUTPV18-FUJE3CBQS-7fe72cb322",
                "is_starred": false,
                "has_rich_preview": false
            }
        ],
        "upload": true,
        "user": "U6D2VCN07",
        "display_as_bot": false,
        "ts": "1583401422.002700"
    },
    {
        "type": "message",
        "subtype": "bot_message",
        "text": "Got it, able to see what is going now. So your able to use the zdefocus for the masked area now?",
        "ts": "1583402063.003000",
        "username": "Robert Rankin (Prospela Mentors (beta))",
        "icons": {
            "image_48": "https:\/\/s3-us-west-2.amazonaws.com\/slack-files2\/bot_icons\/2020-03-05\/973187764465_48.png"
        },
        "bot_id": "B6CS60LDU"
    },
    {
        "type": "message",
        "subtype": "bot_message",
        "text": "In terms of the cleanup workflow. The area you are patching for the cleanup, I'm guessing you are just using a patch that basically covers just the camera and the camera operator?",
        "ts": "1583402133.003100",
        "username": "Robert Rankin (Prospela Mentors (beta))",
        "icons": {
            "image_48": "https:\/\/s3-us-west-2.amazonaws.com\/slack-files2\/bot_icons\/2020-03-05\/983302575557_48.png"
        },
        "bot_id": "B6CS60LDU"
    },
    {
        "type": "message",
        "text": "",
        "files": [
            {
                "id": "FUZEPEX4N",
                "created": 1583402359,
                "timestamp": 1583402359,
                "name": "Screenshot 2020-03-05 at 09.57.26.png",
                "title": "Screenshot 2020-03-05 at 09.57.26",
                "mimetype": "image\/png",
                "filetype": "png",
                "pretty_type": "PNG",
                "user": "U6D2VCN07",
                "editable": false,
                "size": 2393623,
                "mode": "hosted",
                "is_external": false,
                "external_type": "",
                "is_public": true,
                "public_url_shared": false,
                "display_as_bot": false,
                "username": "",
                "url_private": "https:\/\/files.slack.com\/files-pri\/T4UUTPV18-FUZEPEX4N\/screenshot_2020-03-05_at_09.57.26.png?t=xoxe-164979811042-1081742544354-1080362743317-fee6284c0ee20406565ca4cadf37d845",
                "url_private_download": "https:\/\/files.slack.com\/files-pri\/T4UUTPV18-FUZEPEX4N\/download\/screenshot_2020-03-05_at_09.57.26.png?t=xoxe-164979811042-1081742544354-1080362743317-fee6284c0ee20406565ca4cadf37d845",
                "thumb_64": "https:\/\/files.slack.com\/files-tmb\/T4UUTPV18-FUZEPEX4N-420370dcf1\/screenshot_2020-03-05_at_09.57.26_64.png?t=xoxe-164979811042-1081742544354-1080362743317-fee6284c0ee20406565ca4cadf37d845",
                "thumb_80": "https:\/\/files.slack.com\/files-tmb\/T4UUTPV18-FUZEPEX4N-420370dcf1\/screenshot_2020-03-05_at_09.57.26_80.png?t=xoxe-164979811042-1081742544354-1080362743317-fee6284c0ee20406565ca4cadf37d845",
                "thumb_360": "https:\/\/files.slack.com\/files-tmb\/T4UUTPV18-FUZEPEX4N-420370dcf1\/screenshot_2020-03-05_at_09.57.26_360.png?t=xoxe-164979811042-1081742544354-1080362743317-fee6284c0ee20406565ca4cadf37d845",
                "thumb_360_w": 360,
                "thumb_360_h": 224,
                "thumb_480": "https:\/\/files.slack.com\/files-tmb\/T4UUTPV18-FUZEPEX4N-420370dcf1\/screenshot_2020-03-05_at_09.57.26_480.png?t=xoxe-164979811042-1081742544354-1080362743317-fee6284c0ee20406565ca4cadf37d845",
                "thumb_480_w": 480,
                "thumb_480_h": 299,
                "thumb_160": "https:\/\/files.slack.com\/files-tmb\/T4UUTPV18-FUZEPEX4N-420370dcf1\/screenshot_2020-03-05_at_09.57.26_160.png?t=xoxe-164979811042-1081742544354-1080362743317-fee6284c0ee20406565ca4cadf37d845",
                "thumb_720": "https:\/\/files.slack.com\/files-tmb\/T4UUTPV18-FUZEPEX4N-420370dcf1\/screenshot_2020-03-05_at_09.57.26_720.png?t=xoxe-164979811042-1081742544354-1080362743317-fee6284c0ee20406565ca4cadf37d845",
                "thumb_720_w": 720,
                "thumb_720_h": 448,
                "thumb_800": "https:\/\/files.slack.com\/files-tmb\/T4UUTPV18-FUZEPEX4N-420370dcf1\/screenshot_2020-03-05_at_09.57.26_800.png?t=xoxe-164979811042-1081742544354-1080362743317-fee6284c0ee20406565ca4cadf37d845",
                "thumb_800_w": 800,
                "thumb_800_h": 498,
                "thumb_960": "https:\/\/files.slack.com\/files-tmb\/T4UUTPV18-FUZEPEX4N-420370dcf1\/screenshot_2020-03-05_at_09.57.26_960.png?t=xoxe-164979811042-1081742544354-1080362743317-fee6284c0ee20406565ca4cadf37d845",
                "thumb_960_w": 960,
                "thumb_960_h": 597,
                "thumb_1024": "https:\/\/files.slack.com\/files-tmb\/T4UUTPV18-FUZEPEX4N-420370dcf1\/screenshot_2020-03-05_at_09.57.26_1024.png?t=xoxe-164979811042-1081742544354-1080362743317-fee6284c0ee20406565ca4cadf37d845",
                "thumb_1024_w": 1024,
                "thumb_1024_h": 637,
                "image_exif_rotation": 1,
                "original_w": 2844,
                "original_h": 1770,
                "thumb_tiny": "AwAdADCI22P4v0oNtg43fpU7Ebh7U3dmT2zU3KsRtbbVJ3DgZ6VWRt2eMVoSf6tvoazYe9NCZLj3pMD2ooxj0piLTEFzjtTMkSqO2agyR\/E350mTnO5s\/WlYdy9J\/q2+hrOi6GpNzHgu350gUDpTBi0UlFAj\/9k=",
                "permalink": "https:\/\/prospela.slack.com\/files\/U6D2VCN07\/FUZEPEX4N\/screenshot_2020-03-05_at_09.57.26.png",
                "permalink_public": "https:\/\/slack-files.com\/T4UUTPV18-FUZEPEX4N-7c70784aa6",
                "is_starred": false,
                "has_rich_preview": false
            }
        ],
        "upload": true,
        "user": "U6D2VCN07",
        "display_as_bot": false,
        "ts": "1583402365.003200"
    },
    {
        "type": "message",
        "subtype": "bot_message",
        "text": "I'll keep up work on the roto for now.",
        "ts": "1583402589.003500",
        "username": "Jonathan Joubert (Prospela Students (beta))",
        "icons": {
            "image_48": "https:\/\/s3-us-west-2.amazonaws.com\/slack-files2\/bot_icons\/2020-03-05\/985505926790_48.png"
        },
        "bot_id": "B6CS60LDU"
    },
    {
        "type": "message",
        "subtype": "bot_message",
        "text": "yeah thats it, that shape looks about right",
        "ts": "1583403113.003600",
        "username": "Robert Rankin (Prospela Mentors (beta))",
        "icons": {
            "image_48": "https:\/\/s3-us-west-2.amazonaws.com\/slack-files2\/bot_icons\/2020-03-05\/970520528754_48.png"
        },
        "bot_id": "B6CS60LDU"
    },
    {
        "type": "message",
        "subtype": "bot_message",
        "text": "Ha! Solved the extended edge problem and zdefocus affecting the whole plate by cropping just the mirror clean plate work then merging back over the original. Still no idea why that was happening - any hints?",
        "ts": "1583412153.003700",
        "username": "Jonathan Joubert (Prospela Students (beta))",
        "icons": {
            "image_48": "https:\/\/s3-us-west-2.amazonaws.com\/slack-files2\/bot_icons\/2020-03-05\/972027724435_48.png"
        },
        "bot_id": "B6CS60LDU"
    },
    {
        "type": "message",
        "subtype": "bot_message",
        "text": "just had a look over your script picturwe you sent yesterday, cant see anything from there, but without working my way through the script I cant really say",
        "ts": "1583418096.003800",
        "username": "Robert Rankin (Prospela Mentors (beta))",
        "icons": {
            "image_48": "https:\/\/s3-us-west-2.amazonaws.com\/slack-files2\/bot_icons\/2020-03-05\/983193281652_48.png"
        },
        "bot_id": "B6CS60LDU"
    }
]