[
    {
        "type": "message",
        "subtype": "bot_message",
        "text": "Morning Rob, Are you fully recovered?",
        "ts": "1585730846.000900",
        "username": "Jonathan Joubert (Prospela Students (beta))",
        "icons": {
            "image_48": "https:\/\/s3-us-west-2.amazonaws.com\/slack-files2\/bot_icons\/2020-04-01\/1030678463025_48.png"
        },
        "bot_id": "B6CS60LDU"
    },
    {
        "type": "message",
        "text": "",
        "files": [
            {
                "id": "F0116LQEZLG",
                "created": 1585730960,
                "timestamp": 1585730960,
                "name": "Screenshot 2020-04-01 at 09.44.27.png",
                "title": "Screenshot 2020-04-01 at 09.44.27",
                "mimetype": "image\/png",
                "filetype": "png",
                "pretty_type": "PNG",
                "user": "U6D2VCN07",
                "editable": false,
                "size": 276271,
                "mode": "hosted",
                "is_external": false,
                "external_type": "",
                "is_public": true,
                "public_url_shared": false,
                "display_as_bot": false,
                "username": "",
                "url_private": "https:\/\/files.slack.com\/files-pri\/T4UUTPV18-F0116LQEZLG\/screenshot_2020-04-01_at_09.44.27.png?t=xoxe-164979811042-1081742544354-1080362743317-fee6284c0ee20406565ca4cadf37d845",
                "url_private_download": "https:\/\/files.slack.com\/files-pri\/T4UUTPV18-F0116LQEZLG\/download\/screenshot_2020-04-01_at_09.44.27.png?t=xoxe-164979811042-1081742544354-1080362743317-fee6284c0ee20406565ca4cadf37d845",
                "thumb_64": "https:\/\/files.slack.com\/files-tmb\/T4UUTPV18-F0116LQEZLG-59b1104003\/screenshot_2020-04-01_at_09.44.27_64.png?t=xoxe-164979811042-1081742544354-1080362743317-fee6284c0ee20406565ca4cadf37d845",
                "thumb_80": "https:\/\/files.slack.com\/files-tmb\/T4UUTPV18-F0116LQEZLG-59b1104003\/screenshot_2020-04-01_at_09.44.27_80.png?t=xoxe-164979811042-1081742544354-1080362743317-fee6284c0ee20406565ca4cadf37d845",
                "thumb_360": "https:\/\/files.slack.com\/files-tmb\/T4UUTPV18-F0116LQEZLG-59b1104003\/screenshot_2020-04-01_at_09.44.27_360.png?t=xoxe-164979811042-1081742544354-1080362743317-fee6284c0ee20406565ca4cadf37d845",
                "thumb_360_w": 184,
                "thumb_360_h": 360,
                "thumb_480": "https:\/\/files.slack.com\/files-tmb\/T4UUTPV18-F0116LQEZLG-59b1104003\/screenshot_2020-04-01_at_09.44.27_480.png?t=xoxe-164979811042-1081742544354-1080362743317-fee6284c0ee20406565ca4cadf37d845",
                "thumb_480_w": 245,
                "thumb_480_h": 480,
                "thumb_160": "https:\/\/files.slack.com\/files-tmb\/T4UUTPV18-F0116LQEZLG-59b1104003\/screenshot_2020-04-01_at_09.44.27_160.png?t=xoxe-164979811042-1081742544354-1080362743317-fee6284c0ee20406565ca4cadf37d845",
                "thumb_720": "https:\/\/files.slack.com\/files-tmb\/T4UUTPV18-F0116LQEZLG-59b1104003\/screenshot_2020-04-01_at_09.44.27_720.png?t=xoxe-164979811042-1081742544354-1080362743317-fee6284c0ee20406565ca4cadf37d845",
                "thumb_720_w": 367,
                "thumb_720_h": 720,
                "thumb_800": "https:\/\/files.slack.com\/files-tmb\/T4UUTPV18-F0116LQEZLG-59b1104003\/screenshot_2020-04-01_at_09.44.27_800.png?t=xoxe-164979811042-1081742544354-1080362743317-fee6284c0ee20406565ca4cadf37d845",
                "thumb_800_w": 800,
                "thumb_800_h": 1569,
                "thumb_960": "https:\/\/files.slack.com\/files-tmb\/T4UUTPV18-F0116LQEZLG-59b1104003\/screenshot_2020-04-01_at_09.44.27_960.png?t=xoxe-164979811042-1081742544354-1080362743317-fee6284c0ee20406565ca4cadf37d845",
                "thumb_960_w": 489,
                "thumb_960_h": 960,
                "thumb_1024": "https:\/\/files.slack.com\/files-tmb\/T4UUTPV18-F0116LQEZLG-59b1104003\/screenshot_2020-04-01_at_09.44.27_1024.png?t=xoxe-164979811042-1081742544354-1080362743317-fee6284c0ee20406565ca4cadf37d845",
                "thumb_1024_w": 522,
                "thumb_1024_h": 1024,
                "image_exif_rotation": 1,
                "original_w": 984,
                "original_h": 1930,
                "permalink": "https:\/\/prospela.slack.com\/files\/U6D2VCN07\/F0116LQEZLG\/screenshot_2020-04-01_at_09.44.27.png",
                "permalink_public": "https:\/\/slack-files.com\/T4UUTPV18-F0116LQEZLG-a9d1df2a93",
                "is_starred": false,
                "has_rich_preview": false
            }
        ],
        "upload": true,
        "user": "U6D2VCN07",
        "display_as_bot": false,
        "ts": "1585730966.001000"
    },
    {
        "type": "message",
        "subtype": "bot_message",
        "text": "Morning Jon, yeah pretty much back to normal, fingers crossed",
        "ts": "1585735963.001300",
        "username": "Robert Rankin (Prospela Mentors (beta))",
        "icons": {
            "image_48": "https:\/\/s3-us-west-2.amazonaws.com\/slack-files2\/bot_icons\/2020-04-01\/1040888694864_48.png"
        },
        "bot_id": "B6CS60LDU"
    },
    {
        "type": "message",
        "subtype": "bot_message",
        "text": "Oh wow great news on the roto front, so we'll be working together, sort of lol",
        "ts": "1585736014.001400",
        "username": "Robert Rankin (Prospela Mentors (beta))",
        "icons": {
            "image_48": "https:\/\/s3-us-west-2.amazonaws.com\/slack-files2\/bot_icons\/2020-04-01\/1040400400116_48.png"
        },
        "bot_id": "B6CS60LDU"
    },
    {
        "type": "message",
        "subtype": "bot_message",
        "text": "looks like she works in television for Framestore",
        "ts": "1585736101.001500",
        "username": "Robert Rankin (Prospela Mentors (beta))",
        "icons": {
            "image_48": "https:\/\/s3-us-west-2.amazonaws.com\/slack-files2\/bot_icons\/2020-04-01\/1040893406256_48.png"
        },
        "bot_id": "B6CS60LDU"
    },
    {
        "type": "message",
        "subtype": "bot_message",
        "text": "Hey Rob - That's really good to hear. Scary business looking at my news app at the moment. Keep hoping things will calm down but seems to be getting much much worse - as we were warned.",
        "ts": "1585761402.001600",
        "username": "Jonathan Joubert (Prospela Students (beta))",
        "icons": {
            "image_48": "https:\/\/s3-us-west-2.amazonaws.com\/slack-files2\/bot_icons\/2020-04-01\/1044100217815_48.png"
        },
        "bot_id": "B6CS60LDU"
    },
    {
        "type": "message",
        "subtype": "bot_message",
        "text": "Roto wise - I tried to keep calm - but I think that last message means maybe she's gone off the whole idea? Sort of don't call us, we'll call you?",
        "ts": "1585761444.001700",
        "username": "Jonathan Joubert (Prospela Students (beta))",
        "icons": {
            "image_48": "https:\/\/s3-us-west-2.amazonaws.com\/slack-files2\/bot_icons\/2020-04-01\/1042072040288_48.png"
        },
        "bot_id": "B6CS60LDU"
    },
    {
        "type": "message",
        "subtype": "bot_message",
        "text": "Anyway - to keep busy I'm taking a break from projections as they were driving me nuts and I've started this roto challenge - you suggested some extra roto for my reel. Three days in - do you think it's a good shot? Plan was to get rid of the bar...seamlessly, which is giving me more problems than I expected.\nDo you think a retime loop will work for the wheels and the shimmer on the board? Not hugely urgent so take a peek when you have time. Cheers!\n\n<https:\/\/youtu.be\/Hg2xGv1O5vI>",
        "ts": "1585761684.001800",
        "username": "Jonathan Joubert (Prospela Students (beta))",
        "icons": {
            "image_48": "https:\/\/s3-us-west-2.amazonaws.com\/slack-files2\/bot_icons\/2020-04-01\/1032062577825_48.png"
        },
        "bot_id": "B6CS60LDU",
        "attachments": [
            {
                "service_name": "YouTube",
                "service_url": "https:\/\/www.youtube.com\/",
                "title": "skaterboy roto 001",
                "title_link": "https:\/\/youtu.be\/Hg2xGv1O5vI",
                "author_name": "Test_comp",
                "author_link": "https:\/\/www.youtube.com\/channel\/UCRh9sr3V3SoSjgeT-EWz_Eg",
                "thumb_url": "https:\/\/i.ytimg.com\/vi\/Hg2xGv1O5vI\/hqdefault.jpg",
                "thumb_width": 480,
                "thumb_height": 360,
                "fallback": "YouTube Video: skaterboy roto 001",
                "video_html": "<iframe width=\"400\" height=\"225\" src=\"https:\/\/www.youtube.com\/embed\/Hg2xGv1O5vI?feature=oembed&autoplay=1&iv_load_policy=3\" frameborder=\"0\" allow=\"accelerometer; autoplay; encrypted-media; gyroscope; picture-in-picture\" allowfullscreen><\/iframe>",
                "video_html_width": 400,
                "video_html_height": 225,
                "from_url": "https:\/\/youtu.be\/Hg2xGv1O5vI",
                "service_icon": "https:\/\/a.slack-edge.com\/80588\/img\/unfurl_icons\/youtube.png",
                "id": 1,
                "original_url": "https:\/\/youtu.be\/Hg2xGv1O5vI"
            }
        ],
        "edited": {
            "user": "B6CS60LDU",
            "ts": "1585761685.000000"
        }
    },
    {
        "type": "message",
        "subtype": "bot_message",
        "text": "that looks like good footage to use for sure. I definitely think you would benefit from adding more roto to your reel, especially as your selling half of your skills as roto. Hard to tell with the final part of the message, also hard to tell how much work they have on, the messages look promising so fingers crossed she gets back to you again, especially as she contacted you first",
        "ts": "1585762588.002000",
        "username": "Robert Rankin (Prospela Mentors (beta))",
        "icons": {
            "image_48": "https:\/\/s3-us-west-2.amazonaws.com\/slack-files2\/bot_icons\/2020-04-01\/1042072797061_48.png"
        },
        "bot_id": "B6CS60LDU"
    }
]