[
    {
        "type": "message",
        "subtype": "channel_join",
        "ts": "1542236484.000200",
        "user": "U4VR52RQE",
        "text": "<@U4VR52RQE> has joined the channel"
    },
    {
        "type": "message",
        "subtype": "channel_join",
        "ts": "1542236484.000400",
        "user": "U6D2VCN07",
        "text": "<@U6D2VCN07> has joined the channel",
        "inviter": "U4VR52RQE"
    },
    {
        "type": "message",
        "subtype": "bot_message",
        "text": ":champagne: _You have opened a new, empty shared channel._ \n_Share <https:\/\/www.smooz.io\/room\/5beca9437fd1880004616ba1|this link> with other teams to invite them in it_",
        "ts": "1542236484.000500",
        "username": "Smooz",
        "bot_id": "B6CS60LDU"
    },
    {
        "type": "message",
        "subtype": "bot_message",
        "text": "_Team *Prospela Students (beta)* joined the shared channel_",
        "ts": "1542236519.000600",
        "username": "Smooz",
        "bot_id": "B6CS60LDU"
    },
    {
        "type": "message",
        "subtype": "bot_message",
        "text": "_Team *Prospela Mentors (beta)* joined the shared channel_",
        "ts": "1542236521.000700",
        "username": "Smooz",
        "bot_id": "B6CS60LDU"
    },
    {
        "type": "message",
        "subtype": "channel_name",
        "ts": "1542236574.000800",
        "user": "U4VR52RQE",
        "text": "<@U4VR52RQE> has renamed the channel from \"z-shared-5\" to \"ellie-and-poppy\"",
        "old_name": "z-shared-5",
        "name": "ellie-and-poppy"
    },
    {
        "type": "message",
        "subtype": "channel_join",
        "ts": "1542236582.001000",
        "user": "U4V22C6A1",
        "text": "<@U4V22C6A1> has joined the channel",
        "inviter": "U4VR52RQE"
    }
]