[
    {
        "type": "message",
        "subtype": "bot_message",
        "text": "Ahh that’s that’s fair :sweat_smile: I don’t really use any 3D software all that much, like we used maya at uni for a little while but I preferred to animate in 2D software more :sweat_smile:",
        "ts": "1542455845.005000",
        "username": "Poppy (Prospela Students (beta))",
        "icons": {
            "image_48": "https:\/\/s3-us-west-2.amazonaws.com\/slack-files2\/bot_icons\/2018-11-17\/483676183206_48.png"
        },
        "bot_id": "B6CS60LDU"
    }
]