[
    {
        "type": "message",
        "subtype": "bot_message",
        "text": "Hi poppy! Long time no message - I was wondering if you've made it onto the industry, and if you need any advice from myself at all? :)",
        "ts": "1582227810.000100",
        "username": "Ellie (Prospela Mentors (beta))",
        "icons": {
            "image_48": "https:\/\/s3-us-west-2.amazonaws.com\/slack-files2\/bot_icons\/2020-02-20\/964121777830_48.png"
        },
        "bot_id": "B6CS60LDU"
    }
]