[
    {
        "type": "message",
        "subtype": "bot_message",
        "text": "I tracked footage in pftrack and put in into maya for an object to follow the track and when I look at it in Nuke its slightly off how can fix it In Nuke ",
        "ts": "1553644623.002100",
        "username": "Dean bryan (Prospela Students (beta))",
        "icons": {
            "image_48": "https:\/\/s3-us-west-2.amazonaws.com\/slack-files2\/bot_icons\/2019-03-26\/590604526662_48.png"
        },
        "bot_id": "B6CS60LDU"
    }
]