[
    {
        "type": "message",
        "subtype": "bot_message",
        "text": "So how can I be of service Dean? You have anything to show me from your portfolio? Anything you want to know about working on vfx I can tell you?",
        "ts": "1552909074.001800",
        "username": "Nico Coronado (Prospela Mentors (beta))",
        "icons": {
            "image_48": "https:\/\/s3-us-west-2.amazonaws.com\/slack-files2\/bot_icons\/2019-03-18\/580362308581_48.png"
        },
        "bot_id": "B6CS60LDU"
    }
]