[
    {
        "type": "message",
        "subtype": "bot_message",
        "text": "Sorry, just saw this. If you still need this, can you describe to me how it is off?",
        "ts": "1554397876.000100",
        "username": "Nico Coronado (Prospela Mentors (beta))",
        "icons": {
            "image_48": "https:\/\/s3-us-west-2.amazonaws.com\/slack-files2\/bot_icons\/2019-04-04\/601851052567_48.png"
        },
        "bot_id": "B6CS60LDU"
    },
    {
        "type": "message",
        "subtype": "bot_message",
        "text": "Could it be you're missing the lens distortion?",
        "ts": "1554397899.000200",
        "username": "Nico Coronado (Prospela Mentors (beta))",
        "icons": {
            "image_48": "https:\/\/s3-us-west-2.amazonaws.com\/slack-files2\/bot_icons\/2019-04-04\/600708016452_48.png"
        },
        "bot_id": "B6CS60LDU"
    }
]