[
    {
        "type": "message",
        "subtype": "bot_message",
        "text": "Yh it’s just this that doesn’t \n\nYh but I change it and it still does the same thing \n\n\nNa cause I did all the tracking in pftrack so everything should line up \n\nYh it lines up in maya \nAhh ok fair enough ",
        "ts": "1555509058.001200",
        "username": "Dean bryan (Prospela Students (beta))",
        "icons": {
            "image_48": "https:\/\/s3-us-west-2.amazonaws.com\/slack-files2\/bot_icons\/2019-04-17\/604752776161_48.png"
        },
        "bot_id": "B6CS60LDU"
    },
    {
        "type": "message",
        "subtype": "bot_message",
        "text": "If it's a frame offset problem you can try the frame offset or retime nodes in nuke to adjust it.",
        "ts": "1555509247.001300",
        "username": "Nico Coronado (Prospela Mentors (beta))",
        "icons": {
            "image_48": "https:\/\/s3-us-west-2.amazonaws.com\/slack-files2\/bot_icons\/2019-04-17\/599657743346_48.png"
        },
        "bot_id": "B6CS60LDU"
    },
    {
        "type": "message",
        "subtype": "bot_message",
        "text": "In Maya, it could be that the object has a view override to bounding box",
        "ts": "1555509269.001400",
        "username": "Nico Coronado (Prospela Mentors (beta))",
        "icons": {
            "image_48": "https:\/\/s3-us-west-2.amazonaws.com\/slack-files2\/bot_icons\/2019-04-17\/611004148725_48.png"
        },
        "bot_id": "B6CS60LDU"
    },
    {
        "type": "message",
        "subtype": "bot_message",
        "text": "Make sure that the frame numbering is the same.",
        "ts": "1555509286.001500",
        "username": "Nico Coronado (Prospela Mentors (beta))",
        "icons": {
            "image_48": "https:\/\/s3-us-west-2.amazonaws.com\/slack-files2\/bot_icons\/2019-04-17\/604759427937_48.png"
        },
        "bot_id": "B6CS60LDU"
    },
    {
        "type": "message",
        "subtype": "bot_message",
        "text": "<https:\/\/www.lynda.com\/Maya-tutorials\/Controlling-object-display-drawing-overrides\/149249\/163211-4.html> or something like that",
        "ts": "1555509403.001600",
        "username": "Nico Coronado (Prospela Mentors (beta))",
        "icons": {
            "image_48": "https:\/\/s3-us-west-2.amazonaws.com\/slack-files2\/bot_icons\/2019-04-17\/610499707412_48.png"
        },
        "bot_id": "B6CS60LDU",
        "attachments": [
            {
                "service_name": "Lynda.com - from LinkedIn",
                "title": "Controlling object display with drawing overrides",
                "title_link": "https:\/\/www.lynda.com\/Maya-tutorials\/Controlling-object-display-drawing-overrides\/149249\/163211-4.html",
                "text": "Join Aaron F. Ross for an in-depth discussion in this video Controlling object display with drawing overrides, part of Maya: Workflow Tips",
                "fallback": "Lynda.com - from LinkedIn: Controlling object display with drawing overrides",
                "image_url": "https:\/\/cdn.lynda.com\/video\/163211-140-635390424637673149_338x600_thumb.jpg",
                "image_width": 444,
                "image_height": 250,
                "from_url": "https:\/\/www.lynda.com\/Maya-tutorials\/Controlling-object-display-drawing-overrides\/149249\/163211-4.html",
                "image_bytes": 27259,
                "service_icon": "https:\/\/cdn.lynda.com\/static\/favicon-152.png",
                "id": 1,
                "original_url": "https:\/\/www.lynda.com\/Maya-tutorials\/Controlling-object-display-drawing-overrides\/149249\/163211-4.html"
            }
        ]
    },
    {
        "type": "message",
        "subtype": "bot_message",
        "text": "For the bounding box thing",
        "ts": "1555509419.001800",
        "username": "Nico Coronado (Prospela Mentors (beta))",
        "icons": {
            "image_48": "https:\/\/s3-us-west-2.amazonaws.com\/slack-files2\/bot_icons\/2019-04-17\/611008631461_48.png"
        },
        "bot_id": "B6CS60LDU"
    },
    {
        "type": "message",
        "subtype": "bot_message",
        "text": "Could also be that it is in a different visibility layer with bounding box display enabled?",
        "ts": "1555509534.001900",
        "username": "Nico Coronado (Prospela Mentors (beta))",
        "icons": {
            "image_48": "https:\/\/s3-us-west-2.amazonaws.com\/slack-files2\/bot_icons\/2019-04-17\/599666421362_48.png"
        },
        "bot_id": "B6CS60LDU"
    }
]