[
    {
        "type": "message",
        "subtype": "bot_message",
        "text": " It doesn’t have a camera node. \nI tried to offset it\nAlso I’m having a another problem with maya where when I transfer my project with all the files to a different computer it renders in square bounding boxes and every time I take the bounding box off it still renders in boxes \nIt’s a mash network ",
        "ts": "1555067566.000100",
        "username": "Dean bryan (Prospela Students (beta))",
        "icons": {
            "image_48": "https:\/\/s3-us-west-2.amazonaws.com\/slack-files2\/bot_icons\/2019-04-12\/595111498706_48.png"
        },
        "bot_id": "B6CS60LDU"
    },
    {
        "type": "message",
        "subtype": "bot_message",
        "text": "Do other things work well in the other computer?",
        "ts": "1555071783.000200",
        "username": "Nico Coronado (Prospela Mentors (beta))",
        "icons": {
            "image_48": "https:\/\/s3-us-west-2.amazonaws.com\/slack-files2\/bot_icons\/2019-04-12\/595165674322_48.png"
        },
        "bot_id": "B6CS60LDU"
    },
    {
        "type": "message",
        "subtype": "bot_message",
        "text": "Maybe it's defaulting to bounding box viewing?",
        "ts": "1555071811.000300",
        "username": "Nico Coronado (Prospela Mentors (beta))",
        "icons": {
            "image_48": "https:\/\/s3-us-west-2.amazonaws.com\/slack-files2\/bot_icons\/2019-04-12\/595166098690_48.png"
        },
        "bot_id": "B6CS60LDU"
    },
    {
        "type": "message",
        "subtype": "bot_message",
        "text": "I think if you're doing an object track",
        "ts": "1555071841.000400",
        "username": "Nico Coronado (Prospela Mentors (beta))",
        "icons": {
            "image_48": "https:\/\/s3-us-west-2.amazonaws.com\/slack-files2\/bot_icons\/2019-04-12\/610115510855_48.png"
        },
        "bot_id": "B6CS60LDU"
    },
    {
        "type": "message",
        "subtype": "bot_message",
        "text": "You need a camera node defining the point of view",
        "ts": "1555071858.000500",
        "username": "Nico Coronado (Prospela Mentors (beta))",
        "icons": {
            "image_48": "https:\/\/s3-us-west-2.amazonaws.com\/slack-files2\/bot_icons\/2019-04-12\/606585157008_48.png"
        },
        "bot_id": "B6CS60LDU"
    },
    {
        "type": "message",
        "subtype": "bot_message",
        "text": "And an axis defining the object transform.",
        "ts": "1555071873.000600",
        "username": "Nico Coronado (Prospela Mentors (beta))",
        "icons": {
            "image_48": "https:\/\/s3-us-west-2.amazonaws.com\/slack-files2\/bot_icons\/2019-04-12\/610447623478_48.png"
        },
        "bot_id": "B6CS60LDU"
    },
    {
        "type": "message",
        "subtype": "bot_message",
        "text": "If your render from Maya doesn't line up in nuke",
        "ts": "1555071912.000700",
        "username": "Nico Coronado (Prospela Mentors (beta))",
        "icons": {
            "image_48": "https:\/\/s3-us-west-2.amazonaws.com\/slack-files2\/bot_icons\/2019-04-12\/595167534290_48.png"
        },
        "bot_id": "B6CS60LDU"
    },
    {
        "type": "message",
        "subtype": "bot_message",
        "text": "You have to make sure it lines up inside maya",
        "ts": "1555071933.000800",
        "username": "Nico Coronado (Prospela Mentors (beta))",
        "icons": {
            "image_48": "https:\/\/s3-us-west-2.amazonaws.com\/slack-files2\/bot_icons\/2019-04-12\/595079400227_48.png"
        },
        "bot_id": "B6CS60LDU"
    },
    {
        "type": "message",
        "subtype": "bot_message",
        "text": "See if playblasts with the background as image plane match what you expect",
        "ts": "1555071959.000900",
        "username": "Nico Coronado (Prospela Mentors (beta))",
        "icons": {
            "image_48": "https:\/\/s3-us-west-2.amazonaws.com\/slack-files2\/bot_icons\/2019-04-12\/600267562209_48.png"
        },
        "bot_id": "B6CS60LDU"
    },
    {
        "type": "message",
        "subtype": "bot_message",
        "text": "And check whether they line up with the renders, that might give you a clue to what's going on.",
        "ts": "1555071996.001000",
        "username": "Nico Coronado (Prospela Mentors (beta))",
        "icons": {
            "image_48": "https:\/\/s3-us-west-2.amazonaws.com\/slack-files2\/bot_icons\/2019-04-12\/605990842692_48.png"
        },
        "bot_id": "B6CS60LDU"
    },
    {
        "type": "message",
        "subtype": "bot_message",
        "text": "I'm sorry I'm not much of a Maya person, have barely touched it in 7+ years.",
        "ts": "1555072031.001100",
        "username": "Nico Coronado (Prospela Mentors (beta))",
        "icons": {
            "image_48": "https:\/\/s3-us-west-2.amazonaws.com\/slack-files2\/bot_icons\/2019-04-12\/595080797139_48.png"
        },
        "bot_id": "B6CS60LDU"
    }
]