[
    {
        "type": "message",
        "subtype": "bot_message",
        "text": "The model doesn’t turn with the head it’s like 2 frames of ",
        "ts": "1554547677.000300",
        "username": "Dean bryan (Prospela Students (beta))",
        "icons": {
            "image_48": "https:\/\/s3-us-west-2.amazonaws.com\/slack-files2\/bot_icons\/2019-04-06\/602939789189_48.png"
        },
        "bot_id": "B6CS60LDU"
    },
    {
        "type": "message",
        "subtype": "bot_message",
        "text": "You can open the camera node and move all the keyframes to force it into place",
        "ts": "1554552227.000400",
        "username": "Nico Coronado (Prospela Mentors (beta))",
        "icons": {
            "image_48": "https:\/\/s3-us-west-2.amazonaws.com\/slack-files2\/bot_icons\/2019-04-06\/603585790279_48.png"
        },
        "bot_id": "B6CS60LDU"
    },
    {
        "type": "message",
        "subtype": "bot_message",
        "text": "Or right click the position property and select move",
        "ts": "1554552253.000500",
        "username": "Nico Coronado (Prospela Mentors (beta))",
        "icons": {
            "image_48": "https:\/\/s3-us-west-2.amazonaws.com\/slack-files2\/bot_icons\/2019-04-06\/588544007523_48.png"
        },
        "bot_id": "B6CS60LDU"
    },
    {
        "type": "message",
        "subtype": "bot_message",
        "text": "Where it says \"x\" you can write an expression that moves a certain amount of frames, like \"x+2\" or \"x-2\" and nudge it into place.",
        "ts": "1554552360.000600",
        "username": "Nico Coronado (Prospela Mentors (beta))",
        "icons": {
            "image_48": "https:\/\/s3-us-west-2.amazonaws.com\/slack-files2\/bot_icons\/2019-04-06\/600060872992_48.png"
        },
        "bot_id": "B6CS60LDU"
    },
    {
        "type": "message",
        "subtype": "bot_message",
        "text": "Or time offset the plate?",
        "ts": "1554552374.000700",
        "username": "Nico Coronado (Prospela Mentors (beta))",
        "icons": {
            "image_48": "https:\/\/s3-us-west-2.amazonaws.com\/slack-files2\/bot_icons\/2019-04-06\/588544628243_48.png"
        },
        "bot_id": "B6CS60LDU"
    }
]