[
    {
        "type": "message",
        "text": "Hi <@U5XPLATU2>!! Hope you are well and enjoying the sunshine :smiley:\n\nIn case you didn't receive it the other day, here is your Student Onboarding Pack, which includes tips and example questions to ask your E-Mentor to get you going!",
        "user": "U4V22C6A1",
        "ts": "1498214650.463992",
        "team": "T4UUTPV18",
        "user_team": "T4UUTPV18",
        "source_team": "T4UUTPV18",
        "user_profile": {
            "avatar_hash": "52b8fca5eefd",
            "image_72": "https:\/\/avatars.slack-edge.com\/2017-06-20\/200807858901_52b8fca5eefdbb8ad2b9_72.jpg",
            "first_name": "Emma",
            "real_name": "Emma",
            "display_name": "emma-prospela",
            "team": "T4UUTPV18",
            "name": "emma-prospela",
            "is_restricted": false,
            "is_ultra_restricted": false
        }
    },
    {
        "type": "message",
        "text": "",
        "files": [
            {
                "id": "F5ZA7D7DM",
                "created": 1498214658,
                "timestamp": 1498214658,
                "name": "Prospela e-mentoring - Student Onboarding Pack (Summer Programme) vFinal.pdf",
                "title": "Prospela e-mentoring - Student Onboarding Pack (Summer Programme) vFinal.pdf",
                "mimetype": "application\/pdf",
                "filetype": "pdf",
                "pretty_type": "PDF",
                "user": "U4V22C6A1",
                "editable": false,
                "size": 1400328,
                "mode": "hosted",
                "is_external": false,
                "external_type": "",
                "is_public": false,
                "public_url_shared": false,
                "display_as_bot": false,
                "username": "",
                "url_private": "https:\/\/files.slack.com\/files-pri\/T4UUTPV18-F5ZA7D7DM\/prospela_e-mentoring_-_student_onboarding_pack__summer_programme__vfinal.pdf?t=xoxe-164979811042-1081742544354-1080362743317-fee6284c0ee20406565ca4cadf37d845",
                "url_private_download": "https:\/\/files.slack.com\/files-pri\/T4UUTPV18-F5ZA7D7DM\/download\/prospela_e-mentoring_-_student_onboarding_pack__summer_programme__vfinal.pdf?t=xoxe-164979811042-1081742544354-1080362743317-fee6284c0ee20406565ca4cadf37d845",
                "permalink": "https:\/\/prospela.slack.com\/files\/U4V22C6A1\/F5ZA7D7DM\/prospela_e-mentoring_-_student_onboarding_pack__summer_programme__vfinal.pdf",
                "permalink_public": "https:\/\/slack-files.com\/T4UUTPV18-F5ZA7D7DM-7204690bd5",
                "is_starred": false,
                "has_rich_preview": false
            }
        ],
        "upload": true,
        "user": "U4V22C6A1",
        "display_as_bot": false,
        "ts": "1498214659.465594"
    },
    {
        "type": "message",
        "text": "Thank u",
        "user": "U5XPLATU2",
        "ts": "1498256547.647620",
        "team": "T4UUTPV18",
        "user_team": "T4UUTPV18",
        "source_team": "T4UUTPV18",
        "user_profile": {
            "avatar_hash": "g92f19385ee2",
            "image_72": "https:\/\/secure.gravatar.com\/avatar\/a92f19385ee2f55364cdb99cfa112c92.jpg?s=72&d=https%3A%2F%2Fa.slack-edge.com%2Fdf10d%2Fimg%2Favatars%2Fava_0025-72.png",
            "first_name": "Dinesh",
            "real_name": "Dinesh",
            "display_name": "dmatha-2011",
            "team": "T4UUTPV18",
            "name": "dmatha-2011",
            "is_restricted": false,
            "is_ultra_restricted": false
        }
    }
]