[
    {
        "type": "message",
        "subtype": "bot_message",
        "text": "Ah I see yeah my parents wanted me to go into banking but they realised i was more into art than numbers\nYeah I think what excites me about going into industry is that ill be able to learn the right workflows for production from talented peeps, like our lectures know quite a fair bit but i think most animation students in this country realise that there's a huge gap between the knowledge of a lecturer and an artist in industry\nThough our lecturers are really helpful most of the time haha\nOh lol yeah that creature :sweat_smile: :grimacing: itll probably get taken out of my reel\nI havent started texturing the head yet but I think ill start that on Monday. Currently texturing the eyes and wrapping new topology on the head.",
        "ts": "1586008906.002500",
        "username": "Adrian Teoh (Prospela Students (beta))",
        "icons": {
            "image_48": "https:\/\/s3-us-west-2.amazonaws.com\/slack-files2\/bot_icons\/2020-04-04\/1047124947429_48.png"
        },
        "bot_id": "B6CS60LDU"
    },
    {
        "type": "message",
        "text": "",
        "files": [
            {
                "id": "F0113PLURHQ",
                "created": 1586008988,
                "timestamp": 1586008988,
                "name": "Frank_Master_Ref.png",
                "title": "Frank Master Ref",
                "mimetype": "image\/png",
                "filetype": "png",
                "pretty_type": "PNG",
                "user": "U6D2VCN07",
                "editable": false,
                "size": 37604751,
                "mode": "hosted",
                "is_external": false,
                "external_type": "",
                "is_public": true,
                "public_url_shared": false,
                "display_as_bot": false,
                "username": "",
                "url_private": "https:\/\/files.slack.com\/files-pri\/T4UUTPV18-F0113PLURHQ\/frank_master_ref.png?t=xoxe-164979811042-1081742544354-1080362743317-fee6284c0ee20406565ca4cadf37d845",
                "url_private_download": "https:\/\/files.slack.com\/files-pri\/T4UUTPV18-F0113PLURHQ\/download\/frank_master_ref.png?t=xoxe-164979811042-1081742544354-1080362743317-fee6284c0ee20406565ca4cadf37d845",
                "thumb_64": "https:\/\/files.slack.com\/files-tmb\/T4UUTPV18-F0113PLURHQ-549cc7f12b\/frank_master_ref_64.png?t=xoxe-164979811042-1081742544354-1080362743317-fee6284c0ee20406565ca4cadf37d845",
                "thumb_80": "https:\/\/files.slack.com\/files-tmb\/T4UUTPV18-F0113PLURHQ-549cc7f12b\/frank_master_ref_80.png?t=xoxe-164979811042-1081742544354-1080362743317-fee6284c0ee20406565ca4cadf37d845",
                "thumb_360": "https:\/\/files.slack.com\/files-tmb\/T4UUTPV18-F0113PLURHQ-549cc7f12b\/frank_master_ref_360.png?t=xoxe-164979811042-1081742544354-1080362743317-fee6284c0ee20406565ca4cadf37d845",
                "thumb_360_w": 360,
                "thumb_360_h": 240,
                "thumb_480": "https:\/\/files.slack.com\/files-tmb\/T4UUTPV18-F0113PLURHQ-549cc7f12b\/frank_master_ref_480.png?t=xoxe-164979811042-1081742544354-1080362743317-fee6284c0ee20406565ca4cadf37d845",
                "thumb_480_w": 480,
                "thumb_480_h": 320,
                "thumb_160": "https:\/\/files.slack.com\/files-tmb\/T4UUTPV18-F0113PLURHQ-549cc7f12b\/frank_master_ref_160.png?t=xoxe-164979811042-1081742544354-1080362743317-fee6284c0ee20406565ca4cadf37d845",
                "thumb_720": "https:\/\/files.slack.com\/files-tmb\/T4UUTPV18-F0113PLURHQ-549cc7f12b\/frank_master_ref_720.png?t=xoxe-164979811042-1081742544354-1080362743317-fee6284c0ee20406565ca4cadf37d845",
                "thumb_720_w": 720,
                "thumb_720_h": 480,
                "thumb_800": "https:\/\/files.slack.com\/files-tmb\/T4UUTPV18-F0113PLURHQ-549cc7f12b\/frank_master_ref_800.png?t=xoxe-164979811042-1081742544354-1080362743317-fee6284c0ee20406565ca4cadf37d845",
                "thumb_800_w": 800,
                "thumb_800_h": 533,
                "thumb_960": "https:\/\/files.slack.com\/files-tmb\/T4UUTPV18-F0113PLURHQ-549cc7f12b\/frank_master_ref_960.png?t=xoxe-164979811042-1081742544354-1080362743317-fee6284c0ee20406565ca4cadf37d845",
                "thumb_960_w": 960,
                "thumb_960_h": 640,
                "thumb_1024": "https:\/\/files.slack.com\/files-tmb\/T4UUTPV18-F0113PLURHQ-549cc7f12b\/frank_master_ref_1024.png?t=xoxe-164979811042-1081742544354-1080362743317-fee6284c0ee20406565ca4cadf37d845",
                "thumb_1024_w": 1024,
                "thumb_1024_h": 683,
                "image_exif_rotation": 1,
                "original_w": 6000,
                "original_h": 4000,
                "permalink": "https:\/\/prospela.slack.com\/files\/U6D2VCN07\/F0113PLURHQ\/frank_master_ref.png",
                "permalink_public": "https:\/\/slack-files.com\/T4UUTPV18-F0113PLURHQ-2b98770600",
                "is_starred": false,
                "has_rich_preview": false
            }
        ],
        "upload": true,
        "user": "U6D2VCN07",
        "display_as_bot": false,
        "ts": "1586009007.002600"
    },
    {
        "type": "message",
        "text": "",
        "files": [
            {
                "id": "F011D3PRU8M",
                "created": 1586009046,
                "timestamp": 1586009046,
                "name": "Frank_render_021.jpg",
                "title": "Frank render 021",
                "mimetype": "image\/jpeg",
                "filetype": "jpg",
                "pretty_type": "JPEG",
                "user": "U6D2VCN07",
                "editable": false,
                "size": 482554,
                "mode": "hosted",
                "is_external": false,
                "external_type": "",
                "is_public": true,
                "public_url_shared": false,
                "display_as_bot": false,
                "username": "",
                "url_private": "https:\/\/files.slack.com\/files-pri\/T4UUTPV18-F011D3PRU8M\/frank_render_021.jpg?t=xoxe-164979811042-1081742544354-1080362743317-fee6284c0ee20406565ca4cadf37d845",
                "url_private_download": "https:\/\/files.slack.com\/files-pri\/T4UUTPV18-F011D3PRU8M\/download\/frank_render_021.jpg?t=xoxe-164979811042-1081742544354-1080362743317-fee6284c0ee20406565ca4cadf37d845",
                "thumb_64": "https:\/\/files.slack.com\/files-tmb\/T4UUTPV18-F011D3PRU8M-ea83e077ba\/frank_render_021_64.jpg?t=xoxe-164979811042-1081742544354-1080362743317-fee6284c0ee20406565ca4cadf37d845",
                "thumb_80": "https:\/\/files.slack.com\/files-tmb\/T4UUTPV18-F011D3PRU8M-ea83e077ba\/frank_render_021_80.jpg?t=xoxe-164979811042-1081742544354-1080362743317-fee6284c0ee20406565ca4cadf37d845",
                "thumb_360": "https:\/\/files.slack.com\/files-tmb\/T4UUTPV18-F011D3PRU8M-ea83e077ba\/frank_render_021_360.jpg?t=xoxe-164979811042-1081742544354-1080362743317-fee6284c0ee20406565ca4cadf37d845",
                "thumb_360_w": 360,
                "thumb_360_h": 203,
                "thumb_480": "https:\/\/files.slack.com\/files-tmb\/T4UUTPV18-F011D3PRU8M-ea83e077ba\/frank_render_021_480.jpg?t=xoxe-164979811042-1081742544354-1080362743317-fee6284c0ee20406565ca4cadf37d845",
                "thumb_480_w": 480,
                "thumb_480_h": 270,
                "thumb_160": "https:\/\/files.slack.com\/files-tmb\/T4UUTPV18-F011D3PRU8M-ea83e077ba\/frank_render_021_160.jpg?t=xoxe-164979811042-1081742544354-1080362743317-fee6284c0ee20406565ca4cadf37d845",
                "thumb_720": "https:\/\/files.slack.com\/files-tmb\/T4UUTPV18-F011D3PRU8M-ea83e077ba\/frank_render_021_720.jpg?t=xoxe-164979811042-1081742544354-1080362743317-fee6284c0ee20406565ca4cadf37d845",
                "thumb_720_w": 720,
                "thumb_720_h": 405,
                "thumb_800": "https:\/\/files.slack.com\/files-tmb\/T4UUTPV18-F011D3PRU8M-ea83e077ba\/frank_render_021_800.jpg?t=xoxe-164979811042-1081742544354-1080362743317-fee6284c0ee20406565ca4cadf37d845",
                "thumb_800_w": 800,
                "thumb_800_h": 450,
                "thumb_960": "https:\/\/files.slack.com\/files-tmb\/T4UUTPV18-F011D3PRU8M-ea83e077ba\/frank_render_021_960.jpg?t=xoxe-164979811042-1081742544354-1080362743317-fee6284c0ee20406565ca4cadf37d845",
                "thumb_960_w": 960,
                "thumb_960_h": 540,
                "thumb_1024": "https:\/\/files.slack.com\/files-tmb\/T4UUTPV18-F011D3PRU8M-ea83e077ba\/frank_render_021_1024.jpg?t=xoxe-164979811042-1081742544354-1080362743317-fee6284c0ee20406565ca4cadf37d845",
                "thumb_1024_w": 1024,
                "thumb_1024_h": 576,
                "image_exif_rotation": 1,
                "original_w": 1920,
                "original_h": 1080,
                "permalink": "https:\/\/prospela.slack.com\/files\/U6D2VCN07\/F011D3PRU8M\/frank_render_021.jpg",
                "permalink_public": "https:\/\/slack-files.com\/T4UUTPV18-F011D3PRU8M-44e8d35b6f",
                "is_starred": false,
                "has_rich_preview": false
            }
        ],
        "upload": true,
        "user": "U6D2VCN07",
        "display_as_bot": false,
        "ts": "1586009051.002900"
    },
    {
        "type": "message",
        "text": "",
        "files": [
            {
                "id": "F0113PNMD1Q",
                "created": 1586009129,
                "timestamp": 1586009129,
                "name": "Frank_render_022.jpg",
                "title": "Frank render 022",
                "mimetype": "image\/jpeg",
                "filetype": "jpg",
                "pretty_type": "JPEG",
                "user": "U6D2VCN07",
                "editable": false,
                "size": 450097,
                "mode": "hosted",
                "is_external": false,
                "external_type": "",
                "is_public": true,
                "public_url_shared": false,
                "display_as_bot": false,
                "username": "",
                "url_private": "https:\/\/files.slack.com\/files-pri\/T4UUTPV18-F0113PNMD1Q\/frank_render_022.jpg?t=xoxe-164979811042-1081742544354-1080362743317-fee6284c0ee20406565ca4cadf37d845",
                "url_private_download": "https:\/\/files.slack.com\/files-pri\/T4UUTPV18-F0113PNMD1Q\/download\/frank_render_022.jpg?t=xoxe-164979811042-1081742544354-1080362743317-fee6284c0ee20406565ca4cadf37d845",
                "thumb_64": "https:\/\/files.slack.com\/files-tmb\/T4UUTPV18-F0113PNMD1Q-c8d0533ffe\/frank_render_022_64.jpg?t=xoxe-164979811042-1081742544354-1080362743317-fee6284c0ee20406565ca4cadf37d845",
                "thumb_80": "https:\/\/files.slack.com\/files-tmb\/T4UUTPV18-F0113PNMD1Q-c8d0533ffe\/frank_render_022_80.jpg?t=xoxe-164979811042-1081742544354-1080362743317-fee6284c0ee20406565ca4cadf37d845",
                "thumb_360": "https:\/\/files.slack.com\/files-tmb\/T4UUTPV18-F0113PNMD1Q-c8d0533ffe\/frank_render_022_360.jpg?t=xoxe-164979811042-1081742544354-1080362743317-fee6284c0ee20406565ca4cadf37d845",
                "thumb_360_w": 360,
                "thumb_360_h": 203,
                "thumb_480": "https:\/\/files.slack.com\/files-tmb\/T4UUTPV18-F0113PNMD1Q-c8d0533ffe\/frank_render_022_480.jpg?t=xoxe-164979811042-1081742544354-1080362743317-fee6284c0ee20406565ca4cadf37d845",
                "thumb_480_w": 480,
                "thumb_480_h": 270,
                "thumb_160": "https:\/\/files.slack.com\/files-tmb\/T4UUTPV18-F0113PNMD1Q-c8d0533ffe\/frank_render_022_160.jpg?t=xoxe-164979811042-1081742544354-1080362743317-fee6284c0ee20406565ca4cadf37d845",
                "thumb_720": "https:\/\/files.slack.com\/files-tmb\/T4UUTPV18-F0113PNMD1Q-c8d0533ffe\/frank_render_022_720.jpg?t=xoxe-164979811042-1081742544354-1080362743317-fee6284c0ee20406565ca4cadf37d845",
                "thumb_720_w": 720,
                "thumb_720_h": 405,
                "thumb_800": "https:\/\/files.slack.com\/files-tmb\/T4UUTPV18-F0113PNMD1Q-c8d0533ffe\/frank_render_022_800.jpg?t=xoxe-164979811042-1081742544354-1080362743317-fee6284c0ee20406565ca4cadf37d845",
                "thumb_800_w": 800,
                "thumb_800_h": 450,
                "thumb_960": "https:\/\/files.slack.com\/files-tmb\/T4UUTPV18-F0113PNMD1Q-c8d0533ffe\/frank_render_022_960.jpg?t=xoxe-164979811042-1081742544354-1080362743317-fee6284c0ee20406565ca4cadf37d845",
                "thumb_960_w": 960,
                "thumb_960_h": 540,
                "thumb_1024": "https:\/\/files.slack.com\/files-tmb\/T4UUTPV18-F0113PNMD1Q-c8d0533ffe\/frank_render_022_1024.jpg?t=xoxe-164979811042-1081742544354-1080362743317-fee6284c0ee20406565ca4cadf37d845",
                "thumb_1024_w": 1024,
                "thumb_1024_h": 576,
                "image_exif_rotation": 1,
                "original_w": 1920,
                "original_h": 1080,
                "thumb_tiny": "AwAbADCFsbW9TVwwoxyc5PoaqSRsqEnGMVeB6VKGNjVE3KpPB5zTiyqM5qJshnwQOe4pOWyoKkHpTAlMiK2C4B9KUMCcA5PWmPCrtkk5qGaKQt8mcYx1oAGhkYYMgwfarIA9qafvY9qcOtKwDJuACB0pkPzNkjHFPbk80KMZxTAkwPakJUdxSGoW4k\/GgD\/\/2Q==",
                "permalink": "https:\/\/prospela.slack.com\/files\/U6D2VCN07\/F0113PNMD1Q\/frank_render_022.jpg",
                "permalink_public": "https:\/\/slack-files.com\/T4UUTPV18-F0113PNMD1Q-a0dbb87280",
                "is_starred": false,
                "has_rich_preview": false
            }
        ],
        "upload": true,
        "user": "U6D2VCN07",
        "display_as_bot": false,
        "ts": "1586009138.003200"
    },
    {
        "type": "message",
        "subtype": "bot_message",
        "text": "I think im changing his eye colour today",
        "ts": "1586009274.003500",
        "username": "Adrian Teoh (Prospela Students (beta))",
        "icons": {
            "image_48": "https:\/\/s3-us-west-2.amazonaws.com\/slack-files2\/bot_icons\/2020-04-04\/1039046006915_48.png"
        },
        "bot_id": "B6CS60LDU"
    },
    {
        "type": "message",
        "subtype": "bot_message",
        "text": "i'm planning on getting xyz textures and projecting them in mari",
        "ts": "1586009497.003600",
        "username": "Adrian Teoh (Prospela Students (beta))",
        "icons": {
            "image_48": "https:\/\/s3-us-west-2.amazonaws.com\/slack-files2\/bot_icons\/2020-04-04\/1039048517507_48.png"
        },
        "bot_id": "B6CS60LDU"
    },
    {
        "type": "message",
        "subtype": "bot_message",
        "text": "Nice! Yeah my university had a massive disconnect- a lot of old 2d lecturers whereas my boyfriend went to uni with the likes of Zeno Pelgrims :rolling_on_the_floor_laughing:\n\nDid you start with a scan? There’s a few volume issues I’m noticing (though the check might sort itself with SS) \n",
        "ts": "1586014220.003700",
        "username": "Rebecca Blair (Prospela Mentors (beta))",
        "icons": {
            "image_48": "https:\/\/s3-us-west-2.amazonaws.com\/slack-files2\/bot_icons\/2020-04-04\/1047159345957_48.png"
        },
        "bot_id": "B6CS60LDU"
    },
    {
        "type": "message",
        "text": "",
        "files": [
            {
                "id": "F011D59CAJ2",
                "created": 1586014227,
                "timestamp": 1586014227,
                "name": "Image from iOS.jpg",
                "title": "Image from iOS",
                "mimetype": "image\/jpeg",
                "filetype": "jpg",
                "pretty_type": "JPEG",
                "user": "U6D2VCN07",
                "editable": false,
                "size": 59897,
                "mode": "hosted",
                "is_external": false,
                "external_type": "",
                "is_public": true,
                "public_url_shared": false,
                "display_as_bot": false,
                "username": "",
                "url_private": "https:\/\/files.slack.com\/files-pri\/T4UUTPV18-F011D59CAJ2\/image_from_ios.jpg?t=xoxe-164979811042-1081742544354-1080362743317-fee6284c0ee20406565ca4cadf37d845",
                "url_private_download": "https:\/\/files.slack.com\/files-pri\/T4UUTPV18-F011D59CAJ2\/download\/image_from_ios.jpg?t=xoxe-164979811042-1081742544354-1080362743317-fee6284c0ee20406565ca4cadf37d845",
                "thumb_64": "https:\/\/files.slack.com\/files-tmb\/T4UUTPV18-F011D59CAJ2-10e2a885ed\/image_from_ios_64.jpg?t=xoxe-164979811042-1081742544354-1080362743317-fee6284c0ee20406565ca4cadf37d845",
                "thumb_80": "https:\/\/files.slack.com\/files-tmb\/T4UUTPV18-F011D59CAJ2-10e2a885ed\/image_from_ios_80.jpg?t=xoxe-164979811042-1081742544354-1080362743317-fee6284c0ee20406565ca4cadf37d845",
                "thumb_360": "https:\/\/files.slack.com\/files-tmb\/T4UUTPV18-F011D59CAJ2-10e2a885ed\/image_from_ios_360.jpg?t=xoxe-164979811042-1081742544354-1080362743317-fee6284c0ee20406565ca4cadf37d845",
                "thumb_360_w": 166,
                "thumb_360_h": 360,
                "thumb_480": "https:\/\/files.slack.com\/files-tmb\/T4UUTPV18-F011D59CAJ2-10e2a885ed\/image_from_ios_480.jpg?t=xoxe-164979811042-1081742544354-1080362743317-fee6284c0ee20406565ca4cadf37d845",
                "thumb_480_w": 222,
                "thumb_480_h": 480,
                "thumb_160": "https:\/\/files.slack.com\/files-tmb\/T4UUTPV18-F011D59CAJ2-10e2a885ed\/image_from_ios_160.jpg?t=xoxe-164979811042-1081742544354-1080362743317-fee6284c0ee20406565ca4cadf37d845",
                "thumb_720": "https:\/\/files.slack.com\/files-tmb\/T4UUTPV18-F011D59CAJ2-10e2a885ed\/image_from_ios_720.jpg?t=xoxe-164979811042-1081742544354-1080362743317-fee6284c0ee20406565ca4cadf37d845",
                "thumb_720_w": 333,
                "thumb_720_h": 720,
                "thumb_800": "https:\/\/files.slack.com\/files-tmb\/T4UUTPV18-F011D59CAJ2-10e2a885ed\/image_from_ios_800.jpg?t=xoxe-164979811042-1081742544354-1080362743317-fee6284c0ee20406565ca4cadf37d845",
                "thumb_800_w": 800,
                "thumb_800_h": 1731,
                "thumb_960": "https:\/\/files.slack.com\/files-tmb\/T4UUTPV18-F011D59CAJ2-10e2a885ed\/image_from_ios_960.jpg?t=xoxe-164979811042-1081742544354-1080362743317-fee6284c0ee20406565ca4cadf37d845",
                "thumb_960_w": 444,
                "thumb_960_h": 960,
                "thumb_1024": "https:\/\/files.slack.com\/files-tmb\/T4UUTPV18-F011D59CAJ2-10e2a885ed\/image_from_ios_1024.jpg?t=xoxe-164979811042-1081742544354-1080362743317-fee6284c0ee20406565ca4cadf37d845",
                "thumb_1024_w": 473,
                "thumb_1024_h": 1024,
                "image_exif_rotation": 1,
                "original_w": 828,
                "original_h": 1792,
                "thumb_tiny": "AwAwABZYrWPYN8Q3e9P+yQ\/88xUkcgddwBA96dupDIvskHeMfrR9kt\/+eY\/Wns2BnGabv\/2T+dAEaOEiBbOPaneZ8m7BxmkX5FCnnFG84xtH1zQAqyK4ylO59KQMOwGPalyPegBJ+MGo9yetSuMioDGd3SgCaAdTU1RRggU\/NAH\/2Q==",
                "permalink": "https:\/\/prospela.slack.com\/files\/U6D2VCN07\/F011D59CAJ2\/image_from_ios.jpg",
                "permalink_public": "https:\/\/slack-files.com\/T4UUTPV18-F011D59CAJ2-1688a1590d",
                "is_starred": false,
                "has_rich_preview": false
            }
        ],
        "upload": true,
        "user": "U6D2VCN07",
        "display_as_bot": false,
        "ts": "1586014232.003800"
    },
    {
        "type": "message",
        "text": "",
        "files": [
            {
                "id": "F011B3KMM9D",
                "created": 1586014604,
                "timestamp": 1586014604,
                "name": "image.png",
                "title": "image",
                "mimetype": "image\/png",
                "filetype": "png",
                "pretty_type": "PNG",
                "user": "U6D2VCN07",
                "editable": false,
                "size": 355864,
                "mode": "hosted",
                "is_external": false,
                "external_type": "",
                "is_public": true,
                "public_url_shared": false,
                "display_as_bot": false,
                "username": "",
                "url_private": "https:\/\/files.slack.com\/files-pri\/T4UUTPV18-F011B3KMM9D\/image.png?t=xoxe-164979811042-1081742544354-1080362743317-fee6284c0ee20406565ca4cadf37d845",
                "url_private_download": "https:\/\/files.slack.com\/files-pri\/T4UUTPV18-F011B3KMM9D\/download\/image.png?t=xoxe-164979811042-1081742544354-1080362743317-fee6284c0ee20406565ca4cadf37d845",
                "thumb_64": "https:\/\/files.slack.com\/files-tmb\/T4UUTPV18-F011B3KMM9D-3160da0788\/image_64.png?t=xoxe-164979811042-1081742544354-1080362743317-fee6284c0ee20406565ca4cadf37d845",
                "thumb_80": "https:\/\/files.slack.com\/files-tmb\/T4UUTPV18-F011B3KMM9D-3160da0788\/image_80.png?t=xoxe-164979811042-1081742544354-1080362743317-fee6284c0ee20406565ca4cadf37d845",
                "thumb_360": "https:\/\/files.slack.com\/files-tmb\/T4UUTPV18-F011B3KMM9D-3160da0788\/image_360.png?t=xoxe-164979811042-1081742544354-1080362743317-fee6284c0ee20406565ca4cadf37d845",
                "thumb_360_w": 300,
                "thumb_360_h": 360,
                "thumb_480": "https:\/\/files.slack.com\/files-tmb\/T4UUTPV18-F011B3KMM9D-3160da0788\/image_480.png?t=xoxe-164979811042-1081742544354-1080362743317-fee6284c0ee20406565ca4cadf37d845",
                "thumb_480_w": 400,
                "thumb_480_h": 480,
                "thumb_160": "https:\/\/files.slack.com\/files-tmb\/T4UUTPV18-F011B3KMM9D-3160da0788\/image_160.png?t=xoxe-164979811042-1081742544354-1080362743317-fee6284c0ee20406565ca4cadf37d845",
                "thumb_720": "https:\/\/files.slack.com\/files-tmb\/T4UUTPV18-F011B3KMM9D-3160da0788\/image_720.png?t=xoxe-164979811042-1081742544354-1080362743317-fee6284c0ee20406565ca4cadf37d845",
                "thumb_720_w": 600,
                "thumb_720_h": 720,
                "thumb_800": "https:\/\/files.slack.com\/files-tmb\/T4UUTPV18-F011B3KMM9D-3160da0788\/image_800.png?t=xoxe-164979811042-1081742544354-1080362743317-fee6284c0ee20406565ca4cadf37d845",
                "thumb_800_w": 667,
                "thumb_800_h": 800,
                "image_exif_rotation": 1,
                "original_w": 677,
                "original_h": 812,
                "thumb_tiny": "AwAwACinSgEnikqSOgBpQim1YbGKhagBtFFFABT1HA5+lMpy8jBA\/GgB4XIJB\/Wo268U8kgcYxUe7cxx0FABRRRQAAZ6UEMpyPxFPUqByeaMrmgCP5368Cn+XjgUu5R0pd6+9ADCCKSlc7iMdBSUAf\/Z",
                "permalink": "https:\/\/prospela.slack.com\/files\/U6D2VCN07\/F011B3KMM9D\/image.png",
                "permalink_public": "https:\/\/slack-files.com\/T4UUTPV18-F011B3KMM9D-78b91cee8a",
                "is_starred": false,
                "has_rich_preview": false
            }
        ],
        "upload": true,
        "user": "U6D2VCN07",
        "display_as_bot": false,
        "ts": "1586014610.004100"
    },
    {
        "type": "message",
        "subtype": "bot_message",
        "text": "had to do a bunch of cleanup",
        "ts": "1586014712.004400",
        "username": "Adrian Teoh (Prospela Students (beta))",
        "icons": {
            "image_48": "https:\/\/s3-us-west-2.amazonaws.com\/slack-files2\/bot_icons\/2020-04-04\/1047183006886_48.png"
        },
        "bot_id": "B6CS60LDU"
    },
    {
        "type": "message",
        "subtype": "bot_message",
        "text": "would you say that eyebrow and cheek region needs to bulge out a bit?",
        "ts": "1586014979.004500",
        "username": "Adrian Teoh (Prospela Students (beta))",
        "icons": {
            "image_48": "https:\/\/s3-us-west-2.amazonaws.com\/slack-files2\/bot_icons\/2020-04-04\/1053619051568_48.png"
        },
        "bot_id": "B6CS60LDU"
    },
    {
        "type": "message",
        "text": "",
        "files": [
            {
                "id": "F0113RRQ3QA",
                "created": 1586015104,
                "timestamp": 1586015104,
                "name": "image.png",
                "title": "image",
                "mimetype": "image\/png",
                "filetype": "png",
                "pretty_type": "PNG",
                "user": "U6D2VCN07",
                "editable": false,
                "size": 1562556,
                "mode": "hosted",
                "is_external": false,
                "external_type": "",
                "is_public": true,
                "public_url_shared": false,
                "display_as_bot": false,
                "username": "",
                "url_private": "https:\/\/files.slack.com\/files-pri\/T4UUTPV18-F0113RRQ3QA\/image.png?t=xoxe-164979811042-1081742544354-1080362743317-fee6284c0ee20406565ca4cadf37d845",
                "url_private_download": "https:\/\/files.slack.com\/files-pri\/T4UUTPV18-F0113RRQ3QA\/download\/image.png?t=xoxe-164979811042-1081742544354-1080362743317-fee6284c0ee20406565ca4cadf37d845",
                "thumb_64": "https:\/\/files.slack.com\/files-tmb\/T4UUTPV18-F0113RRQ3QA-406131e62d\/image_64.png?t=xoxe-164979811042-1081742544354-1080362743317-fee6284c0ee20406565ca4cadf37d845",
                "thumb_80": "https:\/\/files.slack.com\/files-tmb\/T4UUTPV18-F0113RRQ3QA-406131e62d\/image_80.png?t=xoxe-164979811042-1081742544354-1080362743317-fee6284c0ee20406565ca4cadf37d845",
                "thumb_360": "https:\/\/files.slack.com\/files-tmb\/T4UUTPV18-F0113RRQ3QA-406131e62d\/image_360.png?t=xoxe-164979811042-1081742544354-1080362743317-fee6284c0ee20406565ca4cadf37d845",
                "thumb_360_w": 360,
                "thumb_360_h": 202,
                "thumb_480": "https:\/\/files.slack.com\/files-tmb\/T4UUTPV18-F0113RRQ3QA-406131e62d\/image_480.png?t=xoxe-164979811042-1081742544354-1080362743317-fee6284c0ee20406565ca4cadf37d845",
                "thumb_480_w": 480,
                "thumb_480_h": 270,
                "thumb_160": "https:\/\/files.slack.com\/files-tmb\/T4UUTPV18-F0113RRQ3QA-406131e62d\/image_160.png?t=xoxe-164979811042-1081742544354-1080362743317-fee6284c0ee20406565ca4cadf37d845",
                "thumb_720": "https:\/\/files.slack.com\/files-tmb\/T4UUTPV18-F0113RRQ3QA-406131e62d\/image_720.png?t=xoxe-164979811042-1081742544354-1080362743317-fee6284c0ee20406565ca4cadf37d845",
                "thumb_720_w": 720,
                "thumb_720_h": 405,
                "thumb_800": "https:\/\/files.slack.com\/files-tmb\/T4UUTPV18-F0113RRQ3QA-406131e62d\/image_800.png?t=xoxe-164979811042-1081742544354-1080362743317-fee6284c0ee20406565ca4cadf37d845",
                "thumb_800_w": 800,
                "thumb_800_h": 450,
                "thumb_960": "https:\/\/files.slack.com\/files-tmb\/T4UUTPV18-F0113RRQ3QA-406131e62d\/image_960.png?t=xoxe-164979811042-1081742544354-1080362743317-fee6284c0ee20406565ca4cadf37d845",
                "thumb_960_w": 960,
                "thumb_960_h": 540,
                "thumb_1024": "https:\/\/files.slack.com\/files-tmb\/T4UUTPV18-F0113RRQ3QA-406131e62d\/image_1024.png?t=xoxe-164979811042-1081742544354-1080362743317-fee6284c0ee20406565ca4cadf37d845",
                "thumb_1024_w": 1024,
                "thumb_1024_h": 576,
                "image_exif_rotation": 1,
                "original_w": 1375,
                "original_h": 773,
                "thumb_tiny": "AwAaADCFiNrepq4YUY5Oc47GqkkTKhYkYxV0HgVKGJGqLuVc8HnNOZlUZzxUZJDPzjJpM7gQGBB6ZFMB5kRW2s2D1xTtwJwDk4zTGiRzk9frUM0LM2VIxj1oAU2+4YMjYPtVkYqMn5h9KcOtKwDJ1yAQORTIFy+4ipCeaB3pjJMiml1HGaQk1E3+s\/GgR\/\/Z",
                "permalink": "https:\/\/prospela.slack.com\/files\/U6D2VCN07\/F0113RRQ3QA\/image.png",
                "permalink_public": "https:\/\/slack-files.com\/T4UUTPV18-F0113RRQ3QA-dc70a689b6",
                "is_starred": false,
                "has_rich_preview": false
            }
        ],
        "upload": true,
        "user": "U6D2VCN07",
        "display_as_bot": false,
        "ts": "1586015114.004600"
    }
]