[
    {
        "type": "message",
        "subtype": "bot_message",
        "text": "Ah I see. Yeah i'll try to make those fixes today.",
        "ts": "1586191387.005000",
        "username": "Adrian Teoh (Prospela Students (beta))",
        "icons": {
            "image_48": "https:\/\/s3-us-west-2.amazonaws.com\/slack-files2\/bot_icons\/2020-04-06\/1042415404387_48.png"
        },
        "bot_id": "B6CS60LDU"
    },
    {
        "type": "message",
        "subtype": "bot_message",
        "text": "oh i'm also working with a little team on a final year short film this year, its a short ad for honey whiskey and in it are 2 bumble bees on a little date sitting on top of a bottle",
        "ts": "1586191646.005100",
        "username": "Adrian Teoh (Prospela Students (beta))",
        "icons": {
            "image_48": "https:\/\/s3-us-west-2.amazonaws.com\/slack-files2\/bot_icons\/2020-04-06\/1058056530032_48.png"
        },
        "bot_id": "B6CS60LDU"
    },
    {
        "type": "message",
        "text": "",
        "files": [
            {
                "id": "F011F1NU1D3",
                "created": 1586191748,
                "timestamp": 1586191748,
                "name": "HoneyPrevis02.mp4",
                "title": "HoneyPrevis02",
                "mimetype": "video\/mp4",
                "filetype": "mp4",
                "pretty_type": "MPEG 4 Video",
                "user": "U6D2VCN07",
                "editable": false,
                "size": 25413506,
                "mode": "hosted",
                "is_external": false,
                "external_type": "",
                "is_public": true,
                "public_url_shared": false,
                "display_as_bot": false,
                "username": "",
                "url_private": "https:\/\/files.slack.com\/files-pri\/T4UUTPV18-F011F1NU1D3\/honeyprevis02.mp4?t=xoxe-164979811042-1081742544354-1080362743317-fee6284c0ee20406565ca4cadf37d845",
                "url_private_download": "https:\/\/files.slack.com\/files-pri\/T4UUTPV18-F011F1NU1D3\/download\/honeyprevis02.mp4?t=xoxe-164979811042-1081742544354-1080362743317-fee6284c0ee20406565ca4cadf37d845",
                "permalink": "https:\/\/prospela.slack.com\/files\/U6D2VCN07\/F011F1NU1D3\/honeyprevis02.mp4",
                "permalink_public": "https:\/\/slack-files.com\/T4UUTPV18-F011F1NU1D3-a4a09ccf87",
                "is_starred": false,
                "has_rich_preview": false
            }
        ],
        "upload": true,
        "user": "U6D2VCN07",
        "display_as_bot": false,
        "ts": "1586191750.005200"
    },
    {
        "type": "message",
        "text": "",
        "files": [
            {
                "id": "F011792N6Q2",
                "created": 1586191880,
                "timestamp": 1586191880,
                "name": "turnaround_v001.0001.mp4",
                "title": "turnaround v001.0001",
                "mimetype": "video\/mp4",
                "filetype": "mp4",
                "pretty_type": "MPEG 4 Video",
                "user": "U6D2VCN07",
                "editable": false,
                "size": 12011829,
                "mode": "hosted",
                "is_external": false,
                "external_type": "",
                "is_public": true,
                "public_url_shared": false,
                "display_as_bot": false,
                "username": "",
                "url_private": "https:\/\/files.slack.com\/files-pri\/T4UUTPV18-F011792N6Q2\/turnaround_v001.0001.mp4?t=xoxe-164979811042-1081742544354-1080362743317-fee6284c0ee20406565ca4cadf37d845",
                "url_private_download": "https:\/\/files.slack.com\/files-pri\/T4UUTPV18-F011792N6Q2\/download\/turnaround_v001.0001.mp4?t=xoxe-164979811042-1081742544354-1080362743317-fee6284c0ee20406565ca4cadf37d845",
                "thumb_video": "https:\/\/files.slack.com\/files-tmb\/T4UUTPV18-F011792N6Q2-ab9b1c1c7a\/turnaround_v001.0001_thumb_video.jpeg?t=xoxe-164979811042-1081742544354-1080362743317-fee6284c0ee20406565ca4cadf37d845",
                "permalink": "https:\/\/prospela.slack.com\/files\/U6D2VCN07\/F011792N6Q2\/turnaround_v001.0001.mp4",
                "permalink_public": "https:\/\/slack-files.com\/T4UUTPV18-F011792N6Q2-2efa849c44",
                "is_starred": false,
                "has_rich_preview": false
            }
        ],
        "upload": true,
        "user": "U6D2VCN07",
        "display_as_bot": false,
        "ts": "1586191882.005500"
    },
    {
        "type": "message",
        "text": "",
        "files": [
            {
                "id": "F011HNB0BSQ",
                "created": 1586191987,
                "timestamp": 1586191987,
                "name": "Bottle_005.jpg",
                "title": "Bottle 005",
                "mimetype": "image\/jpeg",
                "filetype": "jpg",
                "pretty_type": "JPEG",
                "user": "U6D2VCN07",
                "editable": false,
                "size": 550177,
                "mode": "hosted",
                "is_external": false,
                "external_type": "",
                "is_public": true,
                "public_url_shared": false,
                "display_as_bot": false,
                "username": "",
                "url_private": "https:\/\/files.slack.com\/files-pri\/T4UUTPV18-F011HNB0BSQ\/bottle_005.jpg?t=xoxe-164979811042-1081742544354-1080362743317-fee6284c0ee20406565ca4cadf37d845",
                "url_private_download": "https:\/\/files.slack.com\/files-pri\/T4UUTPV18-F011HNB0BSQ\/download\/bottle_005.jpg?t=xoxe-164979811042-1081742544354-1080362743317-fee6284c0ee20406565ca4cadf37d845",
                "thumb_64": "https:\/\/files.slack.com\/files-tmb\/T4UUTPV18-F011HNB0BSQ-57dbd0c24b\/bottle_005_64.jpg?t=xoxe-164979811042-1081742544354-1080362743317-fee6284c0ee20406565ca4cadf37d845",
                "thumb_80": "https:\/\/files.slack.com\/files-tmb\/T4UUTPV18-F011HNB0BSQ-57dbd0c24b\/bottle_005_80.jpg?t=xoxe-164979811042-1081742544354-1080362743317-fee6284c0ee20406565ca4cadf37d845",
                "thumb_360": "https:\/\/files.slack.com\/files-tmb\/T4UUTPV18-F011HNB0BSQ-57dbd0c24b\/bottle_005_360.jpg?t=xoxe-164979811042-1081742544354-1080362743317-fee6284c0ee20406565ca4cadf37d845",
                "thumb_360_w": 360,
                "thumb_360_h": 203,
                "thumb_480": "https:\/\/files.slack.com\/files-tmb\/T4UUTPV18-F011HNB0BSQ-57dbd0c24b\/bottle_005_480.jpg?t=xoxe-164979811042-1081742544354-1080362743317-fee6284c0ee20406565ca4cadf37d845",
                "thumb_480_w": 480,
                "thumb_480_h": 270,
                "thumb_160": "https:\/\/files.slack.com\/files-tmb\/T4UUTPV18-F011HNB0BSQ-57dbd0c24b\/bottle_005_160.jpg?t=xoxe-164979811042-1081742544354-1080362743317-fee6284c0ee20406565ca4cadf37d845",
                "thumb_720": "https:\/\/files.slack.com\/files-tmb\/T4UUTPV18-F011HNB0BSQ-57dbd0c24b\/bottle_005_720.jpg?t=xoxe-164979811042-1081742544354-1080362743317-fee6284c0ee20406565ca4cadf37d845",
                "thumb_720_w": 720,
                "thumb_720_h": 405,
                "thumb_800": "https:\/\/files.slack.com\/files-tmb\/T4UUTPV18-F011HNB0BSQ-57dbd0c24b\/bottle_005_800.jpg?t=xoxe-164979811042-1081742544354-1080362743317-fee6284c0ee20406565ca4cadf37d845",
                "thumb_800_w": 800,
                "thumb_800_h": 450,
                "thumb_960": "https:\/\/files.slack.com\/files-tmb\/T4UUTPV18-F011HNB0BSQ-57dbd0c24b\/bottle_005_960.jpg?t=xoxe-164979811042-1081742544354-1080362743317-fee6284c0ee20406565ca4cadf37d845",
                "thumb_960_w": 960,
                "thumb_960_h": 540,
                "thumb_1024": "https:\/\/files.slack.com\/files-tmb\/T4UUTPV18-F011HNB0BSQ-57dbd0c24b\/bottle_005_1024.jpg?t=xoxe-164979811042-1081742544354-1080362743317-fee6284c0ee20406565ca4cadf37d845",
                "thumb_1024_w": 1024,
                "thumb_1024_h": 576,
                "image_exif_rotation": 1,
                "original_w": 1920,
                "original_h": 1080,
                "permalink": "https:\/\/prospela.slack.com\/files\/U6D2VCN07\/F011HNB0BSQ\/bottle_005.jpg",
                "permalink_public": "https:\/\/slack-files.com\/T4UUTPV18-F011HNB0BSQ-4f7d76a65f",
                "is_starred": false,
                "has_rich_preview": false
            }
        ],
        "upload": true,
        "user": "U6D2VCN07",
        "display_as_bot": false,
        "ts": "1586191990.005800"
    },
    {
        "type": "message",
        "text": "",
        "files": [
            {
                "id": "F011798PKEW",
                "created": 1586191987,
                "timestamp": 1586191987,
                "name": "Bottle_003.jpg",
                "title": "Bottle 003",
                "mimetype": "image\/jpeg",
                "filetype": "jpg",
                "pretty_type": "JPEG",
                "user": "U6D2VCN07",
                "editable": false,
                "size": 431132,
                "mode": "hosted",
                "is_external": false,
                "external_type": "",
                "is_public": true,
                "public_url_shared": false,
                "display_as_bot": false,
                "username": "",
                "url_private": "https:\/\/files.slack.com\/files-pri\/T4UUTPV18-F011798PKEW\/bottle_003.jpg?t=xoxe-164979811042-1081742544354-1080362743317-fee6284c0ee20406565ca4cadf37d845",
                "url_private_download": "https:\/\/files.slack.com\/files-pri\/T4UUTPV18-F011798PKEW\/download\/bottle_003.jpg?t=xoxe-164979811042-1081742544354-1080362743317-fee6284c0ee20406565ca4cadf37d845",
                "thumb_64": "https:\/\/files.slack.com\/files-tmb\/T4UUTPV18-F011798PKEW-a8ca296129\/bottle_003_64.jpg?t=xoxe-164979811042-1081742544354-1080362743317-fee6284c0ee20406565ca4cadf37d845",
                "thumb_80": "https:\/\/files.slack.com\/files-tmb\/T4UUTPV18-F011798PKEW-a8ca296129\/bottle_003_80.jpg?t=xoxe-164979811042-1081742544354-1080362743317-fee6284c0ee20406565ca4cadf37d845",
                "thumb_360": "https:\/\/files.slack.com\/files-tmb\/T4UUTPV18-F011798PKEW-a8ca296129\/bottle_003_360.jpg?t=xoxe-164979811042-1081742544354-1080362743317-fee6284c0ee20406565ca4cadf37d845",
                "thumb_360_w": 360,
                "thumb_360_h": 203,
                "thumb_480": "https:\/\/files.slack.com\/files-tmb\/T4UUTPV18-F011798PKEW-a8ca296129\/bottle_003_480.jpg?t=xoxe-164979811042-1081742544354-1080362743317-fee6284c0ee20406565ca4cadf37d845",
                "thumb_480_w": 480,
                "thumb_480_h": 270,
                "thumb_160": "https:\/\/files.slack.com\/files-tmb\/T4UUTPV18-F011798PKEW-a8ca296129\/bottle_003_160.jpg?t=xoxe-164979811042-1081742544354-1080362743317-fee6284c0ee20406565ca4cadf37d845",
                "thumb_720": "https:\/\/files.slack.com\/files-tmb\/T4UUTPV18-F011798PKEW-a8ca296129\/bottle_003_720.jpg?t=xoxe-164979811042-1081742544354-1080362743317-fee6284c0ee20406565ca4cadf37d845",
                "thumb_720_w": 720,
                "thumb_720_h": 405,
                "thumb_800": "https:\/\/files.slack.com\/files-tmb\/T4UUTPV18-F011798PKEW-a8ca296129\/bottle_003_800.jpg?t=xoxe-164979811042-1081742544354-1080362743317-fee6284c0ee20406565ca4cadf37d845",
                "thumb_800_w": 800,
                "thumb_800_h": 450,
                "thumb_960": "https:\/\/files.slack.com\/files-tmb\/T4UUTPV18-F011798PKEW-a8ca296129\/bottle_003_960.jpg?t=xoxe-164979811042-1081742544354-1080362743317-fee6284c0ee20406565ca4cadf37d845",
                "thumb_960_w": 960,
                "thumb_960_h": 540,
                "thumb_1024": "https:\/\/files.slack.com\/files-tmb\/T4UUTPV18-F011798PKEW-a8ca296129\/bottle_003_1024.jpg?t=xoxe-164979811042-1081742544354-1080362743317-fee6284c0ee20406565ca4cadf37d845",
                "thumb_1024_w": 1024,
                "thumb_1024_h": 576,
                "image_exif_rotation": 1,
                "original_w": 1920,
                "original_h": 1080,
                "thumb_tiny": "AwAbADAHWkLYopcUgJYpuSxkUE\/3hU27fyHUkDjaaqDJOABTgWQ9AKYEm6VS2Mc+9IzSt1BP41G2GOSOabtHbI\/GmIWiio5SRgA9akYjTbWIwOPWgTgtjjn0qByRjFJHy+TQOxdopopaYj\/\/2Q==",
                "permalink": "https:\/\/prospela.slack.com\/files\/U6D2VCN07\/F011798PKEW\/bottle_003.jpg",
                "permalink_public": "https:\/\/slack-files.com\/T4UUTPV18-F011798PKEW-6b3b803231",
                "is_starred": false,
                "has_rich_preview": false
            }
        ],
        "upload": true,
        "user": "U6D2VCN07",
        "display_as_bot": false,
        "ts": "1586191991.006100"
    },
    {
        "type": "message",
        "text": "",
        "files": [
            {
                "id": "F011F1WEZAR",
                "created": 1586191987,
                "timestamp": 1586191987,
                "name": "Bottle_002.jpg",
                "title": "Bottle 002",
                "mimetype": "image\/jpeg",
                "filetype": "jpg",
                "pretty_type": "JPEG",
                "user": "U6D2VCN07",
                "editable": false,
                "size": 498769,
                "mode": "hosted",
                "is_external": false,
                "external_type": "",
                "is_public": true,
                "public_url_shared": false,
                "display_as_bot": false,
                "username": "",
                "url_private": "https:\/\/files.slack.com\/files-pri\/T4UUTPV18-F011F1WEZAR\/bottle_002.jpg?t=xoxe-164979811042-1081742544354-1080362743317-fee6284c0ee20406565ca4cadf37d845",
                "url_private_download": "https:\/\/files.slack.com\/files-pri\/T4UUTPV18-F011F1WEZAR\/download\/bottle_002.jpg?t=xoxe-164979811042-1081742544354-1080362743317-fee6284c0ee20406565ca4cadf37d845",
                "thumb_64": "https:\/\/files.slack.com\/files-tmb\/T4UUTPV18-F011F1WEZAR-178c9c5f5f\/bottle_002_64.jpg?t=xoxe-164979811042-1081742544354-1080362743317-fee6284c0ee20406565ca4cadf37d845",
                "thumb_80": "https:\/\/files.slack.com\/files-tmb\/T4UUTPV18-F011F1WEZAR-178c9c5f5f\/bottle_002_80.jpg?t=xoxe-164979811042-1081742544354-1080362743317-fee6284c0ee20406565ca4cadf37d845",
                "thumb_360": "https:\/\/files.slack.com\/files-tmb\/T4UUTPV18-F011F1WEZAR-178c9c5f5f\/bottle_002_360.jpg?t=xoxe-164979811042-1081742544354-1080362743317-fee6284c0ee20406565ca4cadf37d845",
                "thumb_360_w": 360,
                "thumb_360_h": 203,
                "thumb_480": "https:\/\/files.slack.com\/files-tmb\/T4UUTPV18-F011F1WEZAR-178c9c5f5f\/bottle_002_480.jpg?t=xoxe-164979811042-1081742544354-1080362743317-fee6284c0ee20406565ca4cadf37d845",
                "thumb_480_w": 480,
                "thumb_480_h": 270,
                "thumb_160": "https:\/\/files.slack.com\/files-tmb\/T4UUTPV18-F011F1WEZAR-178c9c5f5f\/bottle_002_160.jpg?t=xoxe-164979811042-1081742544354-1080362743317-fee6284c0ee20406565ca4cadf37d845",
                "thumb_720": "https:\/\/files.slack.com\/files-tmb\/T4UUTPV18-F011F1WEZAR-178c9c5f5f\/bottle_002_720.jpg?t=xoxe-164979811042-1081742544354-1080362743317-fee6284c0ee20406565ca4cadf37d845",
                "thumb_720_w": 720,
                "thumb_720_h": 405,
                "thumb_800": "https:\/\/files.slack.com\/files-tmb\/T4UUTPV18-F011F1WEZAR-178c9c5f5f\/bottle_002_800.jpg?t=xoxe-164979811042-1081742544354-1080362743317-fee6284c0ee20406565ca4cadf37d845",
                "thumb_800_w": 800,
                "thumb_800_h": 450,
                "thumb_960": "https:\/\/files.slack.com\/files-tmb\/T4UUTPV18-F011F1WEZAR-178c9c5f5f\/bottle_002_960.jpg?t=xoxe-164979811042-1081742544354-1080362743317-fee6284c0ee20406565ca4cadf37d845",
                "thumb_960_w": 960,
                "thumb_960_h": 540,
                "thumb_1024": "https:\/\/files.slack.com\/files-tmb\/T4UUTPV18-F011F1WEZAR-178c9c5f5f\/bottle_002_1024.jpg?t=xoxe-164979811042-1081742544354-1080362743317-fee6284c0ee20406565ca4cadf37d845",
                "thumb_1024_w": 1024,
                "thumb_1024_h": 576,
                "image_exif_rotation": 1,
                "original_w": 1920,
                "original_h": 1080,
                "thumb_tiny": "AwAbADC2Y0D7QgJxmkMQz9w09t+7dt2kDHrmohLKM8E0AEqrGhZl6VFHIr52gjHrUc0kku5WOPwpkW6MHDdT6VNyrFqlpisSoJFLu9qZI1DsJxn86RyGOST+dJSUwIyCD1JFGCelP60qgDpU2KuALAY3GjLf3qdRTJP\/2Q==",
                "permalink": "https:\/\/prospela.slack.com\/files\/U6D2VCN07\/F011F1WEZAR\/bottle_002.jpg",
                "permalink_public": "https:\/\/slack-files.com\/T4UUTPV18-F011F1WEZAR-d736c52502",
                "is_starred": false,
                "has_rich_preview": false
            }
        ],
        "upload": true,
        "user": "U6D2VCN07",
        "display_as_bot": false,
        "ts": "1586191991.006400"
    },
    {
        "type": "message",
        "text": "",
        "files": [
            {
                "id": "F011DP18R1P",
                "created": 1586191994,
                "timestamp": 1586191994,
                "name": "Bottle_001.jpg",
                "title": "Bottle 001",
                "mimetype": "image\/jpeg",
                "filetype": "jpg",
                "pretty_type": "JPEG",
                "user": "U6D2VCN07",
                "editable": false,
                "size": 866847,
                "mode": "hosted",
                "is_external": false,
                "external_type": "",
                "is_public": true,
                "public_url_shared": false,
                "display_as_bot": false,
                "username": "",
                "url_private": "https:\/\/files.slack.com\/files-pri\/T4UUTPV18-F011DP18R1P\/bottle_001.jpg?t=xoxe-164979811042-1081742544354-1080362743317-fee6284c0ee20406565ca4cadf37d845",
                "url_private_download": "https:\/\/files.slack.com\/files-pri\/T4UUTPV18-F011DP18R1P\/download\/bottle_001.jpg?t=xoxe-164979811042-1081742544354-1080362743317-fee6284c0ee20406565ca4cadf37d845",
                "thumb_64": "https:\/\/files.slack.com\/files-tmb\/T4UUTPV18-F011DP18R1P-e5ae146480\/bottle_001_64.jpg?t=xoxe-164979811042-1081742544354-1080362743317-fee6284c0ee20406565ca4cadf37d845",
                "thumb_80": "https:\/\/files.slack.com\/files-tmb\/T4UUTPV18-F011DP18R1P-e5ae146480\/bottle_001_80.jpg?t=xoxe-164979811042-1081742544354-1080362743317-fee6284c0ee20406565ca4cadf37d845",
                "thumb_360": "https:\/\/files.slack.com\/files-tmb\/T4UUTPV18-F011DP18R1P-e5ae146480\/bottle_001_360.jpg?t=xoxe-164979811042-1081742544354-1080362743317-fee6284c0ee20406565ca4cadf37d845",
                "thumb_360_w": 360,
                "thumb_360_h": 203,
                "thumb_480": "https:\/\/files.slack.com\/files-tmb\/T4UUTPV18-F011DP18R1P-e5ae146480\/bottle_001_480.jpg?t=xoxe-164979811042-1081742544354-1080362743317-fee6284c0ee20406565ca4cadf37d845",
                "thumb_480_w": 480,
                "thumb_480_h": 270,
                "thumb_160": "https:\/\/files.slack.com\/files-tmb\/T4UUTPV18-F011DP18R1P-e5ae146480\/bottle_001_160.jpg?t=xoxe-164979811042-1081742544354-1080362743317-fee6284c0ee20406565ca4cadf37d845",
                "thumb_720": "https:\/\/files.slack.com\/files-tmb\/T4UUTPV18-F011DP18R1P-e5ae146480\/bottle_001_720.jpg?t=xoxe-164979811042-1081742544354-1080362743317-fee6284c0ee20406565ca4cadf37d845",
                "thumb_720_w": 720,
                "thumb_720_h": 405,
                "thumb_800": "https:\/\/files.slack.com\/files-tmb\/T4UUTPV18-F011DP18R1P-e5ae146480\/bottle_001_800.jpg?t=xoxe-164979811042-1081742544354-1080362743317-fee6284c0ee20406565ca4cadf37d845",
                "thumb_800_w": 800,
                "thumb_800_h": 450,
                "thumb_960": "https:\/\/files.slack.com\/files-tmb\/T4UUTPV18-F011DP18R1P-e5ae146480\/bottle_001_960.jpg?t=xoxe-164979811042-1081742544354-1080362743317-fee6284c0ee20406565ca4cadf37d845",
                "thumb_960_w": 960,
                "thumb_960_h": 540,
                "thumb_1024": "https:\/\/files.slack.com\/files-tmb\/T4UUTPV18-F011DP18R1P-e5ae146480\/bottle_001_1024.jpg?t=xoxe-164979811042-1081742544354-1080362743317-fee6284c0ee20406565ca4cadf37d845",
                "thumb_1024_w": 1024,
                "thumb_1024_h": 576,
                "image_exif_rotation": 1,
                "original_w": 1920,
                "original_h": 1080,
                "thumb_tiny": "AwAbADCXJ9KMn0qLc3979KOe7GkBIz7FLMOBTo7lWJ288fxVUZiwx0NIu5XLcYpXHY0POLr0HHoai3Hc3WmqcoCQM4pRx0qhDaKSigCEghznqaTBY7VHNWMA9RTUUKOBSsVccowoHpRQaSmSf\/\/Z",
                "permalink": "https:\/\/prospela.slack.com\/files\/U6D2VCN07\/F011DP18R1P\/bottle_001.jpg",
                "permalink_public": "https:\/\/slack-files.com\/T4UUTPV18-F011DP18R1P-9b1fa92139",
                "is_starred": false,
                "has_rich_preview": false
            }
        ],
        "upload": true,
        "user": "U6D2VCN07",
        "display_as_bot": false,
        "ts": "1586192000.006700"
    },
    {
        "type": "message",
        "text": "",
        "files": [
            {
                "id": "F0117995E9Y",
                "created": 1586191995,
                "timestamp": 1586191995,
                "name": "Bottle_004.jpg",
                "title": "Bottle 004",
                "mimetype": "image\/jpeg",
                "filetype": "jpg",
                "pretty_type": "JPEG",
                "user": "U6D2VCN07",
                "editable": false,
                "size": 540186,
                "mode": "hosted",
                "is_external": false,
                "external_type": "",
                "is_public": true,
                "public_url_shared": false,
                "display_as_bot": false,
                "username": "",
                "url_private": "https:\/\/files.slack.com\/files-pri\/T4UUTPV18-F0117995E9Y\/bottle_004.jpg?t=xoxe-164979811042-1081742544354-1080362743317-fee6284c0ee20406565ca4cadf37d845",
                "url_private_download": "https:\/\/files.slack.com\/files-pri\/T4UUTPV18-F0117995E9Y\/download\/bottle_004.jpg?t=xoxe-164979811042-1081742544354-1080362743317-fee6284c0ee20406565ca4cadf37d845",
                "thumb_64": "https:\/\/files.slack.com\/files-tmb\/T4UUTPV18-F0117995E9Y-76038f810d\/bottle_004_64.jpg?t=xoxe-164979811042-1081742544354-1080362743317-fee6284c0ee20406565ca4cadf37d845",
                "thumb_80": "https:\/\/files.slack.com\/files-tmb\/T4UUTPV18-F0117995E9Y-76038f810d\/bottle_004_80.jpg?t=xoxe-164979811042-1081742544354-1080362743317-fee6284c0ee20406565ca4cadf37d845",
                "thumb_360": "https:\/\/files.slack.com\/files-tmb\/T4UUTPV18-F0117995E9Y-76038f810d\/bottle_004_360.jpg?t=xoxe-164979811042-1081742544354-1080362743317-fee6284c0ee20406565ca4cadf37d845",
                "thumb_360_w": 360,
                "thumb_360_h": 203,
                "thumb_480": "https:\/\/files.slack.com\/files-tmb\/T4UUTPV18-F0117995E9Y-76038f810d\/bottle_004_480.jpg?t=xoxe-164979811042-1081742544354-1080362743317-fee6284c0ee20406565ca4cadf37d845",
                "thumb_480_w": 480,
                "thumb_480_h": 270,
                "thumb_160": "https:\/\/files.slack.com\/files-tmb\/T4UUTPV18-F0117995E9Y-76038f810d\/bottle_004_160.jpg?t=xoxe-164979811042-1081742544354-1080362743317-fee6284c0ee20406565ca4cadf37d845",
                "thumb_720": "https:\/\/files.slack.com\/files-tmb\/T4UUTPV18-F0117995E9Y-76038f810d\/bottle_004_720.jpg?t=xoxe-164979811042-1081742544354-1080362743317-fee6284c0ee20406565ca4cadf37d845",
                "thumb_720_w": 720,
                "thumb_720_h": 405,
                "thumb_800": "https:\/\/files.slack.com\/files-tmb\/T4UUTPV18-F0117995E9Y-76038f810d\/bottle_004_800.jpg?t=xoxe-164979811042-1081742544354-1080362743317-fee6284c0ee20406565ca4cadf37d845",
                "thumb_800_w": 800,
                "thumb_800_h": 450,
                "thumb_960": "https:\/\/files.slack.com\/files-tmb\/T4UUTPV18-F0117995E9Y-76038f810d\/bottle_004_960.jpg?t=xoxe-164979811042-1081742544354-1080362743317-fee6284c0ee20406565ca4cadf37d845",
                "thumb_960_w": 960,
                "thumb_960_h": 540,
                "thumb_1024": "https:\/\/files.slack.com\/files-tmb\/T4UUTPV18-F0117995E9Y-76038f810d\/bottle_004_1024.jpg?t=xoxe-164979811042-1081742544354-1080362743317-fee6284c0ee20406565ca4cadf37d845",
                "thumb_1024_w": 1024,
                "thumb_1024_h": 576,
                "image_exif_rotation": 1,
                "original_w": 1920,
                "original_h": 1080,
                "thumb_tiny": "AwAbADCqy5Oc0BMHOaWl7VJQM20ZoVsk9uelQli560oJDDB6mgY6U9KbTpfvCm02Mcp45p3aoe9KpPrQSIPvc8GnINzj0HNS4B6ihVAHApDGS\/fptK\/36aabGf\/Z",
                "permalink": "https:\/\/prospela.slack.com\/files\/U6D2VCN07\/F0117995E9Y\/bottle_004.jpg",
                "permalink_public": "https:\/\/slack-files.com\/T4UUTPV18-F0117995E9Y-ad46e11e20",
                "is_starred": false,
                "has_rich_preview": false
            }
        ],
        "upload": true,
        "user": "U6D2VCN07",
        "display_as_bot": false,
        "ts": "1586192002.007000"
    },
    {
        "type": "message",
        "subtype": "bot_message",
        "text": "any crit and advice would be awesome cheers :smile:",
        "ts": "1586192019.007300",
        "username": "Adrian Teoh (Prospela Students (beta))",
        "icons": {
            "image_48": "https:\/\/s3-us-west-2.amazonaws.com\/slack-files2\/bot_icons\/2020-04-06\/1049065473285_48.png"
        },
        "bot_id": "B6CS60LDU"
    }
]