[
    {
        "type": "message",
        "subtype": "bot_message",
        "text": "Do you have an ref so I can have a look? ",
        "ts": "1586439019.007500",
        "username": "Rebecca Blair (Prospela Mentors (beta))",
        "icons": {
            "image_48": "https:\/\/s3-us-west-2.amazonaws.com\/slack-files2\/bot_icons\/2020-04-09\/1054651731989_48.png"
        },
        "bot_id": "B6CS60LDU"
    },
    {
        "type": "message",
        "subtype": "bot_message",
        "text": "One thing I noticed right off- the finger prints on the models are very strong- and are flat in height values - adding some variation or multiplying a fractal over them will give variation ",
        "ts": "1586439096.007600",
        "username": "Rebecca Blair (Prospela Mentors (beta))",
        "icons": {
            "image_48": "https:\/\/s3-us-west-2.amazonaws.com\/slack-files2\/bot_icons\/2020-04-09\/1070892694960_48.png"
        },
        "bot_id": "B6CS60LDU"
    },
    {
        "type": "message",
        "subtype": "bot_message",
        "text": "An example :) ",
        "ts": "1586439194.007700",
        "username": "Rebecca Blair (Prospela Mentors (beta))",
        "icons": {
            "image_48": "https:\/\/s3-us-west-2.amazonaws.com\/slack-files2\/bot_icons\/2020-04-09\/1046175820551_48.png"
        },
        "bot_id": "B6CS60LDU"
    },
    {
        "type": "message",
        "text": "",
        "files": [
            {
                "id": "F0122SFNA56",
                "created": 1586439187,
                "timestamp": 1586439187,
                "name": "Image from iOS.jpg",
                "title": "Image from iOS",
                "mimetype": "image\/jpeg",
                "filetype": "jpg",
                "pretty_type": "JPEG",
                "user": "U6D2VCN07",
                "editable": false,
                "size": 32122,
                "mode": "hosted",
                "is_external": false,
                "external_type": "",
                "is_public": true,
                "public_url_shared": false,
                "display_as_bot": false,
                "username": "",
                "url_private": "https:\/\/files.slack.com\/files-pri\/T4UUTPV18-F0122SFNA56\/image_from_ios.jpg?t=xoxe-164979811042-1081742544354-1080362743317-fee6284c0ee20406565ca4cadf37d845",
                "url_private_download": "https:\/\/files.slack.com\/files-pri\/T4UUTPV18-F0122SFNA56\/download\/image_from_ios.jpg?t=xoxe-164979811042-1081742544354-1080362743317-fee6284c0ee20406565ca4cadf37d845",
                "thumb_64": "https:\/\/files.slack.com\/files-tmb\/T4UUTPV18-F0122SFNA56-d810abbd0a\/image_from_ios_64.jpg?t=xoxe-164979811042-1081742544354-1080362743317-fee6284c0ee20406565ca4cadf37d845",
                "thumb_80": "https:\/\/files.slack.com\/files-tmb\/T4UUTPV18-F0122SFNA56-d810abbd0a\/image_from_ios_80.jpg?t=xoxe-164979811042-1081742544354-1080362743317-fee6284c0ee20406565ca4cadf37d845",
                "thumb_360": "https:\/\/files.slack.com\/files-tmb\/T4UUTPV18-F0122SFNA56-d810abbd0a\/image_from_ios_360.jpg?t=xoxe-164979811042-1081742544354-1080362743317-fee6284c0ee20406565ca4cadf37d845",
                "thumb_360_w": 360,
                "thumb_360_h": 254,
                "thumb_480": "https:\/\/files.slack.com\/files-tmb\/T4UUTPV18-F0122SFNA56-d810abbd0a\/image_from_ios_480.jpg?t=xoxe-164979811042-1081742544354-1080362743317-fee6284c0ee20406565ca4cadf37d845",
                "thumb_480_w": 480,
                "thumb_480_h": 339,
                "thumb_160": "https:\/\/files.slack.com\/files-tmb\/T4UUTPV18-F0122SFNA56-d810abbd0a\/image_from_ios_160.jpg?t=xoxe-164979811042-1081742544354-1080362743317-fee6284c0ee20406565ca4cadf37d845",
                "thumb_720": "https:\/\/files.slack.com\/files-tmb\/T4UUTPV18-F0122SFNA56-d810abbd0a\/image_from_ios_720.jpg?t=xoxe-164979811042-1081742544354-1080362743317-fee6284c0ee20406565ca4cadf37d845",
                "thumb_720_w": 720,
                "thumb_720_h": 509,
                "thumb_800": "https:\/\/files.slack.com\/files-tmb\/T4UUTPV18-F0122SFNA56-d810abbd0a\/image_from_ios_800.jpg?t=xoxe-164979811042-1081742544354-1080362743317-fee6284c0ee20406565ca4cadf37d845",
                "thumb_800_w": 800,
                "thumb_800_h": 565,
                "image_exif_rotation": 1,
                "original_w": 800,
                "original_h": 565,
                "thumb_tiny": "AwAhADDSpKWkoAaWwcYo3ZpG60E8UALmkNMJI6MRTC7A9j+lAFqkJ4oppOaAGNngimscVLUEoxxTAYXzTc0UUgLxpvc0403uaAA1DLUxqGWgCGiiigD\/2Q==",
                "permalink": "https:\/\/prospela.slack.com\/files\/U6D2VCN07\/F0122SFNA56\/image_from_ios.jpg",
                "permalink_public": "https:\/\/slack-files.com\/T4UUTPV18-F0122SFNA56-3dee9b613c",
                "is_starred": false,
                "has_rich_preview": false
            }
        ],
        "upload": true,
        "user": "U6D2VCN07",
        "display_as_bot": false,
        "ts": "1586439194.007800"
    }
]