[
    {
        "type": "message",
        "subtype": "bot_message",
        "text": "Hi Matthew, how's it going :slightly_smiling_face:",
        "ts": "1563181840.001600",
        "username": "Ben Gardener (Prospela Students (beta))",
        "icons": {
            "image_48": "https:\/\/s3-us-west-2.amazonaws.com\/slack-files2\/bot_icons\/2019-07-15\/696332318759_48.png"
        },
        "bot_id": "B6CS60LDU"
    },
    {
        "type": "message",
        "subtype": "bot_message",
        "text": "Thanks for agreeing to chat with me on prospela, seems like a great idea! I gather you work for Blue Zoo? I applied for one of the summer internships there recently but didn't get it unfortunately.",
        "ts": "1563181980.001700",
        "username": "Ben Gardener (Prospela Students (beta))",
        "icons": {
            "image_48": "https:\/\/s3-us-west-2.amazonaws.com\/slack-files2\/bot_icons\/2019-07-15\/688136228049_48.png"
        },
        "bot_id": "B6CS60LDU"
    },
    {
        "type": "message",
        "subtype": "bot_message",
        "text": "Just a bit about my background, I started out doing character design and illustration but recently have discovered a passion for storyboarding! Just trying now to build a portfolio and get some initial freelance work, any tips or direction you could give would be much appreciated, have you ever mentored anyone before?",
        "ts": "1563182167.001800",
        "username": "Ben Gardener (Prospela Students (beta))",
        "icons": {
            "image_48": "https:\/\/s3-us-west-2.amazonaws.com\/slack-files2\/bot_icons\/2019-07-15\/696336706439_48.png"
        },
        "bot_id": "B6CS60LDU"
    }
]