[
    {
        "type": "message",
        "subtype": "bot_message",
        "text": "I don't have one on me at work and I'm out tonight so let me see if I can find a standard one online. If not I will send you on weekend. Remind me if I forget!",
        "ts": "1554373634.000500",
        "username": "Marnie Pitts (Prospela Mentors (beta))",
        "icons": {
            "image_48": "https:\/\/s3-us-west-2.amazonaws.com\/slack-files2\/bot_icons\/2019-04-04\/591403407473_48.png"
        },
        "bot_id": "B6CS60LDU"
    },
    {
        "type": "message",
        "subtype": "bot_message",
        "text": "Okay, thank you:slightly_smiling_face:",
        "ts": "1554374919.000600",
        "username": "Alina Fedaseyenka (Prospela Students (beta))",
        "icons": {
            "image_48": "https:\/\/s3-us-west-2.amazonaws.com\/slack-files2\/bot_icons\/2019-04-04\/600115070708_48.png"
        },
        "bot_id": "B6CS60LDU"
    }
]