[
    {
        "type": "message",
        "subtype": "bot_message",
        "text": "This is awesome! Yes, this is my portfolio website, I would appreciate a lot if you could give me your feedback",
        "ts": "1552645171.002400",
        "username": "Alina Fedaseyenka (Prospela Students (beta))",
        "icons": {
            "image_48": "https:\/\/s3-us-west-2.amazonaws.com\/slack-files2\/bot_icons\/2019-03-15\/577870215875_48.png"
        },
        "bot_id": "B6CS60LDU"
    },
    {
        "type": "message",
        "subtype": "bot_message",
        "text": "<https:\/\/alinafeda.artstation.com\/>",
        "ts": "1552645172.002500",
        "username": "Alina Fedaseyenka (Prospela Students (beta))",
        "icons": {
            "image_48": "https:\/\/s3-us-west-2.amazonaws.com\/slack-files2\/bot_icons\/2019-03-15\/578318496837_48.png"
        },
        "bot_id": "B6CS60LDU"
    }
]