[
    {
        "type": "message",
        "subtype": "bot_message",
        "text": "Sorry I have been a bit slack, had a crazy busy few days will try and remember to do this over next day or two",
        "ts": "1554728297.000700",
        "username": "Marnie Pitts (Prospela Mentors (beta))",
        "icons": {
            "image_48": "https:\/\/s3-us-west-2.amazonaws.com\/slack-files2\/bot_icons\/2019-04-08\/589512559379_48.png"
        },
        "bot_id": "B6CS60LDU"
    },
    {
        "type": "message",
        "subtype": "bot_message",
        "text": "<https:\/\/www.crunch.co.uk\/knowledge\/contracts\/protect-yourself-with-these-contract-samples\/>",
        "ts": "1554749856.000800",
        "username": "Marnie Pitts (Prospela Mentors (beta))",
        "icons": {
            "image_48": "https:\/\/s3-us-west-2.amazonaws.com\/slack-files2\/bot_icons\/2019-04-08\/589959182083_48.png"
        },
        "bot_id": "B6CS60LDU",
        "attachments": [
            {
                "service_name": "Crunch",
                "title": "Freelance Contracts: What Should I include? | Crunch",
                "title_link": "https:\/\/www.crunch.co.uk\/knowledge\/contracts\/protect-yourself-with-these-contract-samples\/",
                "text": "Laying out the details of the relationship with your client and what is expected from both parties, ensuring you are paid on time and in full.",
                "fallback": "Crunch: Freelance Contracts: What Should I include? | Crunch",
                "image_url": "https:\/\/res.cloudinary.com\/crunchuk\/image\/upload\/v1536743677\/blog\/Contract-samples",
                "from_url": "https:\/\/www.crunch.co.uk\/knowledge\/contracts\/protect-yourself-with-these-contract-samples\/",
                "image_width": 374,
                "image_height": 250,
                "image_bytes": 128821,
                "service_icon": "https:\/\/www.crunch.co.uk\/favicon.ico",
                "id": 1,
                "original_url": "https:\/\/www.crunch.co.uk\/knowledge\/contracts\/protect-yourself-with-these-contract-samples\/"
            }
        ]
    },
    {
        "type": "message",
        "subtype": "bot_message",
        "text": "<https:\/\/www.ryrob.com\/freelance-contract\/>",
        "ts": "1554750151.001000",
        "username": "Marnie Pitts (Prospela Mentors (beta))",
        "icons": {
            "image_48": "https:\/\/s3-us-west-2.amazonaws.com\/slack-files2\/bot_icons\/2019-04-08\/590061934690_48.png"
        },
        "bot_id": "B6CS60LDU",
        "attachments": [
            {
                "service_name": "How to Start a Profitable Side Business with Ryan Robinson",
                "title": "9 Freelance Contract Template Essentials to Stay Safe (Free Template)",
                "title_link": "https:\/\/www.ryrob.com\/freelance-contract\/",
                "text": "Grab my free downloadable freelance contract template and learn the fundamentals of crafting a simple, bulletproof freelance contract for your clients.",
                "fallback": "How to Start a Profitable Side Business with Ryan Robinson: 9 Freelance Contract Template Essentials to Stay Safe (Free Template)",
                "image_url": "https:\/\/mk0ryrobg0ysk5t06n.kinstacdn.com\/wp-content\/uploads\/2017\/12\/9-Steps-to-Freelance-Contract.jpg",
                "image_width": 445,
                "image_height": 250,
                "ts": 1551279604,
                "from_url": "https:\/\/www.ryrob.com\/freelance-contract\/",
                "image_bytes": 323261,
                "service_icon": "https:\/\/mk0ryrobg0ysk5t06n.kinstacdn.com\/wp-content\/uploads\/2014\/01\/favicon-2.ico",
                "id": 1,
                "original_url": "https:\/\/www.ryrob.com\/freelance-contract\/"
            }
        ]
    }
]