[
    {
        "type": "message",
        "subtype": "bot_message",
        "text": "Hi Marnie, hope everything went well with your son's operation! I would appreciate a lot if you could make some suggestions. (*just yesterday evening I had to modify y Portfolio as I applied in a games company, hope it doesn't make things more difficult)",
        "ts": "1553077656.002800",
        "username": "Alina Fedaseyenka (Prospela Students (beta))",
        "icons": {
            "image_48": "https:\/\/s3-us-west-2.amazonaws.com\/slack-files2\/bot_icons\/2019-03-20\/582933031685_48.png"
        },
        "bot_id": "B6CS60LDU"
    },
    {
        "type": "message",
        "subtype": "bot_message",
        "text": "What position are you applying for?",
        "ts": "1553078803.002900",
        "username": "Marnie Pitts (Prospela Mentors (beta))",
        "icons": {
            "image_48": "https:\/\/s3-us-west-2.amazonaws.com\/slack-files2\/bot_icons\/2019-03-20\/582503025123_48.png"
        },
        "bot_id": "B6CS60LDU"
    },
    {
        "type": "message",
        "subtype": "bot_message",
        "text": "Very timely as my suggestions are about tailoring your presentations for the job you want",
        "ts": "1553078870.003000",
        "username": "Marnie Pitts (Prospela Mentors (beta))",
        "icons": {
            "image_48": "https:\/\/s3-us-west-2.amazonaws.com\/slack-files2\/bot_icons\/2019-03-20\/582584640356_48.png"
        },
        "bot_id": "B6CS60LDU"
    },
    {
        "type": "message",
        "subtype": "bot_message",
        "text": "I think if you are applying for modeling positions it would be nice to have grayscale turntables so you can get a really good look at the work you have done. Likewise for texting jobs. A fully textured turntable.",
        "ts": "1553078968.003100",
        "username": "Marnie Pitts (Prospela Mentors (beta))",
        "icons": {
            "image_48": "https:\/\/s3-us-west-2.amazonaws.com\/slack-files2\/bot_icons\/2019-03-20\/583702543687_48.png"
        },
        "bot_id": "B6CS60LDU"
    },
    {
        "type": "message",
        "subtype": "bot_message",
        "text": "If you are looking for the concept art possibly include more variety as in different kind of creatures and environments. ",
        "ts": "1553079037.003200",
        "username": "Marnie Pitts (Prospela Mentors (beta))",
        "icons": {
            "image_48": "https:\/\/s3-us-west-2.amazonaws.com\/slack-files2\/bot_icons\/2019-03-20\/580210139696_48.png"
        },
        "bot_id": "B6CS60LDU"
    },
    {
        "type": "message",
        "subtype": "bot_message",
        "text": "I can see you have done lots of great work, so congratulations! I just feel maybe you could present it so we can see more of it. Does that make sense? ",
        "ts": "1553079179.003300",
        "username": "Marnie Pitts (Prospela Mentors (beta))",
        "icons": {
            "image_48": "https:\/\/s3-us-west-2.amazonaws.com\/slack-files2\/bot_icons\/2019-03-20\/580212033280_48.png"
        },
        "bot_id": "B6CS60LDU"
    },
    {
        "type": "message",
        "subtype": "bot_message",
        "text": "In this case, it is a 3D Artist position in a mobile games company. Thank you for your suggestions and your feedback!! What would you recommend to use for turntables? A video or Marmoset viewer is enough? I guess it's essential to have a reel in order to apply for jobs in VFX?",
        "ts": "1553080147.003400",
        "username": "Alina Fedaseyenka (Prospela Students (beta))",
        "icons": {
            "image_48": "https:\/\/s3-us-west-2.amazonaws.com\/slack-files2\/bot_icons\/2019-03-20\/582602198772_48.png"
        },
        "bot_id": "B6CS60LDU"
    },
    {
        "type": "message",
        "subtype": "bot_message",
        "text": "I would definitely be looking at getting a 1min reel together for a start. What have you got that you can render from? Make the renders as high quality as you can manage with what you have",
        "ts": "1553081711.003500",
        "username": "Marnie Pitts (Prospela Mentors (beta))",
        "icons": {
            "image_48": "https:\/\/s3-us-west-2.amazonaws.com\/slack-files2\/bot_icons\/2019-03-20\/582622233348_48.png"
        },
        "bot_id": "B6CS60LDU"
    },
    {
        "type": "message",
        "subtype": "bot_message",
        "text": "The video doesn't have to be all turntables. Cut in some of your best concept stills. Maybe fade in from a rough sketch to final image. Really show what you can do. Anything you don't like, leave out. Start and finish with your best work.",
        "ts": "1553082056.003600",
        "username": "Marnie Pitts (Prospela Mentors (beta))",
        "icons": {
            "image_48": "https:\/\/s3-us-west-2.amazonaws.com\/slack-files2\/bot_icons\/2019-03-20\/582626616228_48.png"
        },
        "bot_id": "B6CS60LDU"
    },
    {
        "type": "message",
        "subtype": "bot_message",
        "text": "Oh and good luck with the interview",
        "ts": "1553082093.003700",
        "username": "Marnie Pitts (Prospela Mentors (beta))",
        "icons": {
            "image_48": "https:\/\/s3-us-west-2.amazonaws.com\/slack-files2\/bot_icons\/2019-03-20\/584099445654_48.png"
        },
        "bot_id": "B6CS60LDU"
    },
    {
        "type": "message",
        "subtype": "bot_message",
        "text": "I see... I have my PC now that I bought in December, so it is quite powerful. Do you have any recommendations about a showreel itself? I mean the breakdown, how many models, organic\/hard surface? Sorry for so many questions! I know there is an upcoming internship in Framestore and I am thinking to apply, I want somehow to make sure that mine won't be lost in the hundreds of applications:(",
        "ts": "1553082134.003800",
        "username": "Alina Fedaseyenka (Prospela Students (beta))",
        "icons": {
            "image_48": "https:\/\/s3-us-west-2.amazonaws.com\/slack-files2\/bot_icons\/2019-03-20\/583744026711_48.png"
        },
        "bot_id": "B6CS60LDU"
    },
    {
        "type": "message",
        "subtype": "bot_message",
        "text": "Thank you so much! I just applied, so I'm not sure if they will consider me yet:)",
        "ts": "1553082165.003900",
        "username": "Alina Fedaseyenka (Prospela Students (beta))",
        "icons": {
            "image_48": "https:\/\/s3-us-west-2.amazonaws.com\/slack-files2\/bot_icons\/2019-03-20\/582628030244_48.png"
        },
        "bot_id": "B6CS60LDU"
    },
    {
        "type": "message",
        "subtype": "bot_message",
        "text": "Do you know who you send the intern application to? If I Know them I will mention you to them ",
        "ts": "1553082197.004000",
        "username": "Marnie Pitts (Prospela Mentors (beta))",
        "icons": {
            "image_48": "https:\/\/s3-us-west-2.amazonaws.com\/slack-files2\/bot_icons\/2019-03-20\/580251484768_48.png"
        },
        "bot_id": "B6CS60LDU"
    },
    {
        "type": "message",
        "subtype": "bot_message",
        "text": "My recommendation is to show your best work short and snappy. You can often include a document describing what you did for each shot.",
        "ts": "1553082337.004100",
        "username": "Marnie Pitts (Prospela Mentors (beta))",
        "icons": {
            "image_48": "https:\/\/s3-us-west-2.amazonaws.com\/slack-files2\/bot_icons\/2019-03-20\/582630241028_48.png"
        },
        "bot_id": "B6CS60LDU"
    },
    {
        "type": "message",
        "subtype": "bot_message",
        "text": "That would be great, thank you!! I spoke with Emma Le Roy at the Vertex event, I am not sure if I need to send her my application but at least to notify her. Do you know her?",
        "ts": "1553082448.004200",
        "username": "Alina Fedaseyenka (Prospela Students (beta))",
        "icons": {
            "image_48": "https:\/\/s3-us-west-2.amazonaws.com\/slack-files2\/bot_icons\/2019-03-20\/582668954130_48.png"
        },
        "bot_id": "B6CS60LDU"
    },
    {
        "type": "message",
        "subtype": "bot_message",
        "text": "I am planning to finish with one of my models and create one more (a creature) to apply.",
        "ts": "1553082487.004300",
        "username": "Alina Fedaseyenka (Prospela Students (beta))",
        "icons": {
            "image_48": "https:\/\/s3-us-west-2.amazonaws.com\/slack-files2\/bot_icons\/2019-03-20\/574092516609_48.png"
        },
        "bot_id": "B6CS60LDU"
    },
    {
        "type": "message",
        "subtype": "bot_message",
        "text": "So, hopefully, I will manage to make them as good as I can!",
        "ts": "1553082507.004400",
        "username": "Alina Fedaseyenka (Prospela Students (beta))",
        "icons": {
            "image_48": "https:\/\/s3-us-west-2.amazonaws.com\/slack-files2\/bot_icons\/2019-03-20\/583748803463_48.png"
        },
        "bot_id": "B6CS60LDU"
    },
    {
        "type": "message",
        "subtype": "bot_message",
        "text": "I don't know here very well but she is our senior recruitment manager in IA. Did she give you her email when you spoke? ",
        "ts": "1553082831.004600",
        "username": "Marnie Pitts (Prospela Mentors (beta))",
        "icons": {
            "image_48": "https:\/\/s3-us-west-2.amazonaws.com\/slack-files2\/bot_icons\/2019-03-20\/574096978353_48.png"
        },
        "bot_id": "B6CS60LDU"
    },
    {
        "type": "message",
        "subtype": "bot_message",
        "text": "No, we only connected in LinkedIn",
        "ts": "1553083004.004700",
        "username": "Alina Fedaseyenka (Prospela Students (beta))",
        "icons": {
            "image_48": "https:\/\/s3-us-west-2.amazonaws.com\/slack-files2\/bot_icons\/2019-03-20\/584111238198_48.png"
        },
        "bot_id": "B6CS60LDU"
    },
    {
        "type": "message",
        "subtype": "bot_message",
        "text": "Ok that is great. So I think we could do one of two things. Message her in linkedin tell her you met at vertex and you have applied for the internship. Also mentioned that you have joined this mentoring program and that me (Marnie Pitts) is mentoring you and is happy to give a personal reference if needed. ",
        "ts": "1553083505.004800",
        "username": "Marnie Pitts (Prospela Mentors (beta))",
        "icons": {
            "image_48": "https:\/\/s3-us-west-2.amazonaws.com\/slack-files2\/bot_icons\/2019-03-20\/580269294688_48.png"
        },
        "bot_id": "B6CS60LDU"
    },
    {
        "type": "message",
        "subtype": "bot_message",
        "text": "Otherwise I could email her and tell her the same information. However I think it might be best coming from you as it is very proactive. What do you think?",
        "ts": "1553083582.004900",
        "username": "Marnie Pitts (Prospela Mentors (beta))",
        "icons": {
            "image_48": "https:\/\/s3-us-west-2.amazonaws.com\/slack-files2\/bot_icons\/2019-03-20\/582566582371_48.png"
        },
        "bot_id": "B6CS60LDU"
    },
    {
        "type": "message",
        "subtype": "bot_message",
        "text": "Yes, I think I will message her and tell about the mentorship. Thank you so much for your help! Do you mind if sometime I will send you my work in progress?",
        "ts": "1553084481.005000",
        "username": "Alina Fedaseyenka (Prospela Students (beta))",
        "icons": {
            "image_48": "https:\/\/s3-us-west-2.amazonaws.com\/slack-files2\/bot_icons\/2019-03-20\/584132097958_48.png"
        },
        "bot_id": "B6CS60LDU"
    },
    {
        "type": "message",
        "subtype": "bot_message",
        "text": "That is absolutely fine! ",
        "ts": "1553085632.005100",
        "username": "Marnie Pitts (Prospela Mentors (beta))",
        "icons": {
            "image_48": "https:\/\/s3-us-west-2.amazonaws.com\/slack-files2\/bot_icons\/2019-03-20\/574136871505_48.png"
        },
        "bot_id": "B6CS60LDU"
    },
    {
        "type": "message",
        "subtype": "bot_message",
        "text": "Thank you, Marnie!:grinning: Have a lovely day!",
        "ts": "1553085811.005200",
        "username": "Alina Fedaseyenka (Prospela Students (beta))",
        "icons": {
            "image_48": "https:\/\/s3-us-west-2.amazonaws.com\/slack-files2\/bot_icons\/2019-03-20\/583044796629_48.png"
        },
        "bot_id": "B6CS60LDU"
    },
    {
        "type": "message",
        "subtype": "bot_message",
        "text": "You too",
        "ts": "1553086029.005300",
        "username": "Marnie Pitts (Prospela Mentors (beta))",
        "icons": {
            "image_48": "https:\/\/s3-us-west-2.amazonaws.com\/slack-files2\/bot_icons\/2019-03-20\/574142839569_48.png"
        },
        "bot_id": "B6CS60LDU"
    }
]