[
    {
        "type": "message",
        "subtype": "bot_message",
        "text": "Thank you so much! I'll start looking into that in more detail and if you don't mind I'll get back to you if I have a question.",
        "ts": "1553339568.005700",
        "username": "Alina Fedaseyenka (Prospela Students (beta))",
        "icons": {
            "image_48": "https:\/\/s3-us-west-2.amazonaws.com\/slack-files2\/bot_icons\/2019-03-23\/585833703074_48.png"
        },
        "bot_id": "B6CS60LDU"
    }
]