[
    {
        "type": "message",
        "subtype": "bot_message",
        "text": "Thanks, sorry I have been a little out of commission as my son had a small operation but he is back at school today so I will have a good look through your work, thanks for sharing!",
        "ts": "1552985302.002600",
        "username": "Marnie Pitts (Prospela Mentors (beta))",
        "icons": {
            "image_48": "https:\/\/s3-us-west-2.amazonaws.com\/slack-files2\/bot_icons\/2019-03-19\/581189457842_48.png"
        },
        "bot_id": "B6CS60LDU"
    },
    {
        "type": "message",
        "subtype": "bot_message",
        "text": "I had a look today. So far so good! You have lots there to build on. So if you don't mind me making some suggestions I will give them to you. They are not meant as criticism, just ideas if you want them? ",
        "ts": "1553026641.002700",
        "username": "Marnie Pitts (Prospela Mentors (beta))",
        "icons": {
            "image_48": "https:\/\/s3-us-west-2.amazonaws.com\/slack-files2\/bot_icons\/2019-03-19\/581946510275_48.png"
        },
        "bot_id": "B6CS60LDU"
    }
]