[
    {
        "type": "message",
        "text": "Hi <@U5ZSHDG4X>!! Welcome :smiley:",
        "user": "U4V22C6A1",
        "ts": "1498327142.970412",
        "team": "T4UUTPV18",
        "user_team": "T4UUTPV18",
        "source_team": "T4UUTPV18",
        "user_profile": {
            "avatar_hash": "52b8fca5eefd",
            "image_72": "https:\/\/avatars.slack-edge.com\/2017-06-20\/200807858901_52b8fca5eefdbb8ad2b9_72.jpg",
            "first_name": "Emma",
            "real_name": "Emma",
            "display_name": "emma-prospela",
            "team": "T4UUTPV18",
            "name": "emma-prospela",
            "is_restricted": false,
            "is_ultra_restricted": false
        }
    },
    {
        "type": "message",
        "text": "Here's a little onboarding pack to get you started (incl a few recommended questions to ask your mentor!)",
        "user": "U4V22C6A1",
        "ts": "1498327172.972218",
        "team": "T4UUTPV18",
        "user_team": "T4UUTPV18",
        "source_team": "T4UUTPV18",
        "user_profile": {
            "avatar_hash": "52b8fca5eefd",
            "image_72": "https:\/\/avatars.slack-edge.com\/2017-06-20\/200807858901_52b8fca5eefdbb8ad2b9_72.jpg",
            "first_name": "Emma",
            "real_name": "Emma",
            "display_name": "emma-prospela",
            "team": "T4UUTPV18",
            "name": "emma-prospela",
            "is_restricted": false,
            "is_ultra_restricted": false
        }
    },
    {
        "type": "message",
        "text": "",
        "files": [
            {
                "id": "F5YF4PETT",
                "created": 1498327184,
                "timestamp": 1498327184,
                "name": "Prospela e-mentoring - Student Onboarding Pack (Summer Programme) vFinal.pdf",
                "title": "Prospela e-mentoring - Student Onboarding Pack (Summer Programme) vFinal.pdf",
                "mimetype": "application\/pdf",
                "filetype": "pdf",
                "pretty_type": "PDF",
                "user": "U4V22C6A1",
                "editable": false,
                "size": 1400328,
                "mode": "hosted",
                "is_external": false,
                "external_type": "",
                "is_public": false,
                "public_url_shared": false,
                "display_as_bot": false,
                "username": "",
                "url_private": "https:\/\/files.slack.com\/files-pri\/T4UUTPV18-F5YF4PETT\/prospela_e-mentoring_-_student_onboarding_pack__summer_programme__vfinal.pdf?t=xoxe-164979811042-1081742544354-1080362743317-fee6284c0ee20406565ca4cadf37d845",
                "url_private_download": "https:\/\/files.slack.com\/files-pri\/T4UUTPV18-F5YF4PETT\/download\/prospela_e-mentoring_-_student_onboarding_pack__summer_programme__vfinal.pdf?t=xoxe-164979811042-1081742544354-1080362743317-fee6284c0ee20406565ca4cadf37d845",
                "permalink": "https:\/\/prospela.slack.com\/files\/U4V22C6A1\/F5YF4PETT\/prospela_e-mentoring_-_student_onboarding_pack__summer_programme__vfinal.pdf",
                "permalink_public": "https:\/\/slack-files.com\/T4UUTPV18-F5YF4PETT-ea5a42f162",
                "is_starred": false,
                "has_rich_preview": false
            }
        ],
        "upload": true,
        "user": "U4V22C6A1",
        "display_as_bot": false,
        "ts": "1498327185.972960"
    },
    {
        "type": "message",
        "text": "We've also introduced you to your E-Mentor, Georgina. She works in a Hedge Fund so can talk pretty easily about Investment Banking to you e.g. routes in and roles available!",
        "user": "U4V22C6A1",
        "ts": "1498327211.975210",
        "team": "T4UUTPV18",
        "user_team": "T4UUTPV18",
        "source_team": "T4UUTPV18",
        "user_profile": {
            "avatar_hash": "52b8fca5eefd",
            "image_72": "https:\/\/avatars.slack-edge.com\/2017-06-20\/200807858901_52b8fca5eefdbb8ad2b9_72.jpg",
            "first_name": "Emma",
            "real_name": "Emma",
            "display_name": "emma-prospela",
            "team": "T4UUTPV18",
            "name": "emma-prospela",
            "is_restricted": false,
            "is_ultra_restricted": false
        }
    },
    {
        "type": "message",
        "text": "Let me know if you have any questions :wink:",
        "user": "U4V22C6A1",
        "ts": "1498327219.975976",
        "team": "T4UUTPV18",
        "user_team": "T4UUTPV18",
        "source_team": "T4UUTPV18",
        "user_profile": {
            "avatar_hash": "52b8fca5eefd",
            "image_72": "https:\/\/avatars.slack-edge.com\/2017-06-20\/200807858901_52b8fca5eefdbb8ad2b9_72.jpg",
            "first_name": "Emma",
            "real_name": "Emma",
            "display_name": "emma-prospela",
            "team": "T4UUTPV18",
            "name": "emma-prospela",
            "is_restricted": false,
            "is_ultra_restricted": false
        }
    },
    {
        "type": "message",
        "text": "Thank you",
        "user": "U5ZSHDG4X",
        "ts": "1498331048.204519",
        "team": "T4UUTPV18",
        "user_team": "T4UUTPV18",
        "source_team": "T4UUTPV18",
        "user_profile": {
            "avatar_hash": "g88e9be608b3",
            "image_72": "https:\/\/secure.gravatar.com\/avatar\/188e9be608b308a5efea4205fc4a8021.jpg?s=72&d=https%3A%2F%2Fa.slack-edge.com%2Fdf10d%2Fimg%2Favatars%2Fava_0004-72.png",
            "first_name": "Bolaji",
            "real_name": "Bolaji Atanda",
            "display_name": "bolajia",
            "team": "T4UUTPV18",
            "name": "bolajia",
            "is_restricted": false,
            "is_ultra_restricted": false
        }
    }
]