[
    {
        "type": "message",
        "subtype": "bot_message",
        "text": "Hi Stefano! It’s nice to e-meet you! I’m looking forward to chatting with you and hopefully helping when I can! I’m at DNEG, currently lead developer on the clarisse team. I’d love to hear about your journey and your goals. Drop me a line any time at all. ",
        "ts": "1580328034.000100",
        "username": "Elaine Kieran (Prospela Mentors (beta))",
        "icons": {
            "image_48": "https:\/\/s3-us-west-2.amazonaws.com\/slack-files2\/bot_icons\/2020-01-29\/915143900434_48.png"
        },
        "bot_id": "B6CS60LDU"
    }
]