[
    {
        "type": "message",
        "subtype": "bot_message",
        "text": "Hi Elaine",
        "ts": "1587585584.000100",
        "username": "Stefano Costa (Prospela Students (beta))",
        "icons": {
            "image_48": "https:\/\/s3-us-west-2.amazonaws.com\/slack-files2\/bot_icons\/2020-04-22\/1073228281574_48.png"
        },
        "bot_id": "B6CS60LDU"
    },
    {
        "type": "message",
        "subtype": "bot_message",
        "text": "Sorry if I didn't reply to your prior messages (that I can't see anymore) but I wasn't sure how Access VFX worked. To be honest I'm still a bit confused ahah",
        "ts": "1587585750.000200",
        "username": "Stefano Costa (Prospela Students (beta))",
        "icons": {
            "image_48": "https:\/\/s3-us-west-2.amazonaws.com\/slack-files2\/bot_icons\/2020-04-22\/1086139082500_48.png"
        },
        "bot_id": "B6CS60LDU"
    },
    {
        "type": "message",
        "subtype": "bot_message",
        "text": "Hope to find you well. Are you a VFX Artist?",
        "ts": "1587585770.000300",
        "username": "Stefano Costa (Prospela Students (beta))",
        "icons": {
            "image_48": "https:\/\/s3-us-west-2.amazonaws.com\/slack-files2\/bot_icons\/2020-04-22\/1073237803510_48.png"
        },
        "bot_id": "B6CS60LDU"
    }
]