[
    {
        "type": "message",
        "subtype": "channel_join",
        "ts": "1586269222.000200",
        "user": "U4VR52RQE",
        "text": "<@U4VR52RQE> has joined the channel"
    },
    {
        "type": "message",
        "subtype": "channel_join",
        "ts": "1586269223.000400",
        "user": "U6D2VCN07",
        "text": "<@U6D2VCN07> has joined the channel",
        "inviter": "U4VR52RQE"
    },
    {
        "type": "message",
        "subtype": "bot_message",
        "text": ":champagne: _You have opened a new, empty shared channel._ \n_Share <https:\/\/www.smooz.io\/room\/5e8c8c24cf3a800004fb8b88|this link> with other teams to invite them in it_",
        "ts": "1586269223.000500",
        "username": "Smooz",
        "bot_id": "B6CS60LDU"
    },
    {
        "type": "message",
        "subtype": "channel_join",
        "ts": "1586269232.000700",
        "user": "U4V22C6A1",
        "text": "<@U4V22C6A1> has joined the channel",
        "inviter": "U4VR52RQE"
    },
    {
        "type": "message",
        "subtype": "channel_join",
        "ts": "1586269232.000900",
        "user": "UTTNC1BJM",
        "text": "<@UTTNC1BJM> has joined the channel",
        "inviter": "U4VR52RQE"
    },
    {
        "type": "message",
        "subtype": "channel_name",
        "ts": "1586269242.001000",
        "user": "U4VR52RQE",
        "text": "<@U4VR52RQE> has renamed the channel from \"z-shared-25\" to \"luke-and-sanil\"",
        "old_name": "z-shared-25",
        "name": "luke-and-sanil"
    },
    {
        "type": "message",
        "subtype": "bot_message",
        "text": "_Team *Villiers E-Mentoring* joined the shared channel_",
        "ts": "1586269325.001100",
        "username": "Smooz",
        "bot_id": "B6CS60LDU"
    },
    {
        "type": "message",
        "subtype": "bot_message",
        "text": "_Team *Prospela Mentors (beta)* joined the shared channel_",
        "ts": "1586269330.001200",
        "username": "Smooz",
        "bot_id": "B6CS60LDU"
    },
    {
        "type": "message",
        "subtype": "bot_message",
        "text": "_@sanilmanhar12 has joined the channel_",
        "ts": "1586269401.001300",
        "username": "smooz (Villiers E-Mentoring)",
        "icons": {
            "image_48": "https:\/\/s3-us-west-2.amazonaws.com\/slack-files2\/bot_icons\/2020-04-07\/1054070414148_48.png"
        },
        "bot_id": "B6CS60LDU"
    },
    {
        "type": "message",
        "subtype": "bot_message",
        "text": "_@lukekelly79 has joined the channel_",
        "ts": "1586269410.001400",
        "username": "smooz (Prospela Mentors (beta))",
        "icons": {
            "image_48": "https:\/\/s3-us-west-2.amazonaws.com\/slack-files2\/bot_icons\/2020-04-07\/1054070826980_48.png"
        },
        "bot_id": "B6CS60LDU"
    },
    {
        "type": "message",
        "subtype": "bot_message",
        "text": "Hey Sanil, please meet Luke your incredible E-Mentor we've been telling you about :smile:.  Feel free to introduce yourselves, say a little bit about what you would like to get out of the mentorship and continue chatting within this channel. :wave:\n\nI will now be leaving the channel, but please direct message myself or penny-prospela if you have any questions. All the best for now! :slightly_smiling_face:",
        "ts": "1586269415.001500",
        "username": "emma-prospela (Villiers E-Mentoring)",
        "icons": {
            "image_48": "https:\/\/s3-us-west-2.amazonaws.com\/slack-files2\/bot_icons\/2020-04-07\/1045625905959_48.png"
        },
        "bot_id": "B6CS60LDU"
    },
    {
        "type": "message",
        "subtype": "bot_message",
        "text": "_@emma has left the channel_",
        "ts": "1586269418.001600",
        "username": "smooz (Villiers E-Mentoring)",
        "icons": {
            "image_48": "https:\/\/s3-us-west-2.amazonaws.com\/slack-files2\/bot_icons\/2020-04-07\/1061931212160_48.png"
        },
        "bot_id": "B6CS60LDU"
    },
    {
        "type": "message",
        "subtype": "bot_message",
        "text": "_@emma has left the channel_",
        "ts": "1586269425.001700",
        "username": "smooz (Prospela Mentors (beta))",
        "icons": {
            "image_48": "https:\/\/s3-us-west-2.amazonaws.com\/slack-files2\/bot_icons\/2020-04-07\/1045284862307_48.png"
        },
        "bot_id": "B6CS60LDU"
    }
]