[
    {
        "type": "message",
        "subtype": "bot_message",
        "text": "I’m on an NDA job at the moment so I’m not allowed to discuss it haha! But it’s been pretty busy and stressful but should be done soon. Yes send a link when you’re ready! ",
        "ts": "1564131142.000200",
        "username": "Stephanie Dewhirst (Prospela Mentors (beta))",
        "icons": {
            "image_48": "https:\/\/s3-us-west-2.amazonaws.com\/slack-files2\/bot_icons\/2019-07-26\/695474586690_48.png"
        },
        "bot_id": "B6CS60LDU"
    }
]