[
    {
        "type": "message",
        "text": "",
        "files": [
            {
                "id": "FN3UEH5NJ",
                "created": 1567682891,
                "timestamp": 1567682891,
                "name": "LD_DAY24_Showreel_v2.mp4",
                "title": "LD DAY24 Showreel v2",
                "mimetype": "video\/mp4",
                "filetype": "mp4",
                "pretty_type": "MPEG 4 Video",
                "user": "U6D2VCN07",
                "editable": false,
                "size": 43009294,
                "mode": "hosted",
                "is_external": false,
                "external_type": "",
                "is_public": true,
                "public_url_shared": false,
                "display_as_bot": false,
                "username": "",
                "url_private": "https:\/\/files.slack.com\/files-pri\/T4UUTPV18-FN3UEH5NJ\/ld_day24_showreel_v2.mp4?t=xoxe-164979811042-1081742544354-1080362743317-fee6284c0ee20406565ca4cadf37d845",
                "url_private_download": "https:\/\/files.slack.com\/files-pri\/T4UUTPV18-FN3UEH5NJ\/download\/ld_day24_showreel_v2.mp4?t=xoxe-164979811042-1081742544354-1080362743317-fee6284c0ee20406565ca4cadf37d845",
                "permalink": "https:\/\/prospela.slack.com\/files\/U6D2VCN07\/FN3UEH5NJ\/ld_day24_showreel_v2.mp4",
                "permalink_public": "https:\/\/slack-files.com\/T4UUTPV18-FN3UEH5NJ-bb5881a197",
                "is_starred": false,
                "has_rich_preview": false
            }
        ],
        "upload": true,
        "user": "U6D2VCN07",
        "display_as_bot": false,
        "ts": "1567682893.000100"
    },
    {
        "type": "message",
        "subtype": "bot_message",
        "text": "<https:\/\/vimeo.com\/355695905>",
        "ts": "1567682940.000400",
        "username": "Lucy Davis (Prospela Students (beta))",
        "icons": {
            "image_48": "https:\/\/s3-us-west-2.amazonaws.com\/slack-files2\/bot_icons\/2019-09-05\/736986304082_48.png"
        },
        "bot_id": "B6CS60LDU",
        "attachments": [
            {
                "service_name": "Vimeo",
                "service_url": "https:\/\/vimeo.com\/",
                "title": "Motion graphic design",
                "title_link": "https:\/\/vimeo.com\/355695905",
                "author_name": "Lucy Davis",
                "author_link": "https:\/\/vimeo.com\/user89747890",
                "thumb_url": "https:\/\/i.vimeocdn.com\/video\/808565134_295x166.jpg",
                "thumb_width": 295,
                "thumb_height": 166,
                "text": "Showreel",
                "fallback": "Vimeo Video: Motion graphic design",
                "video_html": "<iframe src=\"https:\/\/player.vimeo.com\/video\/355695905?autoplay=1&amp;app_id=122963\" width=\"400\" height=\"225\" frameborder=\"0\" allow=\"autoplay; fullscreen\" allowfullscreen title=\"Motion graphic design\"><\/iframe>",
                "video_html_width": 400,
                "video_html_height": 225,
                "from_url": "https:\/\/vimeo.com\/355695905",
                "service_icon": "https:\/\/a.slack-edge.com\/bfaba\/img\/unfurl_icons\/vimeo.png",
                "id": 1,
                "original_url": "https:\/\/vimeo.com\/355695905"
            }
        ]
    }
]