[
    {
        "type": "message",
        "subtype": "channel_name",
        "ts": "1537877503.000100",
        "user": "U4VR52RQE",
        "text": "<@U4VR52RQE> has renamed the channel from \"tobi-and-karanjit\" to \"andy-and-manmeet\"",
        "old_name": "tobi-and-karanjit",
        "name": "andy-and-manmeet"
    },
    {
        "type": "message",
        "subtype": "bot_message",
        "text": "_@thebluesmanis has joined the channel_",
        "ts": "1537877518.000100",
        "username": "smooz (Mentor)",
        "icons": {
            "image_48": "https:\/\/slack-files2.s3-us-west-2.amazonaws.com\/bot_icons\/2018-09-25\/442668926965_48.png"
        },
        "bot_id": "B6CS60LDU"
    },
    {
        "type": "message",
        "subtype": "bot_message",
        "text": "_@manmeetk1005 has joined the channel_",
        "ts": "1537877531.000100",
        "username": "smooz (Mentee)",
        "icons": {
            "image_48": "https:\/\/slack-files2.s3-us-west-2.amazonaws.com\/bot_icons\/2018-09-25\/443542680119_48.png"
        },
        "bot_id": "B6CS60LDU"
    },
    {
        "type": "message",
        "subtype": "bot_message",
        "text": "<!channel> Manmeet please meet Andy your incredible E-Mentor which I mentioned to you! Feel free to introduce yourselves and continue chatting within this channel. :wave:\n\nI will now be leaving the channel, but please direct message myself or emma-prospela if you have any questions. All the best for now and happy chatting! :smile:",
        "ts": "1537877572.000100",
        "username": "Dexter (Mentee)",
        "icons": {
            "image_48": "https:\/\/slack-files2.s3-us-west-2.amazonaws.com\/bot_icons\/2018-09-25\/442304508564_48.png"
        },
        "bot_id": "B6CS60LDU"
    },
    {
        "type": "message",
        "subtype": "bot_message",
        "text": "_@dexter has left the channel_",
        "ts": "1537877577.000100",
        "username": "smooz (Mentee)",
        "icons": {
            "image_48": "https:\/\/slack-files2.s3-us-west-2.amazonaws.com\/bot_icons\/2018-09-25\/443543186455_48.png"
        },
        "bot_id": "B6CS60LDU"
    },
    {
        "type": "message",
        "subtype": "bot_message",
        "text": "_@dexter has left the channel_",
        "ts": "1537877585.000100",
        "username": "smooz (Mentor)",
        "icons": {
            "image_48": "https:\/\/slack-files2.s3-us-west-2.amazonaws.com\/bot_icons\/2018-09-25\/442390409267_48.png"
        },
        "bot_id": "B6CS60LDU"
    },
    {
        "type": "message",
        "subtype": "bot_message",
        "text": "Hi Andy, this is Manmeet. I am currently studying BTEC Level 3 Extended Diploma in Business ",
        "ts": "1537877868.000100",
        "username": "Manmeet (Mentee)",
        "icons": {
            "image_48": "https:\/\/slack-files2.s3-us-west-2.amazonaws.com\/bot_icons\/2018-09-25\/443546386951_48.png"
        },
        "bot_id": "B6CS60LDU"
    },
    {
        "type": "message",
        "subtype": "bot_message",
        "text": "In yr 13. ",
        "ts": "1537891144.000100",
        "username": "Manmeet (Mentee)",
        "icons": {
            "image_48": "https:\/\/slack-files2.s3-us-west-2.amazonaws.com\/bot_icons\/2018-09-25\/442696912018_48.png"
        },
        "bot_id": "B6CS60LDU"
    },
    {
        "type": "message",
        "subtype": "bot_message",
        "text": "Im interested into applying degree apprenticeship where I can work as well as getting degree. ",
        "ts": "1537891241.000100",
        "username": "Manmeet (Mentee)",
        "icons": {
            "image_48": "https:\/\/slack-files2.s3-us-west-2.amazonaws.com\/bot_icons\/2018-09-25\/442509854276_48.png"
        },
        "bot_id": "B6CS60LDU"
    }
]