[
    {
        "type": "message",
        "subtype": "bot_message",
        "text": "Hi Manmeet, things have calmed down a little from last week so I’ll be able to be in touch a bit more often, sorry for the slightly sporadic start!\nI can tell you lots about the ACCA, as well as accounting in general. To be honest, it’s a pretty broad topic with a lot of different individual disciplines and specialties within each, so we’ll need to break it into bite size chunks I think.",
        "ts": "1538398496.000100",
        "username": "Andy (Mentor)",
        "icons": {
            "image_48": "https:\/\/slack-files2.s3-us-west-2.amazonaws.com\/bot_icons\/2018-10-01\/445913978097_48.png"
        },
        "bot_id": "B6CS60LDU"
    },
    {
        "type": "message",
        "subtype": "bot_message",
        "text": "In order to do that, it’s best to break it up - first of all we have statutory and compliance, that’s what a lot of people imagine traditional accountants do, annual financial statements, corporation or individual tax returns etc. Basically fulfilling the legal obligations that a company needs to meet to satisfy the law.",
        "ts": "1538398604.000100",
        "username": "Andy (Mentor)",
        "icons": {
            "image_48": "https:\/\/slack-files2.s3-us-west-2.amazonaws.com\/bot_icons\/2018-10-01\/445779613280_48.png"
        },
        "bot_id": "B6CS60LDU"
    },
    {
        "type": "message",
        "subtype": "bot_message",
        "text": "Secondly there is financial planning and analysis, which is management accounting, monitoring of performance indicators, budgeting and similar. Typically this is what accountants within companies do, rather than accounting practices (although practices will offer this as a service for companies who aren’t quite large enough to have this sort of thing in house...)",
        "ts": "1538398702.000100",
        "username": "Andy (Mentor)",
        "icons": {
            "image_48": "https:\/\/slack-files2.s3-us-west-2.amazonaws.com\/bot_icons\/2018-10-01\/447874411270_48.png"
        },
        "bot_id": "B6CS60LDU"
    },
    {
        "type": "message",
        "subtype": "bot_message",
        "text": "And finally there is corporate finance. This is concerned with how a business raises its capital, sells shares, makes long term investments in equipment or other assets or how it buys and sells businesses. ",
        "ts": "1538398765.000100",
        "username": "Andy (Mentor)",
        "icons": {
            "image_48": "https:\/\/slack-files2.s3-us-west-2.amazonaws.com\/bot_icons\/2018-10-01\/446415997843_48.png"
        },
        "bot_id": "B6CS60LDU"
    },
    {
        "type": "message",
        "subtype": "bot_message",
        "text": "We can start with the qualification, and then work through each area individually. Sound ok?",
        "ts": "1538398805.000100",
        "username": "Andy (Mentor)",
        "icons": {
            "image_48": "https:\/\/slack-files2.s3-us-west-2.amazonaws.com\/bot_icons\/2018-10-01\/446515856018_48.png"
        },
        "bot_id": "B6CS60LDU"
    },
    {
        "type": "message",
        "subtype": "bot_message",
        "text": "Would also be good to hear about your afternoon tea.",
        "ts": "1538398817.000100",
        "username": "Andy (Mentor)",
        "icons": {
            "image_48": "https:\/\/slack-files2.s3-us-west-2.amazonaws.com\/bot_icons\/2018-10-01\/446334278148_48.png"
        },
        "bot_id": "B6CS60LDU"
    },
    {
        "type": "message",
        "subtype": "bot_message",
        "text": "Hi Andy... sorry for not being active as weekends are very challenging for me. I have found part time work in McDonald’s to be more independent however, it really stressful as I struggle with my deadlines of work and sixth form. \nAs I am currently studying Btec Level 3 Business which is coursework based. One of our coursework was to organise an event. Therefore, our teacher decided to host 2 events by splitting our class in two teams. It was a like a competition for both teams where we had to get maximum number of teachers to our event. So, we actually hosted a event by doing all the work e.g. booking venue, suppliers, contracts, budgeting, decoration, invitation etc.... it was really fun and feedback that we got from our guests was amazing. I will also share images with you. ",
        "ts": "1538407042.000100",
        "username": "Manmeet (Mentee)",
        "icons": {
            "image_48": "https:\/\/slack-files2.s3-us-west-2.amazonaws.com\/bot_icons\/2018-10-01\/446462900916_48.png"
        },
        "bot_id": "B6CS60LDU"
    },
    {
        "type": "message",
        "text": "",
        "files": [
            {
                "id": "FD4JZSNE6",
                "created": 1538407125,
                "timestamp": 1538407125,
                "name": "Image from iOS.jpg",
                "title": "Image from iOS",
                "mimetype": "image\/jpeg",
                "filetype": "jpg",
                "pretty_type": "JPEG",
                "user": "U6D2VCN07",
                "editable": false,
                "size": 1255459,
                "mode": "hosted",
                "is_external": false,
                "external_type": "",
                "is_public": true,
                "public_url_shared": false,
                "display_as_bot": false,
                "username": "",
                "url_private": "https:\/\/files.slack.com\/files-pri\/T4UUTPV18-FD4JZSNE6\/image_from_ios.jpg?t=xoxe-164979811042-1081742544354-1080362743317-fee6284c0ee20406565ca4cadf37d845",
                "url_private_download": "https:\/\/files.slack.com\/files-pri\/T4UUTPV18-FD4JZSNE6\/download\/image_from_ios.jpg?t=xoxe-164979811042-1081742544354-1080362743317-fee6284c0ee20406565ca4cadf37d845",
                "thumb_64": "https:\/\/files.slack.com\/files-tmb\/T4UUTPV18-FD4JZSNE6-3e05512b8d\/image_from_ios_64.jpg?t=xoxe-164979811042-1081742544354-1080362743317-fee6284c0ee20406565ca4cadf37d845",
                "thumb_80": "https:\/\/files.slack.com\/files-tmb\/T4UUTPV18-FD4JZSNE6-3e05512b8d\/image_from_ios_80.jpg?t=xoxe-164979811042-1081742544354-1080362743317-fee6284c0ee20406565ca4cadf37d845",
                "thumb_360": "https:\/\/files.slack.com\/files-tmb\/T4UUTPV18-FD4JZSNE6-3e05512b8d\/image_from_ios_360.jpg?t=xoxe-164979811042-1081742544354-1080362743317-fee6284c0ee20406565ca4cadf37d845",
                "thumb_360_w": 203,
                "thumb_360_h": 360,
                "thumb_480": "https:\/\/files.slack.com\/files-tmb\/T4UUTPV18-FD4JZSNE6-3e05512b8d\/image_from_ios_480.jpg?t=xoxe-164979811042-1081742544354-1080362743317-fee6284c0ee20406565ca4cadf37d845",
                "thumb_480_w": 270,
                "thumb_480_h": 480,
                "thumb_160": "https:\/\/files.slack.com\/files-tmb\/T4UUTPV18-FD4JZSNE6-3e05512b8d\/image_from_ios_160.jpg?t=xoxe-164979811042-1081742544354-1080362743317-fee6284c0ee20406565ca4cadf37d845",
                "thumb_720": "https:\/\/files.slack.com\/files-tmb\/T4UUTPV18-FD4JZSNE6-3e05512b8d\/image_from_ios_720.jpg?t=xoxe-164979811042-1081742544354-1080362743317-fee6284c0ee20406565ca4cadf37d845",
                "thumb_720_w": 405,
                "thumb_720_h": 720,
                "thumb_800": "https:\/\/files.slack.com\/files-tmb\/T4UUTPV18-FD4JZSNE6-3e05512b8d\/image_from_ios_800.jpg?t=xoxe-164979811042-1081742544354-1080362743317-fee6284c0ee20406565ca4cadf37d845",
                "thumb_800_w": 800,
                "thumb_800_h": 1422,
                "thumb_960": "https:\/\/files.slack.com\/files-tmb\/T4UUTPV18-FD4JZSNE6-3e05512b8d\/image_from_ios_960.jpg?t=xoxe-164979811042-1081742544354-1080362743317-fee6284c0ee20406565ca4cadf37d845",
                "thumb_960_w": 540,
                "thumb_960_h": 960,
                "thumb_1024": "https:\/\/files.slack.com\/files-tmb\/T4UUTPV18-FD4JZSNE6-3e05512b8d\/image_from_ios_1024.jpg?t=xoxe-164979811042-1081742544354-1080362743317-fee6284c0ee20406565ca4cadf37d845",
                "thumb_1024_w": 576,
                "thumb_1024_h": 1024,
                "image_exif_rotation": 1,
                "original_w": 1242,
                "original_h": 2208,
                "permalink": "https:\/\/prospela.slack.com\/files\/U6D2VCN07\/FD4JZSNE6\/image_from_ios.jpg",
                "permalink_public": "https:\/\/slack-files.com\/T4UUTPV18-FD4JZSNE6-2b8a5cfcb2",
                "is_starred": false,
                "has_rich_preview": false
            }
        ],
        "upload": true,
        "user": "U6D2VCN07",
        "display_as_bot": false,
        "ts": "1538407131.000100"
    },
    {
        "type": "message",
        "text": "",
        "files": [
            {
                "id": "FD5LJTEF9",
                "created": 1538407165,
                "timestamp": 1538407165,
                "name": "Image from iOS.jpg",
                "title": "Image from iOS",
                "mimetype": "image\/jpeg",
                "filetype": "jpg",
                "pretty_type": "JPEG",
                "user": "U6D2VCN07",
                "editable": false,
                "size": 1048299,
                "mode": "hosted",
                "is_external": false,
                "external_type": "",
                "is_public": true,
                "public_url_shared": false,
                "display_as_bot": false,
                "username": "",
                "url_private": "https:\/\/files.slack.com\/files-pri\/T4UUTPV18-FD5LJTEF9\/image_from_ios.jpg?t=xoxe-164979811042-1081742544354-1080362743317-fee6284c0ee20406565ca4cadf37d845",
                "url_private_download": "https:\/\/files.slack.com\/files-pri\/T4UUTPV18-FD5LJTEF9\/download\/image_from_ios.jpg?t=xoxe-164979811042-1081742544354-1080362743317-fee6284c0ee20406565ca4cadf37d845",
                "thumb_64": "https:\/\/files.slack.com\/files-tmb\/T4UUTPV18-FD5LJTEF9-34264c5a61\/image_from_ios_64.jpg?t=xoxe-164979811042-1081742544354-1080362743317-fee6284c0ee20406565ca4cadf37d845",
                "thumb_80": "https:\/\/files.slack.com\/files-tmb\/T4UUTPV18-FD5LJTEF9-34264c5a61\/image_from_ios_80.jpg?t=xoxe-164979811042-1081742544354-1080362743317-fee6284c0ee20406565ca4cadf37d845",
                "thumb_360": "https:\/\/files.slack.com\/files-tmb\/T4UUTPV18-FD5LJTEF9-34264c5a61\/image_from_ios_360.jpg?t=xoxe-164979811042-1081742544354-1080362743317-fee6284c0ee20406565ca4cadf37d845",
                "thumb_360_w": 203,
                "thumb_360_h": 360,
                "thumb_480": "https:\/\/files.slack.com\/files-tmb\/T4UUTPV18-FD5LJTEF9-34264c5a61\/image_from_ios_480.jpg?t=xoxe-164979811042-1081742544354-1080362743317-fee6284c0ee20406565ca4cadf37d845",
                "thumb_480_w": 270,
                "thumb_480_h": 480,
                "thumb_160": "https:\/\/files.slack.com\/files-tmb\/T4UUTPV18-FD5LJTEF9-34264c5a61\/image_from_ios_160.jpg?t=xoxe-164979811042-1081742544354-1080362743317-fee6284c0ee20406565ca4cadf37d845",
                "thumb_720": "https:\/\/files.slack.com\/files-tmb\/T4UUTPV18-FD5LJTEF9-34264c5a61\/image_from_ios_720.jpg?t=xoxe-164979811042-1081742544354-1080362743317-fee6284c0ee20406565ca4cadf37d845",
                "thumb_720_w": 405,
                "thumb_720_h": 720,
                "thumb_800": "https:\/\/files.slack.com\/files-tmb\/T4UUTPV18-FD5LJTEF9-34264c5a61\/image_from_ios_800.jpg?t=xoxe-164979811042-1081742544354-1080362743317-fee6284c0ee20406565ca4cadf37d845",
                "thumb_800_w": 800,
                "thumb_800_h": 1422,
                "thumb_960": "https:\/\/files.slack.com\/files-tmb\/T4UUTPV18-FD5LJTEF9-34264c5a61\/image_from_ios_960.jpg?t=xoxe-164979811042-1081742544354-1080362743317-fee6284c0ee20406565ca4cadf37d845",
                "thumb_960_w": 540,
                "thumb_960_h": 960,
                "thumb_1024": "https:\/\/files.slack.com\/files-tmb\/T4UUTPV18-FD5LJTEF9-34264c5a61\/image_from_ios_1024.jpg?t=xoxe-164979811042-1081742544354-1080362743317-fee6284c0ee20406565ca4cadf37d845",
                "thumb_1024_w": 576,
                "thumb_1024_h": 1024,
                "image_exif_rotation": 1,
                "original_w": 1242,
                "original_h": 2208,
                "permalink": "https:\/\/prospela.slack.com\/files\/U6D2VCN07\/FD5LJTEF9\/image_from_ios.jpg",
                "permalink_public": "https:\/\/slack-files.com\/T4UUTPV18-FD5LJTEF9-b5d14cc094",
                "is_starred": false,
                "has_rich_preview": false
            }
        ],
        "upload": true,
        "user": "U6D2VCN07",
        "display_as_bot": false,
        "ts": "1538407170.000100"
    },
    {
        "type": "message",
        "text": "",
        "files": [
            {
                "id": "FD4QE5K4M",
                "created": 1538407233,
                "timestamp": 1538407233,
                "name": "Image from iOS.jpg",
                "title": "Image from iOS",
                "mimetype": "image\/jpeg",
                "filetype": "jpg",
                "pretty_type": "JPEG",
                "user": "U6D2VCN07",
                "editable": false,
                "size": 1017668,
                "mode": "hosted",
                "is_external": false,
                "external_type": "",
                "is_public": true,
                "public_url_shared": false,
                "display_as_bot": false,
                "username": "",
                "url_private": "https:\/\/files.slack.com\/files-pri\/T4UUTPV18-FD4QE5K4M\/image_from_ios.jpg?t=xoxe-164979811042-1081742544354-1080362743317-fee6284c0ee20406565ca4cadf37d845",
                "url_private_download": "https:\/\/files.slack.com\/files-pri\/T4UUTPV18-FD4QE5K4M\/download\/image_from_ios.jpg?t=xoxe-164979811042-1081742544354-1080362743317-fee6284c0ee20406565ca4cadf37d845",
                "thumb_64": "https:\/\/files.slack.com\/files-tmb\/T4UUTPV18-FD4QE5K4M-995b327daf\/image_from_ios_64.jpg?t=xoxe-164979811042-1081742544354-1080362743317-fee6284c0ee20406565ca4cadf37d845",
                "thumb_80": "https:\/\/files.slack.com\/files-tmb\/T4UUTPV18-FD4QE5K4M-995b327daf\/image_from_ios_80.jpg?t=xoxe-164979811042-1081742544354-1080362743317-fee6284c0ee20406565ca4cadf37d845",
                "thumb_360": "https:\/\/files.slack.com\/files-tmb\/T4UUTPV18-FD4QE5K4M-995b327daf\/image_from_ios_360.jpg?t=xoxe-164979811042-1081742544354-1080362743317-fee6284c0ee20406565ca4cadf37d845",
                "thumb_360_w": 203,
                "thumb_360_h": 360,
                "thumb_480": "https:\/\/files.slack.com\/files-tmb\/T4UUTPV18-FD4QE5K4M-995b327daf\/image_from_ios_480.jpg?t=xoxe-164979811042-1081742544354-1080362743317-fee6284c0ee20406565ca4cadf37d845",
                "thumb_480_w": 270,
                "thumb_480_h": 480,
                "thumb_160": "https:\/\/files.slack.com\/files-tmb\/T4UUTPV18-FD4QE5K4M-995b327daf\/image_from_ios_160.jpg?t=xoxe-164979811042-1081742544354-1080362743317-fee6284c0ee20406565ca4cadf37d845",
                "thumb_720": "https:\/\/files.slack.com\/files-tmb\/T4UUTPV18-FD4QE5K4M-995b327daf\/image_from_ios_720.jpg?t=xoxe-164979811042-1081742544354-1080362743317-fee6284c0ee20406565ca4cadf37d845",
                "thumb_720_w": 405,
                "thumb_720_h": 720,
                "thumb_800": "https:\/\/files.slack.com\/files-tmb\/T4UUTPV18-FD4QE5K4M-995b327daf\/image_from_ios_800.jpg?t=xoxe-164979811042-1081742544354-1080362743317-fee6284c0ee20406565ca4cadf37d845",
                "thumb_800_w": 800,
                "thumb_800_h": 1422,
                "thumb_960": "https:\/\/files.slack.com\/files-tmb\/T4UUTPV18-FD4QE5K4M-995b327daf\/image_from_ios_960.jpg?t=xoxe-164979811042-1081742544354-1080362743317-fee6284c0ee20406565ca4cadf37d845",
                "thumb_960_w": 540,
                "thumb_960_h": 960,
                "thumb_1024": "https:\/\/files.slack.com\/files-tmb\/T4UUTPV18-FD4QE5K4M-995b327daf\/image_from_ios_1024.jpg?t=xoxe-164979811042-1081742544354-1080362743317-fee6284c0ee20406565ca4cadf37d845",
                "thumb_1024_w": 576,
                "thumb_1024_h": 1024,
                "image_exif_rotation": 1,
                "original_w": 1242,
                "original_h": 2208,
                "permalink": "https:\/\/prospela.slack.com\/files\/U6D2VCN07\/FD4QE5K4M\/image_from_ios.jpg",
                "permalink_public": "https:\/\/slack-files.com\/T4UUTPV18-FD4QE5K4M-7ffb589675",
                "is_starred": false,
                "has_rich_preview": false
            }
        ],
        "upload": true,
        "user": "U6D2VCN07",
        "display_as_bot": false,
        "ts": "1538407239.000100"
    },
    {
        "type": "message",
        "subtype": "bot_message",
        "text": "Our theme was Indish Afternoon tea which was Indian and British fusion.",
        "ts": "1538407336.000100",
        "username": "Manmeet (Mentee)",
        "icons": {
            "image_48": "https:\/\/slack-files2.s3-us-west-2.amazonaws.com\/bot_icons\/2018-10-01\/446649356450_48.png"
        },
        "bot_id": "B6CS60LDU"
    },
    {
        "type": "message",
        "text": "",
        "files": [
            {
                "id": "FD4DU3FQU",
                "created": 1538407477,
                "timestamp": 1538407477,
                "name": "Image from iOS.jpg",
                "title": "Image from iOS",
                "mimetype": "image\/jpeg",
                "filetype": "jpg",
                "pretty_type": "JPEG",
                "user": "U6D2VCN07",
                "editable": false,
                "size": 1255459,
                "mode": "hosted",
                "is_external": false,
                "external_type": "",
                "is_public": true,
                "public_url_shared": false,
                "display_as_bot": false,
                "username": "",
                "url_private": "https:\/\/files.slack.com\/files-pri\/T4UUTPV18-FD4DU3FQU\/image_from_ios.jpg?t=xoxe-164979811042-1081742544354-1080362743317-fee6284c0ee20406565ca4cadf37d845",
                "url_private_download": "https:\/\/files.slack.com\/files-pri\/T4UUTPV18-FD4DU3FQU\/download\/image_from_ios.jpg?t=xoxe-164979811042-1081742544354-1080362743317-fee6284c0ee20406565ca4cadf37d845",
                "thumb_64": "https:\/\/files.slack.com\/files-tmb\/T4UUTPV18-FD4DU3FQU-53cfc9f1f6\/image_from_ios_64.jpg?t=xoxe-164979811042-1081742544354-1080362743317-fee6284c0ee20406565ca4cadf37d845",
                "thumb_80": "https:\/\/files.slack.com\/files-tmb\/T4UUTPV18-FD4DU3FQU-53cfc9f1f6\/image_from_ios_80.jpg?t=xoxe-164979811042-1081742544354-1080362743317-fee6284c0ee20406565ca4cadf37d845",
                "thumb_360": "https:\/\/files.slack.com\/files-tmb\/T4UUTPV18-FD4DU3FQU-53cfc9f1f6\/image_from_ios_360.jpg?t=xoxe-164979811042-1081742544354-1080362743317-fee6284c0ee20406565ca4cadf37d845",
                "thumb_360_w": 203,
                "thumb_360_h": 360,
                "thumb_480": "https:\/\/files.slack.com\/files-tmb\/T4UUTPV18-FD4DU3FQU-53cfc9f1f6\/image_from_ios_480.jpg?t=xoxe-164979811042-1081742544354-1080362743317-fee6284c0ee20406565ca4cadf37d845",
                "thumb_480_w": 270,
                "thumb_480_h": 480,
                "thumb_160": "https:\/\/files.slack.com\/files-tmb\/T4UUTPV18-FD4DU3FQU-53cfc9f1f6\/image_from_ios_160.jpg?t=xoxe-164979811042-1081742544354-1080362743317-fee6284c0ee20406565ca4cadf37d845",
                "thumb_720": "https:\/\/files.slack.com\/files-tmb\/T4UUTPV18-FD4DU3FQU-53cfc9f1f6\/image_from_ios_720.jpg?t=xoxe-164979811042-1081742544354-1080362743317-fee6284c0ee20406565ca4cadf37d845",
                "thumb_720_w": 405,
                "thumb_720_h": 720,
                "thumb_800": "https:\/\/files.slack.com\/files-tmb\/T4UUTPV18-FD4DU3FQU-53cfc9f1f6\/image_from_ios_800.jpg?t=xoxe-164979811042-1081742544354-1080362743317-fee6284c0ee20406565ca4cadf37d845",
                "thumb_800_w": 800,
                "thumb_800_h": 1422,
                "thumb_960": "https:\/\/files.slack.com\/files-tmb\/T4UUTPV18-FD4DU3FQU-53cfc9f1f6\/image_from_ios_960.jpg?t=xoxe-164979811042-1081742544354-1080362743317-fee6284c0ee20406565ca4cadf37d845",
                "thumb_960_w": 540,
                "thumb_960_h": 960,
                "thumb_1024": "https:\/\/files.slack.com\/files-tmb\/T4UUTPV18-FD4DU3FQU-53cfc9f1f6\/image_from_ios_1024.jpg?t=xoxe-164979811042-1081742544354-1080362743317-fee6284c0ee20406565ca4cadf37d845",
                "thumb_1024_w": 576,
                "thumb_1024_h": 1024,
                "image_exif_rotation": 1,
                "original_w": 1242,
                "original_h": 2208,
                "permalink": "https:\/\/prospela.slack.com\/files\/U6D2VCN07\/FD4DU3FQU\/image_from_ios.jpg",
                "permalink_public": "https:\/\/slack-files.com\/T4UUTPV18-FD4DU3FQU-60c95b0802",
                "is_starred": false,
                "has_rich_preview": false
            }
        ],
        "upload": true,
        "user": "U6D2VCN07",
        "display_as_bot": false,
        "ts": "1538407482.000100"
    }
]