[
    {
        "type": "message",
        "subtype": "bot_message",
        "text": "Hi Manmeet, it’s great to meet you. I’m an ACCA qualified accountant with around fifteen years experience. I’ve worked in a number of different disciplines from statutory accounting, management accounts and analysis and corporate development roles, currently as an M&amp;A banker for an energy focused investment bank.",
        "ts": "1537969238.000100",
        "username": "Andy (Mentor)",
        "icons": {
            "image_48": "https:\/\/slack-files2.s3-us-west-2.amazonaws.com\/bot_icons\/2018-09-26\/443356856083_48.png"
        },
        "bot_id": "B6CS60LDU"
    },
    {
        "type": "message",
        "subtype": "bot_message",
        "text": "I’m based in Scotland, so you’ll have to forgive my ignorance when it comes to your system, I’ve got no idea what year 13 is! ",
        "ts": "1537969288.000100",
        "username": "Andy (Mentor)",
        "icons": {
            "image_48": "https:\/\/slack-files2.s3-us-west-2.amazonaws.com\/bot_icons\/2018-09-26\/443637365077_48.png"
        },
        "bot_id": "B6CS60LDU"
    },
    {
        "type": "message",
        "subtype": "bot_message",
        "text": "A degree apprenticeship is a good idea, particularly for something in finance and accounting. I think PWC (and probably more of the rest of the ‘big 4’ firms) are starting to take apprentices on as well as graduates...",
        "ts": "1537969370.000100",
        "username": "Andy (Mentor)",
        "icons": {
            "image_48": "https:\/\/slack-files2.s3-us-west-2.amazonaws.com\/bot_icons\/2018-09-26\/443638733061_48.png"
        },
        "bot_id": "B6CS60LDU"
    },
    {
        "type": "message",
        "subtype": "bot_message",
        "text": "I am running into a meeting shortly, but if you have a think about a few questions, please do send them through, so I can have a better understanding of how i can help. Alternatively, let me know if you’d like me to take the lead....",
        "ts": "1537969443.000100",
        "username": "Andy (Mentor)",
        "icons": {
            "image_48": "https:\/\/slack-files2.s3-us-west-2.amazonaws.com\/bot_icons\/2018-09-26\/443274778996_48.png"
        },
        "bot_id": "B6CS60LDU"
    },
    {
        "type": "message",
        "subtype": "bot_message",
        "text": "Hi Andy, how are you doing? Thats fine, here in England its like primary, high school, sixth form\/college where year12\/13 take place and after year 13 its university or apprenticeships. \nMoreover, I would like to know more about ACCA qualified accountant and wanna get in depth information so I know how exactly accountants works... From the age of 13, i wanted to become accountant, and yeah its all working with numbers. However, i want to do something fun where i do get bored of it... you know what I mean! \nTherefore, if you can please explain further what accountant jobs are like. \nAnd i wanted to ask what time you get free so we can chat around that time???\nI will also tell you about my today’s event, Afternoon tea.",
        "ts": "1537975232.000100",
        "username": "Manmeet (Mentee)",
        "icons": {
            "image_48": "https:\/\/slack-files2.s3-us-west-2.amazonaws.com\/bot_icons\/2018-09-26\/443564880626_48.png"
        },
        "bot_id": "B6CS60LDU"
    },
    {
        "type": "message",
        "subtype": "bot_message",
        "text": "Yup sounds good to me. Unfortunately, I’m stuck in the office and will be for some time! I’ll ping you a message tomorrow and we can catch up some more... I don’t really get free at a specific time, but I’ll do my best to come up with some windows which may work best.",
        "ts": "1537982124.000100",
        "username": "Andy (Mentor)",
        "icons": {
            "image_48": "https:\/\/slack-files2.s3-us-west-2.amazonaws.com\/bot_icons\/2018-09-26\/443485666036_48.png"
        },
        "bot_id": "B6CS60LDU"
    },
    {
        "type": "message",
        "subtype": "bot_message",
        "text": "Yhhh thts gud.... ",
        "ts": "1537991506.000100",
        "username": "Manmeet (Mentee)",
        "icons": {
            "image_48": "https:\/\/slack-files2.s3-us-west-2.amazonaws.com\/bot_icons\/2018-09-26\/443705227987_48.png"
        },
        "bot_id": "B6CS60LDU"
    }
]