[
    {
        "type": "message",
        "subtype": "bot_message",
        "text": "Hii\nSorry I didn't reply sooner:sweat_smile:",
        "ts": "1574596670.001700",
        "username": "Tom shirley (Prospela Students (beta))",
        "icons": {
            "image_48": "https:\/\/s3-us-west-2.amazonaws.com\/slack-files2\/bot_icons\/2019-11-24\/847136869829_48.png"
        },
        "bot_id": "B6CS60LDU"
    },
    {
        "type": "message",
        "subtype": "bot_message",
        "text": "I'm doing good",
        "ts": "1574596678.001800",
        "username": "Tom shirley (Prospela Students (beta))",
        "icons": {
            "image_48": "https:\/\/s3-us-west-2.amazonaws.com\/slack-files2\/bot_icons\/2019-11-24\/839199891969_48.png"
        },
        "bot_id": "B6CS60LDU"
    }
]