[
    {
        "type": "message",
        "text": "<@U63ESPNBZ> hope you are well. We want to say that we have really enjoyed having you be part of our Summer E-Mentoring Pilot Study and hope it has been a useful experience for you!\n\nWe now just need you to complete this quick debrief form (Link is here: <https:\/\/prospela.typeform.com\/to\/zlsegL>)\n\nWe want to hear your *HONEST* opinion about the experience. We'll be using your feedback to help us build the product in the future so don't tell us \"It was great\" if you didn't feel that way! \nDon't worry, you won't hurt our feelings :smiley:\n\nWe'll be able to show you your progression over the programme too!\n\nMany thanks for this in advance :bowtie:",
        "user": "U4VR52RQE",
        "ts": "1500396854.966723",
        "team": "T4UUTPV18",
        "user_team": "T4UUTPV18",
        "source_team": "T4UUTPV18",
        "user_profile": {
            "avatar_hash": "d730c1e93535",
            "image_72": "https:\/\/avatars.slack-edge.com\/2017-06-20\/201542361287_d730c1e93535ae06c852_72.png",
            "first_name": "Dexter",
            "real_name": "Dexter",
            "display_name": "dexter-prospela",
            "team": "T4UUTPV18",
            "name": "dexter-prospela",
            "is_restricted": false,
            "is_ultra_restricted": false
        }
    }
]