[
    {
        "type": "message",
        "text": "Hello, I’m Slackbot. I try to be helpful. (But I’m still just a bot. Sorry!) *Type something* and hit _enter_ to send your message.",
        "user": "USLACKBOT",
        "ts": "1498030819.281044",
        "team": "T4UUTPV18",
        "user_team": "T4UUTPV18",
        "source_team": "T4UUTPV18",
        "user_profile": {
            "avatar_hash": "sv41d8cd98f0",
            "image_72": "https:\/\/a.slack-edge.com\/80588\/img\/slackbot_72.png",
            "first_name": "slackbot",
            "real_name": "Slackbot",
            "display_name": "Slackbot",
            "team": "T4UUTPV18",
            "name": "slackbot",
            "is_restricted": false,
            "is_ultra_restricted": false
        }
    },
    {
        "type": "message",
        "text": "Just below this message is a text input field for you to type in. Try it out. :point_down:",
        "user": "USLACKBOT",
        "ts": "1498030850.287813",
        "team": "T4UUTPV18",
        "user_team": "T4UUTPV18",
        "source_team": "T4UUTPV18",
        "user_profile": {
            "avatar_hash": "sv41d8cd98f0",
            "image_72": "https:\/\/a.slack-edge.com\/80588\/img\/slackbot_72.png",
            "first_name": "slackbot",
            "real_name": "Slackbot",
            "display_name": "Slackbot",
            "team": "T4UUTPV18",
            "name": "slackbot",
            "is_restricted": false,
            "is_ultra_restricted": false
        }
    }
]