[
    {
        "type": "message",
        "subtype": "bot_message",
        "text": "",
        "ts": "1498081540.046968",
        "username": "IFTTT",
        "icons": {
            "image_36": "https:\/\/a.slack-edge.com\/8f51\/img\/services\/ifttt_36.png",
            "image_48": "https:\/\/a.slack-edge.com\/8f51\/img\/services\/ifttt_48.png",
            "image_72": "https:\/\/a.slack-edge.com\/8f51\/img\/services\/ifttt_72.png"
        },
        "bot_id": "B5XHUGS4C",
        "attachments": [
            {
                "title": "New trending GIF on Giphy",
                "title_link": "https:\/\/giphy.com\/gifs\/amy-schumer-E3L5goMMSoAAo",
                "thumb_url": "https:\/\/media2.giphy.com\/media\/E3L5goMMSoAAo\/giphy.gif",
                "thumb_width": 400,
                "thumb_height": 225,
                "text": "New trending GIF tagged drinking, wine, amy schumer, happy hour, adult humor, wine time via Giphy <http:\/\/ift.tt\/2nGu0nK>",
                "fallback": "New trending GIF tagged drinking, wine, amy schumer, happy hour, adult humor, wine time via Giphy <http:\/\/ift.tt\/2nGu0nK>",
                "mrkdwn_in": [
                    "text",
                    "pretext"
                ]
            }
        ]
    },
    {
        "type": "message",
        "subtype": "bot_message",
        "text": "",
        "ts": "1498081541.047280",
        "username": "IFTTT",
        "icons": {
            "image_36": "https:\/\/a.slack-edge.com\/8f51\/img\/services\/ifttt_36.png",
            "image_48": "https:\/\/a.slack-edge.com\/8f51\/img\/services\/ifttt_48.png",
            "image_72": "https:\/\/a.slack-edge.com\/8f51\/img\/services\/ifttt_72.png"
        },
        "bot_id": "B5XHUGS4C",
        "attachments": [
            {
                "title": "New trending GIF on Giphy",
                "title_link": "https:\/\/giphy.com\/gifs\/buzzfeedladylike-ladylike-buzzfeed-3ohzdHI7NgfDdiAmJy",
                "thumb_url": "https:\/\/media3.giphy.com\/media\/3ohzdHI7NgfDdiAmJy\/giphy.gif",
                "thumb_width": 480,
                "thumb_height": 270,
                "text": "New trending GIF tagged wine, freddie, ladylike, buzzfeed ladylike, fredricka ransome, ransomnote, overpour, pour wine, over pour via Giphy <http:\/\/ift.tt\/2t6rk2q>",
                "fallback": "New trending GIF tagged wine, freddie, ladylike, buzzfeed ladylike, fredricka ransome, ransomnote, overpour, pour wine, over pour via Giphy <http:\/\/ift.tt\/2t6rk2q>",
                "mrkdwn_in": [
                    "text",
                    "pretext"
                ]
            }
        ]
    },
    {
        "type": "message",
        "subtype": "bot_message",
        "text": "",
        "ts": "1498081542.047415",
        "username": "IFTTT",
        "icons": {
            "image_36": "https:\/\/a.slack-edge.com\/8f51\/img\/services\/ifttt_36.png",
            "image_48": "https:\/\/a.slack-edge.com\/8f51\/img\/services\/ifttt_48.png",
            "image_72": "https:\/\/a.slack-edge.com\/8f51\/img\/services\/ifttt_72.png"
        },
        "bot_id": "B5XHUGS4C",
        "attachments": [
            {
                "title": "New trending GIF on Giphy",
                "title_link": "https:\/\/giphy.com\/gifs\/3o7TKpWmZz1V4ZcVa0",
                "thumb_url": "https:\/\/media4.giphy.com\/media\/3o7TKpWmZz1V4ZcVa0\/giphy.gif",
                "thumb_width": 500,
                "thumb_height": 500,
                "text": "New trending GIF tagged drink, drinking, wine, cabernet, catbernet via Giphy <http:\/\/ift.tt\/2rSmGsU>",
                "fallback": "New trending GIF tagged drink, drinking, wine, cabernet, catbernet via Giphy <http:\/\/ift.tt\/2rSmGsU>",
                "mrkdwn_in": [
                    "text",
                    "pretext"
                ]
            }
        ]
    },
    {
        "type": "message",
        "subtype": "bot_message",
        "text": "",
        "ts": "1498081542.047665",
        "username": "IFTTT",
        "icons": {
            "image_36": "https:\/\/a.slack-edge.com\/8f51\/img\/services\/ifttt_36.png",
            "image_48": "https:\/\/a.slack-edge.com\/8f51\/img\/services\/ifttt_48.png",
            "image_72": "https:\/\/a.slack-edge.com\/8f51\/img\/services\/ifttt_72.png"
        },
        "bot_id": "B5XHUGS4C",
        "attachments": [
            {
                "title": "New trending GIF on Giphy",
                "title_link": "https:\/\/giphy.com\/gifs\/mlb-wine-joe-toast-UFXi3FSeGtKq4",
                "thumb_url": "https:\/\/media2.giphy.com\/media\/UFXi3FSeGtKq4\/giphy.gif",
                "thumb_width": 480,
                "thumb_height": 270,
                "text": "New trending GIF tagged baseball, mlb, wine, cheers, joe, cubs, toast, chicago cubs, press conference, maddon, joe maddon via Giphy <http:\/\/ift.tt\/2sC67ym>",
                "fallback": "New trending GIF tagged baseball, mlb, wine, cheers, joe, cubs, toast, chicago cubs, press conference, maddon, joe maddon via Giphy <http:\/\/ift.tt\/2sC67ym>",
                "mrkdwn_in": [
                    "text",
                    "pretext"
                ]
            }
        ]
    },
    {
        "type": "message",
        "subtype": "bot_message",
        "text": "",
        "ts": "1498081543.047774",
        "username": "IFTTT",
        "icons": {
            "image_36": "https:\/\/a.slack-edge.com\/8f51\/img\/services\/ifttt_36.png",
            "image_48": "https:\/\/a.slack-edge.com\/8f51\/img\/services\/ifttt_48.png",
            "image_72": "https:\/\/a.slack-edge.com\/8f51\/img\/services\/ifttt_72.png"
        },
        "bot_id": "B5XHUGS4C",
        "attachments": [
            {
                "title": "New trending GIF on Giphy",
                "title_link": "https:\/\/giphy.com\/gifs\/studiosoriginals-drinking-wine-3o7TKvvxD80nTWwp4A",
                "thumb_url": "https:\/\/media2.giphy.com\/media\/3o7TKvvxD80nTWwp4A\/giphy.gif",
                "thumb_width": 480,
                "thumb_height": 320,
                "text": "New trending GIF tagged drinking, wine, election 2016, stressed, stressed out, chugging wine via Giphy <http:\/\/ift.tt\/2rT2HKt>",
                "fallback": "New trending GIF tagged drinking, wine, election 2016, stressed, stressed out, chugging wine via Giphy <http:\/\/ift.tt\/2rT2HKt>",
                "mrkdwn_in": [
                    "text",
                    "pretext"
                ]
            }
        ]
    },
    {
        "type": "message",
        "subtype": "bot_message",
        "text": "",
        "ts": "1498081544.047993",
        "username": "IFTTT",
        "icons": {
            "image_36": "https:\/\/a.slack-edge.com\/8f51\/img\/services\/ifttt_36.png",
            "image_48": "https:\/\/a.slack-edge.com\/8f51\/img\/services\/ifttt_48.png",
            "image_72": "https:\/\/a.slack-edge.com\/8f51\/img\/services\/ifttt_72.png"
        },
        "bot_id": "B5XHUGS4C",
        "attachments": [
            {
                "title": "New trending GIF on Giphy",
                "title_link": "https:\/\/giphy.com\/gifs\/illustration-feminism-sticker-3og0ISTHRg4HSNKTao",
                "thumb_url": "https:\/\/media1.giphy.com\/media\/3og0ISTHRg4HSNKTao\/giphy.gif",
                "thumb_width": 750,
                "thumb_height": 750,
                "text": "New trending GIF tagged illustration, feminism, sticker, feminist, protest, feminismo, girlpower, feminista, womensmarch, migas, laurasalaberry, migasdaolga, thinkolga via Giphy <http:\/\/ift.tt\/2trqu19>",
                "fallback": "New trending GIF tagged illustration, feminism, sticker, feminist, protest, feminismo, girlpower, feminista, womensmarch, migas, laurasalaberry, migasdaolga, thinkolga via Giphy <http:\/\/ift.tt\/2trqu19>",
                "mrkdwn_in": [
                    "text",
                    "pretext"
                ]
            }
        ]
    },
    {
        "type": "message",
        "subtype": "bot_message",
        "text": "",
        "ts": "1498081544.048149",
        "username": "IFTTT",
        "icons": {
            "image_36": "https:\/\/a.slack-edge.com\/8f51\/img\/services\/ifttt_36.png",
            "image_48": "https:\/\/a.slack-edge.com\/8f51\/img\/services\/ifttt_48.png",
            "image_72": "https:\/\/a.slack-edge.com\/8f51\/img\/services\/ifttt_72.png"
        },
        "bot_id": "B5XHUGS4C",
        "attachments": [
            {
                "title": "New trending GIF on Giphy",
                "title_link": "https:\/\/giphy.com\/gifs\/illustration-feminism-sticker-26mkhRu3pnRYzDaYo",
                "thumb_url": "https:\/\/media0.giphy.com\/media\/26mkhRu3pnRYzDaYo\/giphy.gif",
                "thumb_width": 750,
                "thumb_height": 750,
                "text": "New trending GIF tagged illustration, clapping, feminism, sticker, feminist, protest, feminismo, girlpower, feminista, womensmarch, migas, laurasalaberry, migasdaolga, thinkolga via Giphy <http:\/\/ift.tt\/2tqWOBj>",
                "fallback": "New trending GIF tagged illustration, clapping, feminism, sticker, feminist, protest, feminismo, girlpower, feminista, womensmarch, migas, laurasalaberry, migasdaolga, thinkolga via Giphy <http:\/\/ift.tt\/2tqWOBj>",
                "mrkdwn_in": [
                    "text",
                    "pretext"
                ]
            }
        ]
    },
    {
        "type": "message",
        "subtype": "bot_message",
        "text": "",
        "ts": "1498081545.048305",
        "username": "IFTTT",
        "icons": {
            "image_36": "https:\/\/a.slack-edge.com\/8f51\/img\/services\/ifttt_36.png",
            "image_48": "https:\/\/a.slack-edge.com\/8f51\/img\/services\/ifttt_48.png",
            "image_72": "https:\/\/a.slack-edge.com\/8f51\/img\/services\/ifttt_72.png"
        },
        "bot_id": "B5XHUGS4C",
        "attachments": [
            {
                "title": "New trending GIF on Giphy",
                "title_link": "https:\/\/giphy.com\/gifs\/illustration-feminism-sticker-3og0IE4wllW0JwRvby",
                "thumb_url": "https:\/\/media1.giphy.com\/media\/3og0IE4wllW0JwRvby\/giphy.gif",
                "thumb_width": 750,
                "thumb_height": 750,
                "text": "New trending GIF tagged illustration, boss, feminism, sticker, feminist, protest, feminismo, girlpower, feminista, womensmarch, migas, laurasalaberry, migasdaolga, thinkolga, boss mug via Giphy <http:\/\/ift.tt\/2trfYXI>",
                "fallback": "New trending GIF tagged illustration, boss, feminism, sticker, feminist, protest, feminismo, girlpower, feminista, womensmarch, migas, laurasalaberry, migasdaolga, thinkolga, boss mug via Giphy <http:\/\/ift.tt\/2trfYXI>",
                "mrkdwn_in": [
                    "text",
                    "pretext"
                ]
            }
        ]
    },
    {
        "type": "message",
        "subtype": "bot_message",
        "text": "",
        "ts": "1498081545.048473",
        "username": "IFTTT",
        "icons": {
            "image_36": "https:\/\/a.slack-edge.com\/8f51\/img\/services\/ifttt_36.png",
            "image_48": "https:\/\/a.slack-edge.com\/8f51\/img\/services\/ifttt_48.png",
            "image_72": "https:\/\/a.slack-edge.com\/8f51\/img\/services\/ifttt_72.png"
        },
        "bot_id": "B5XHUGS4C",
        "attachments": [
            {
                "title": "New trending GIF on Giphy",
                "title_link": "https:\/\/giphy.com\/gifs\/illustration-feminism-sticker-3og0Iw2eUAFbUxhaFy",
                "thumb_url": "https:\/\/media4.giphy.com\/media\/3og0Iw2eUAFbUxhaFy\/giphy.gif",
                "thumb_width": 750,
                "thumb_height": 750,
                "text": "New trending GIF tagged illustration, feminism, sticker, feminist, protest, feminismo, girlpower, feminista, womensmarch, migas, laurasalaberry, migasdaolga, thinkolga via Giphy <http:\/\/ift.tt\/2trg01M>",
                "fallback": "New trending GIF tagged illustration, feminism, sticker, feminist, protest, feminismo, girlpower, feminista, womensmarch, migas, laurasalaberry, migasdaolga, thinkolga via Giphy <http:\/\/ift.tt\/2trg01M>",
                "mrkdwn_in": [
                    "text",
                    "pretext"
                ]
            }
        ]
    },
    {
        "type": "message",
        "subtype": "bot_message",
        "text": "",
        "ts": "1498081546.048637",
        "username": "IFTTT",
        "icons": {
            "image_36": "https:\/\/a.slack-edge.com\/8f51\/img\/services\/ifttt_36.png",
            "image_48": "https:\/\/a.slack-edge.com\/8f51\/img\/services\/ifttt_48.png",
            "image_72": "https:\/\/a.slack-edge.com\/8f51\/img\/services\/ifttt_72.png"
        },
        "bot_id": "B5XHUGS4C",
        "attachments": [
            {
                "title": "New trending GIF on Giphy",
                "title_link": "https:\/\/giphy.com\/gifs\/illustration-feminism-sticker-xUA7b2OfgTuVzqpVXq",
                "thumb_url": "https:\/\/media1.giphy.com\/media\/xUA7b2OfgTuVzqpVXq\/giphy.gif",
                "thumb_width": 750,
                "thumb_height": 750,
                "text": "New trending GIF tagged illustration, feminism, reading, sticker, feminist, protest, feminismo, girlpower, feminista, womensmarch, migas, laurasalaberry, migasdaolga, thinkolga via Giphy <http:\/\/ift.tt\/2trg0Pk>",
                "fallback": "New trending GIF tagged illustration, feminism, reading, sticker, feminist, protest, feminismo, girlpower, feminista, womensmarch, migas, laurasalaberry, migasdaolga, thinkolga via Giphy <http:\/\/ift.tt\/2trg0Pk>",
                "mrkdwn_in": [
                    "text",
                    "pretext"
                ]
            }
        ]
    },
    {
        "type": "message",
        "subtype": "bot_message",
        "text": "",
        "ts": "1498083395.521091",
        "username": "IFTTT",
        "icons": {
            "image_36": "https:\/\/a.slack-edge.com\/8f51\/img\/services\/ifttt_36.png",
            "image_48": "https:\/\/a.slack-edge.com\/8f51\/img\/services\/ifttt_48.png",
            "image_72": "https:\/\/a.slack-edge.com\/8f51\/img\/services\/ifttt_72.png"
        },
        "bot_id": "B5XHUGS4C",
        "attachments": [
            {
                "title": "New trending GIF on Giphy",
                "title_link": "https:\/\/giphy.com\/gifs\/interscope-lana-del-rey-l41lH4k8mAzr4l2VO",
                "thumb_url": "https:\/\/media1.giphy.com\/media\/l41lH4k8mAzr4l2VO\/giphy.gif",
                "thumb_width": 540,
                "thumb_height": 303,
                "text": "New trending GIF tagged lana del rey, interscope, honeymoon, interscope records, high by the beach via Giphy <http:\/\/ift.tt\/2rSQipQ>",
                "fallback": "New trending GIF tagged lana del rey, interscope, honeymoon, interscope records, high by the beach via Giphy <http:\/\/ift.tt\/2rSQipQ>",
                "mrkdwn_in": [
                    "text",
                    "pretext"
                ]
            }
        ]
    },
    {
        "type": "message",
        "subtype": "bot_message",
        "text": "",
        "ts": "1498083396.521294",
        "username": "IFTTT",
        "icons": {
            "image_36": "https:\/\/a.slack-edge.com\/8f51\/img\/services\/ifttt_36.png",
            "image_48": "https:\/\/a.slack-edge.com\/8f51\/img\/services\/ifttt_48.png",
            "image_72": "https:\/\/a.slack-edge.com\/8f51\/img\/services\/ifttt_72.png"
        },
        "bot_id": "B5XHUGS4C",
        "attachments": [
            {
                "title": "New trending GIF on Giphy",
                "title_link": "https:\/\/giphy.com\/gifs\/r1bigweekend-lana-del-rey-bbc-radio-1-3ohzdUXenNVJ6qk3ks",
                "thumb_url": "https:\/\/media2.giphy.com\/media\/3ohzdUXenNVJ6qk3ks\/giphy.gif",
                "thumb_width": 480,
                "thumb_height": 264,
                "text": "New trending GIF tagged lana del rey, bbc radio 1, big weekend 2017, bbc radio 1's big weekend 2017 via Giphy <http:\/\/ift.tt\/2s1kHih>",
                "fallback": "New trending GIF tagged lana del rey, bbc radio 1, big weekend 2017, bbc radio 1's big weekend 2017 via Giphy <http:\/\/ift.tt\/2s1kHih>",
                "mrkdwn_in": [
                    "text",
                    "pretext"
                ]
            }
        ]
    },
    {
        "type": "message",
        "subtype": "bot_message",
        "text": "",
        "ts": "1498083396.521428",
        "username": "IFTTT",
        "icons": {
            "image_36": "https:\/\/a.slack-edge.com\/8f51\/img\/services\/ifttt_36.png",
            "image_48": "https:\/\/a.slack-edge.com\/8f51\/img\/services\/ifttt_48.png",
            "image_72": "https:\/\/a.slack-edge.com\/8f51\/img\/services\/ifttt_72.png"
        },
        "bot_id": "B5XHUGS4C",
        "attachments": [
            {
                "title": "New trending GIF on Giphy",
                "title_link": "https:\/\/giphy.com\/gifs\/love-space-star-26BGLhFgCW1Xk0Ux2",
                "thumb_url": "https:\/\/media4.giphy.com\/media\/26BGLhFgCW1Xk0Ux2\/giphy.gif",
                "thumb_width": 480,
                "thumb_height": 312,
                "text": "New trending GIF tagged love, space, star, drawing, queen, stars, lana del rey, alien, portrait, digital art, first, young, galaxy, lana, firework, wish, wishes, fan art, gif illustration, digital illustration, isaac piper, back to 1974, puppy love, backto1974, isaacpiper, gif drawing, young and in love, lana del rey art via Giphy <http:\/\/ift.tt\/2rSFMPJ>",
                "fallback": "New trending GIF tagged love, space, star, drawing, queen, stars, lana del rey, alien, portrait, digital art, first, young, galaxy, lana, firework, wish, wishes, fan art, gif illustration, digital illustration, isaac piper, back to 1974, puppy love, backto1974, isaacpiper, gif drawing, young and in love, lana del rey art via Giphy <http:\/\/ift.tt\/2rSFMPJ>",
                "mrkdwn_in": [
                    "text",
                    "pretext"
                ]
            }
        ]
    },
    {
        "type": "message",
        "subtype": "bot_message",
        "text": "",
        "ts": "1498083398.521730",
        "username": "IFTTT",
        "icons": {
            "image_36": "https:\/\/a.slack-edge.com\/8f51\/img\/services\/ifttt_36.png",
            "image_48": "https:\/\/a.slack-edge.com\/8f51\/img\/services\/ifttt_48.png",
            "image_72": "https:\/\/a.slack-edge.com\/8f51\/img\/services\/ifttt_72.png"
        },
        "bot_id": "B5XHUGS4C",
        "attachments": [
            {
                "title": "New trending GIF on Giphy",
                "title_link": "https:\/\/giphy.com\/gifs\/pitchfork-lana-del-rey-NTHVae7U8X0iY",
                "thumb_url": "https:\/\/media0.giphy.com\/media\/NTHVae7U8X0iY\/giphy.gif",
                "thumb_width": 480,
                "thumb_height": 270,
                "text": "New trending GIF tagged lana del rey, pitchfork via Giphy <http:\/\/ift.tt\/2rSTbXJ>",
                "fallback": "New trending GIF tagged lana del rey, pitchfork via Giphy <http:\/\/ift.tt\/2rSTbXJ>",
                "mrkdwn_in": [
                    "text",
                    "pretext"
                ]
            }
        ]
    },
    {
        "type": "message",
        "subtype": "bot_message",
        "text": "",
        "ts": "1498083399.521991",
        "username": "IFTTT",
        "icons": {
            "image_36": "https:\/\/a.slack-edge.com\/8f51\/img\/services\/ifttt_36.png",
            "image_48": "https:\/\/a.slack-edge.com\/8f51\/img\/services\/ifttt_48.png",
            "image_72": "https:\/\/a.slack-edge.com\/8f51\/img\/services\/ifttt_72.png"
        },
        "bot_id": "B5XHUGS4C",
        "attachments": [
            {
                "title": "New trending GIF on Giphy",
                "title_link": "https:\/\/giphy.com\/gifs\/pitchfork-lana-del-rey-lust-for-life-FTRB6jYxmtccg",
                "thumb_url": "https:\/\/media0.giphy.com\/media\/FTRB6jYxmtccg\/giphy.gif",
                "thumb_width": 480,
                "thumb_height": 270,
                "text": "New trending GIF tagged lana del rey, pitchfork, lust for life via Giphy <http:\/\/ift.tt\/2rSkx0t>",
                "fallback": "New trending GIF tagged lana del rey, pitchfork, lust for life via Giphy <http:\/\/ift.tt\/2rSkx0t>",
                "mrkdwn_in": [
                    "text",
                    "pretext"
                ]
            }
        ]
    }
]