[
    {
        "type": "message",
        "subtype": "bot_message",
        "text": "Hey Katherine, Ahh thats good, how are you finding the online lectures? How are you doing with you FMP?\n\nAlso Animated Women UK have put together some help for students during this time which I thought might be useful for you! <https:\/\/www.animatedwomenuk.com\/support-for-students-during-covid-19\/>",
        "ts": "1586367014.000300",
        "username": "Ben (Prospela Mentors (beta))",
        "icons": {
            "image_48": "https:\/\/s3-us-west-2.amazonaws.com\/slack-files2\/bot_icons\/2020-04-08\/1050800548998_48.png"
        },
        "bot_id": "B6CS60LDU",
        "attachments": [
            {
                "service_name": "Animated Women UK",
                "title": "Support for Students during COVID-19 - Animated Women UK",
                "title_link": "https:\/\/www.animatedwomenuk.com\/support-for-students-during-covid-19\/",
                "text": "As a result of COVID-19 many students, who were looking forward to finishing their studies and celebrating graduation this year, are now faced with an uncertain future resulting from university closures. Although academic institutions are now adapting to support their students through distance learning and online feedback, the reality is many individuals have lost access…",
                "fallback": "Animated Women UK: Support for Students during COVID-19 - Animated Women UK",
                "thumb_url": "https:\/\/www.animatedwomenuk.com\/wp-content\/uploads\/2020\/04\/Covid-19.jpg",
                "ts": 1585856860,
                "from_url": "https:\/\/www.animatedwomenuk.com\/support-for-students-during-covid-19\/",
                "thumb_width": 1000,
                "thumb_height": 577,
                "id": 1,
                "original_url": "https:\/\/www.animatedwomenuk.com\/support-for-students-during-covid-19\/"
            }
        ],
        "edited": {
            "user": "B6CS60LDU",
            "ts": "1586367022.000000"
        }
    },
    {
        "type": "message",
        "subtype": "bot_message",
        "text": "The online lectures were okay, they start back in a few weeks but it’s really good because we’re doing dailies every Friday! The FMP is slowly but surly getting there! \n\nOh cool thanks I’ll have a look! ",
        "ts": "1586367533.000500",
        "username": "Katherine Bristow (Prospela Students (beta))",
        "icons": {
            "image_48": "https:\/\/s3-us-west-2.amazonaws.com\/slack-files2\/bot_icons\/2020-04-08\/1067574057824_48.png"
        },
        "bot_id": "B6CS60LDU"
    }
]