[
    {
        "type": "message",
        "subtype": "bot_message",
        "text": "I’m sure it will be! Do you have a rough idea of where you would like to head once you graduate? I know your looking for comp\/roto prep but are you thinking in film, tv or advertising? Or a mix of all of them? When you came for your studio tours which did you like the vibe of??",
        "ts": "1583396389.003200",
        "username": "Ben (Prospela Mentors (beta))",
        "icons": {
            "image_48": "https:\/\/s3-us-west-2.amazonaws.com\/slack-files2\/bot_icons\/2020-03-05\/983171411365_48.png"
        },
        "bot_id": "B6CS60LDU"
    },
    {
        "type": "message",
        "subtype": "bot_message",
        "text": "My goal used to be always film but now I think I prefer tv and advertising. I have always wanted to work for dneg as well but am unsure if I would be able to get in, but I also quite liked the mill. ",
        "ts": "1583400919.003300",
        "username": "Katherine Bristow (Prospela Students (beta))",
        "icons": {
            "image_48": "https:\/\/s3-us-west-2.amazonaws.com\/slack-files2\/bot_icons\/2020-03-05\/971788160035_48.png"
        },
        "bot_id": "B6CS60LDU"
    }
]