[
    {
        "type": "message",
        "subtype": "bot_message",
        "text": "Hey Ben! \n\nI’m alright! Yeah we did meet in London! \n\nI’ve been filming this weekend for my Final Major Project! ",
        "ts": "1583157924.001900",
        "username": "Katherine Bristow (Prospela Students (beta))",
        "icons": {
            "image_48": "https:\/\/s3-us-west-2.amazonaws.com\/slack-files2\/bot_icons\/2020-03-02\/964482349954_48.png"
        },
        "bot_id": "B6CS60LDU"
    },
    {
        "type": "message",
        "subtype": "bot_message",
        "text": "Nice! \n\nWhat’s the project? What techniques are you looking to develop and be able to show off once it’s done??",
        "ts": "1583170955.002000",
        "username": "Ben (Prospela Mentors (beta))",
        "icons": {
            "image_48": "https:\/\/s3-us-west-2.amazonaws.com\/slack-files2\/bot_icons\/2020-03-02\/967639748401_48.png"
        },
        "bot_id": "B6CS60LDU"
    },
    {
        "type": "message",
        "subtype": "bot_message",
        "text": "It’s pretty much someone walking down a few streets cutting between them with different transitions and I plan on doing some clean up, roto, incorporating 3D and a Matte Painting into a scene as well as a sky replacement. \n\nPretty much to show off my comp skills. ",
        "ts": "1583172116.002100",
        "username": "Katherine Bristow (Prospela Students (beta))",
        "icons": {
            "image_48": "https:\/\/s3-us-west-2.amazonaws.com\/slack-files2\/bot_icons\/2020-03-02\/977781022560_48.png"
        },
        "bot_id": "B6CS60LDU"
    }
]