[
    {
        "type": "message",
        "text": "",
        "files": [
            {
                "id": "F011MFRNSRY",
                "created": 1586603050,
                "timestamp": 1586603050,
                "name": "Screenshot 2020-04-11 at 12.03.06.png",
                "title": "Screenshot 2020-04-11 at 12.03.06",
                "mimetype": "image\/png",
                "filetype": "png",
                "pretty_type": "PNG",
                "user": "U6D2VCN07",
                "editable": false,
                "size": 1911407,
                "mode": "hosted",
                "is_external": false,
                "external_type": "",
                "is_public": true,
                "public_url_shared": false,
                "display_as_bot": false,
                "username": "",
                "url_private": "https:\/\/files.slack.com\/files-pri\/T4UUTPV18-F011MFRNSRY\/screenshot_2020-04-11_at_12.03.06.png?t=xoxe-164979811042-1081742544354-1080362743317-fee6284c0ee20406565ca4cadf37d845",
                "url_private_download": "https:\/\/files.slack.com\/files-pri\/T4UUTPV18-F011MFRNSRY\/download\/screenshot_2020-04-11_at_12.03.06.png?t=xoxe-164979811042-1081742544354-1080362743317-fee6284c0ee20406565ca4cadf37d845",
                "thumb_64": "https:\/\/files.slack.com\/files-tmb\/T4UUTPV18-F011MFRNSRY-9b4f5d26c8\/screenshot_2020-04-11_at_12.03.06_64.png?t=xoxe-164979811042-1081742544354-1080362743317-fee6284c0ee20406565ca4cadf37d845",
                "thumb_80": "https:\/\/files.slack.com\/files-tmb\/T4UUTPV18-F011MFRNSRY-9b4f5d26c8\/screenshot_2020-04-11_at_12.03.06_80.png?t=xoxe-164979811042-1081742544354-1080362743317-fee6284c0ee20406565ca4cadf37d845",
                "thumb_360": "https:\/\/files.slack.com\/files-tmb\/T4UUTPV18-F011MFRNSRY-9b4f5d26c8\/screenshot_2020-04-11_at_12.03.06_360.png?t=xoxe-164979811042-1081742544354-1080362743317-fee6284c0ee20406565ca4cadf37d845",
                "thumb_360_w": 360,
                "thumb_360_h": 191,
                "thumb_480": "https:\/\/files.slack.com\/files-tmb\/T4UUTPV18-F011MFRNSRY-9b4f5d26c8\/screenshot_2020-04-11_at_12.03.06_480.png?t=xoxe-164979811042-1081742544354-1080362743317-fee6284c0ee20406565ca4cadf37d845",
                "thumb_480_w": 480,
                "thumb_480_h": 255,
                "thumb_160": "https:\/\/files.slack.com\/files-tmb\/T4UUTPV18-F011MFRNSRY-9b4f5d26c8\/screenshot_2020-04-11_at_12.03.06_160.png?t=xoxe-164979811042-1081742544354-1080362743317-fee6284c0ee20406565ca4cadf37d845",
                "thumb_720": "https:\/\/files.slack.com\/files-tmb\/T4UUTPV18-F011MFRNSRY-9b4f5d26c8\/screenshot_2020-04-11_at_12.03.06_720.png?t=xoxe-164979811042-1081742544354-1080362743317-fee6284c0ee20406565ca4cadf37d845",
                "thumb_720_w": 720,
                "thumb_720_h": 382,
                "thumb_800": "https:\/\/files.slack.com\/files-tmb\/T4UUTPV18-F011MFRNSRY-9b4f5d26c8\/screenshot_2020-04-11_at_12.03.06_800.png?t=xoxe-164979811042-1081742544354-1080362743317-fee6284c0ee20406565ca4cadf37d845",
                "thumb_800_w": 800,
                "thumb_800_h": 424,
                "thumb_960": "https:\/\/files.slack.com\/files-tmb\/T4UUTPV18-F011MFRNSRY-9b4f5d26c8\/screenshot_2020-04-11_at_12.03.06_960.png?t=xoxe-164979811042-1081742544354-1080362743317-fee6284c0ee20406565ca4cadf37d845",
                "thumb_960_w": 960,
                "thumb_960_h": 509,
                "thumb_1024": "https:\/\/files.slack.com\/files-tmb\/T4UUTPV18-F011MFRNSRY-9b4f5d26c8\/screenshot_2020-04-11_at_12.03.06_1024.png?t=xoxe-164979811042-1081742544354-1080362743317-fee6284c0ee20406565ca4cadf37d845",
                "thumb_1024_w": 1024,
                "thumb_1024_h": 543,
                "image_exif_rotation": 1,
                "original_w": 2092,
                "original_h": 1110,
                "thumb_tiny": "AwAZADC\/Gi+UvyjoO1DqoXGB+VOi\/wBUn0FI7bSO9AECxKSQOfwoCRkY2\/pVhQQck1WmDKee\/QiqWpD0HBE6cflSsqCN\/u9D2quN\/QZ\/ClkRghOSeKdgUi7F\/qk+goKAnJqqn3F+gp1QWWqQgHqM1WooAshVHQAUkn+qb6Gq9Nf7jfSgD\/\/Z",
                "permalink": "https:\/\/prospela.slack.com\/files\/U6D2VCN07\/F011MFRNSRY\/screenshot_2020-04-11_at_12.03.06.png",
                "permalink_public": "https:\/\/slack-files.com\/T4UUTPV18-F011MFRNSRY-e60d9c705c",
                "is_starred": false,
                "has_rich_preview": false
            }
        ],
        "upload": true,
        "user": "U6D2VCN07",
        "display_as_bot": false,
        "ts": "1586603056.001100"
    }
]