[
    {
        "type": "message",
        "subtype": "bot_message",
        "text": "Ahh awesome! Thats great to hear they have been running dailies. They didnt do that at my uni and I think its a really valuable experience to get used to having your work in front of others to get suggestions. I remember i was bricking it when I first went into dailies so having that confidence bc you will have done it before is great!\n\nHave you got some WIP stuff you can share for your FMP? Or are you having any technical issues that you aren’t sure how to solve?",
        "ts": "1586420805.000600",
        "username": "Ben (Prospela Mentors (beta))",
        "icons": {
            "image_48": "https:\/\/s3-us-west-2.amazonaws.com\/slack-files2\/bot_icons\/2020-04-09\/1054227706597_48.png"
        },
        "bot_id": "B6CS60LDU"
    },
    {
        "type": "message",
        "subtype": "bot_message",
        "text": "Yeah I love dailies its such a good time to get feedback from everyone not just particular people that I show my project to, its also good for getting more ideas on how to do things.",
        "ts": "1586424871.000700",
        "username": "Katherine Bristow (Prospela Students (beta))",
        "icons": {
            "image_48": "https:\/\/s3-us-west-2.amazonaws.com\/slack-files2\/bot_icons\/2020-04-09\/1050394998274_48.png"
        },
        "bot_id": "B6CS60LDU"
    },
    {
        "type": "message",
        "text": "",
        "files": [
            {
                "id": "F011C3WM44X",
                "created": 1586425168,
                "timestamp": 1586425168,
                "name": "FP_Shot2_v003.mov",
                "title": "FP Shot2 v003",
                "mimetype": "video\/quicktime",
                "filetype": "mov",
                "pretty_type": "QuickTime Movie",
                "user": "U6D2VCN07",
                "editable": false,
                "size": 160954610,
                "mode": "hosted",
                "is_external": false,
                "external_type": "",
                "is_public": true,
                "public_url_shared": false,
                "display_as_bot": false,
                "username": "",
                "url_private": "https:\/\/files.slack.com\/files-pri\/T4UUTPV18-F011C3WM44X\/fp_shot2_v003.mov?t=xoxe-164979811042-1081742544354-1080362743317-fee6284c0ee20406565ca4cadf37d845",
                "url_private_download": "https:\/\/files.slack.com\/files-pri\/T4UUTPV18-F011C3WM44X\/download\/fp_shot2_v003.mov?t=xoxe-164979811042-1081742544354-1080362743317-fee6284c0ee20406565ca4cadf37d845",
                "thumb_video": "https:\/\/files.slack.com\/files-tmb\/T4UUTPV18-F011C3WM44X-4f0420f7ac\/fp_shot2_v003_thumb_video.jpeg?t=xoxe-164979811042-1081742544354-1080362743317-fee6284c0ee20406565ca4cadf37d845",
                "permalink": "https:\/\/prospela.slack.com\/files\/U6D2VCN07\/F011C3WM44X\/fp_shot2_v003.mov",
                "permalink_public": "https:\/\/slack-files.com\/T4UUTPV18-F011C3WM44X-04ce790d0e",
                "is_starred": false,
                "has_rich_preview": false
            }
        ],
        "upload": true,
        "user": "U6D2VCN07",
        "display_as_bot": false,
        "ts": "1586425174.000800"
    }
]