[
    {
        "type": "message",
        "subtype": "bot_message",
        "text": "Hey hey!\n\nOne of the other mentors on here has put together some videos on some Roto &amp; Prep and comp stuff which he has here. I have had a brief look and it all seems pretty good! <https:\/\/www.chrisfryer.co.uk\/training>\n\nGive me a shout if you want me to talk through any techniques you have seen but might not fully understand!",
        "ts": "1587060778.001400",
        "username": "Ben (Prospela Mentors (beta))",
        "icons": {
            "image_48": "https:\/\/s3-us-west-2.amazonaws.com\/slack-files2\/bot_icons\/2020-04-16\/1060922275510_48.png"
        },
        "bot_id": "B6CS60LDU"
    },
    {
        "type": "message",
        "subtype": "bot_message",
        "text": "Oh wow thanks! ",
        "ts": "1587061276.001500",
        "username": "Katherine Bristow (Prospela Students (beta))",
        "icons": {
            "image_48": "https:\/\/s3-us-west-2.amazonaws.com\/slack-files2\/bot_icons\/2020-04-16\/1066296876309_48.png"
        },
        "bot_id": "B6CS60LDU"
    }
]