[
    {
        "type": "message",
        "subtype": "bot_message",
        "text": "Nice that all sounds good! How did you shoot go? Did you get everything you need? It sounds like it will be a cool project! When do you have to get it done by?",
        "ts": "1583253830.002200",
        "username": "Ben (Prospela Mentors (beta))",
        "icons": {
            "image_48": "https:\/\/s3-us-west-2.amazonaws.com\/slack-files2\/bot_icons\/2020-03-03\/979758084965_48.png"
        },
        "bot_id": "B6CS60LDU"
    },
    {
        "type": "message",
        "subtype": "bot_message",
        "text": "It went okay, the weather was all over the place though! But yeah luckily I managed to get the shots I needed, the final project is due on 15th May. But I also have a deadline for a showreel and online presence next Friday! ",
        "ts": "1583254097.002300",
        "username": "Katherine Bristow (Prospela Students (beta))",
        "icons": {
            "image_48": "https:\/\/s3-us-west-2.amazonaws.com\/slack-files2\/bot_icons\/2020-03-03\/981959409606_48.png"
        },
        "bot_id": "B6CS60LDU"
    },
    {
        "type": "message",
        "subtype": "bot_message",
        "text": "Nice! Have you got a rough cut or something? I’d love to see where your heading with it!\n\nNice that a solid amount of time to get some nice shots done! How many shots have you got roughly do you think?\n\nAnd ahh shit! That’s soon! If you want me to take a look at anything just send it over! ",
        "ts": "1583254199.002400",
        "username": "Ben (Prospela Mentors (beta))",
        "icons": {
            "image_48": "https:\/\/s3-us-west-2.amazonaws.com\/slack-files2\/bot_icons\/2020-03-03\/979299851972_48.png"
        },
        "bot_id": "B6CS60LDU"
    }
]