[
    {
        "type": "message",
        "subtype": "bot_message",
        "text": "Hey Katherine, how is your FMP coming along?",
        "ts": "1587491943.001600",
        "username": "Ben (Prospela Mentors (beta))",
        "icons": {
            "image_48": "https:\/\/s3-us-west-2.amazonaws.com\/slack-files2\/bot_icons\/2020-04-21\/1075522168757_48.png"
        },
        "bot_id": "B6CS60LDU"
    },
    {
        "type": "message",
        "subtype": "bot_message",
        "text": "Hi Ben! My FMP is going well, I have 2\/3 shots done to a good point but I’m working in the last shot which I am struggling to get a good track on. My results in Nuke aren’t working very well but I’m moving on and trying Mocha Pro to track it I just need to try and find more parts to track to get the solve to work on Mocha I think ",
        "ts": "1587492602.001700",
        "username": "Katherine Bristow (Prospela Students (beta))",
        "icons": {
            "image_48": "https:\/\/s3-us-west-2.amazonaws.com\/slack-files2\/bot_icons\/2020-04-21\/1070199692214_48.png"
        },
        "bot_id": "B6CS60LDU"
    },
    {
        "type": "message",
        "subtype": "bot_message",
        "text": "Ahh nice! Congratulations! I would love to see them if you are happy to send them!",
        "ts": "1587494829.001800",
        "username": "Ben (Prospela Mentors (beta))",
        "icons": {
            "image_48": "https:\/\/s3-us-west-2.amazonaws.com\/slack-files2\/bot_icons\/2020-04-21\/1083192113748_48.png"
        },
        "bot_id": "B6CS60LDU"
    },
    {
        "type": "message",
        "subtype": "bot_message",
        "text": "Ahh tracking can be a bit of a dark art I have found. Mocha is really great for certain types of movement it all depends on the camera movement really. Its a really good tool to know though as it has saved my arse so many times when nothing else would work. I have also been having a lot of success with the new Smart Vectors in the latest versions of Nuke. Do you have access to them?\n\nI also have found that sometimes manual tracking is the only way to get a rock solid track. Its always a last resort for me though as it takes so long to get it looking right. Have you got the shot and I can take a look and see if I have any tips?",
        "ts": "1587495044.001900",
        "username": "Ben (Prospela Mentors (beta))",
        "icons": {
            "image_48": "https:\/\/s3-us-west-2.amazonaws.com\/slack-files2\/bot_icons\/2020-04-21\/1083200497092_48.png"
        },
        "bot_id": "B6CS60LDU"
    },
    {
        "type": "message",
        "text": "",
        "files": [
            {
                "id": "F012YTNK4N4",
                "created": 1587496673,
                "timestamp": 1587496673,
                "name": "shot1_v001.mov",
                "title": "shot1 v001",
                "mimetype": "video\/quicktime",
                "filetype": "mov",
                "pretty_type": "QuickTime Movie",
                "user": "U6D2VCN07",
                "editable": false,
                "size": 229393010,
                "mode": "hosted",
                "is_external": false,
                "external_type": "",
                "is_public": true,
                "public_url_shared": false,
                "display_as_bot": false,
                "username": "",
                "url_private": "https:\/\/files.slack.com\/files-pri\/T4UUTPV18-F012YTNK4N4\/shot1_v001.mov?t=xoxe-164979811042-1081742544354-1080362743317-fee6284c0ee20406565ca4cadf37d845",
                "url_private_download": "https:\/\/files.slack.com\/files-pri\/T4UUTPV18-F012YTNK4N4\/download\/shot1_v001.mov?t=xoxe-164979811042-1081742544354-1080362743317-fee6284c0ee20406565ca4cadf37d845",
                "thumb_video": "https:\/\/files.slack.com\/files-tmb\/T4UUTPV18-F012YTNK4N4-8e16dc3461\/shot1_v001_thumb_video.jpeg?t=xoxe-164979811042-1081742544354-1080362743317-fee6284c0ee20406565ca4cadf37d845",
                "permalink": "https:\/\/prospela.slack.com\/files\/U6D2VCN07\/F012YTNK4N4\/shot1_v001.mov",
                "permalink_public": "https:\/\/slack-files.com\/T4UUTPV18-F012YTNK4N4-ab0995843f",
                "is_starred": false,
                "has_rich_preview": false
            }
        ],
        "upload": true,
        "user": "U6D2VCN07",
        "display_as_bot": false,
        "ts": "1587496684.002000"
    },
    {
        "type": "message",
        "text": "",
        "files": [
            {
                "id": "F012MMCH43B",
                "created": 1587496713,
                "timestamp": 1587496713,
                "name": "Shot3_v004.mov",
                "title": "Shot3 v004",
                "mimetype": "video\/quicktime",
                "filetype": "mov",
                "pretty_type": "QuickTime Movie",
                "user": "U6D2VCN07",
                "editable": false,
                "size": 92847730,
                "mode": "hosted",
                "is_external": false,
                "external_type": "",
                "is_public": true,
                "public_url_shared": false,
                "display_as_bot": false,
                "username": "",
                "url_private": "https:\/\/files.slack.com\/files-pri\/T4UUTPV18-F012MMCH43B\/shot3_v004.mov?t=xoxe-164979811042-1081742544354-1080362743317-fee6284c0ee20406565ca4cadf37d845",
                "url_private_download": "https:\/\/files.slack.com\/files-pri\/T4UUTPV18-F012MMCH43B\/download\/shot3_v004.mov?t=xoxe-164979811042-1081742544354-1080362743317-fee6284c0ee20406565ca4cadf37d845",
                "thumb_video": "https:\/\/files.slack.com\/files-tmb\/T4UUTPV18-F012MMCH43B-c4b5f6f4e3\/shot3_v004_thumb_video.jpeg?t=xoxe-164979811042-1081742544354-1080362743317-fee6284c0ee20406565ca4cadf37d845",
                "permalink": "https:\/\/prospela.slack.com\/files\/U6D2VCN07\/F012MMCH43B\/shot3_v004.mov",
                "permalink_public": "https:\/\/slack-files.com\/T4UUTPV18-F012MMCH43B-c505f4fc6e",
                "is_starred": false,
                "has_rich_preview": false
            }
        ],
        "upload": true,
        "user": "U6D2VCN07",
        "display_as_bot": false,
        "ts": "1587496718.002300"
    },
    {
        "type": "message",
        "text": "",
        "files": [
            {
                "id": "F012F7XBR9A",
                "created": 1587496723,
                "timestamp": 1587496723,
                "name": "Shot2_v004.mov",
                "title": "Shot2 v004",
                "mimetype": "video\/quicktime",
                "filetype": "mov",
                "pretty_type": "QuickTime Movie",
                "user": "U6D2VCN07",
                "editable": false,
                "size": 193569250,
                "mode": "hosted",
                "is_external": false,
                "external_type": "",
                "is_public": true,
                "public_url_shared": false,
                "display_as_bot": false,
                "username": "",
                "url_private": "https:\/\/files.slack.com\/files-pri\/T4UUTPV18-F012F7XBR9A\/shot2_v004.mov?t=xoxe-164979811042-1081742544354-1080362743317-fee6284c0ee20406565ca4cadf37d845",
                "url_private_download": "https:\/\/files.slack.com\/files-pri\/T4UUTPV18-F012F7XBR9A\/download\/shot2_v004.mov?t=xoxe-164979811042-1081742544354-1080362743317-fee6284c0ee20406565ca4cadf37d845",
                "thumb_video": "https:\/\/files.slack.com\/files-tmb\/T4UUTPV18-F012F7XBR9A-1dcbba8dde\/shot2_v004_thumb_video.jpeg?t=xoxe-164979811042-1081742544354-1080362743317-fee6284c0ee20406565ca4cadf37d845",
                "permalink": "https:\/\/prospela.slack.com\/files\/U6D2VCN07\/F012F7XBR9A\/shot2_v004.mov",
                "permalink_public": "https:\/\/slack-files.com\/T4UUTPV18-F012F7XBR9A-0ddbdb4cec",
                "is_starred": false,
                "has_rich_preview": false
            }
        ],
        "upload": true,
        "user": "U6D2VCN07",
        "display_as_bot": false,
        "ts": "1587496733.002600"
    }
]