[
    {
        "type": "message",
        "subtype": "group_join",
        "ts": "1498069624.894276",
        "user": "U4VR52RQE",
        "text": "<@U4VR52RQE> has joined the group"
    },
    {
        "type": "message",
        "subtype": "group_join",
        "ts": "1498069624.894537",
        "user": "U5X3WPT29",
        "text": "<@U5X3WPT29> has joined the group",
        "inviter": "U4VR52RQE"
    },
    {
        "type": "message",
        "subtype": "group_leave",
        "ts": "1498069642.901486",
        "user": "U5X3WPT29",
        "text": "<@U5X3WPT29> has left the group"
    },
    {
        "type": "message",
        "subtype": "group_archive",
        "ts": "1498069692.921226",
        "user": "U4VR52RQE",
        "text": "<@U4VR52RQE> archived the private channel"
    }
]