[
    {
        "type": "message",
        "subtype": "bot_message",
        "text": "Glad it was helpful! Yeah sounds good, let me know if you want me to take a look. When it's ready, if you like I can ask someone in our tracking\/matchmove department to give their thoughts?",
        "ts": "1580906059.000500",
        "username": "Jamie Harris (Prospela Mentors (beta))",
        "icons": {
            "image_48": "https:\/\/s3-us-west-2.amazonaws.com\/slack-files2\/bot_icons\/2020-02-05\/937316941828_48.png"
        },
        "bot_id": "B6CS60LDU"
    },
    {
        "type": "message",
        "subtype": "bot_message",
        "text": "That’d be great, thanks! \nI mentioned you when I was talking to my matchmoving teacher, and apparently he used to work at Milk a few years ago, but I think it might’ve been before you started. \n\nI think some of the footage he gave me to practice tracking was actually from when he worked at Milk too, so they might even recognise the tracked scenes!",
        "ts": "1580928187.000600",
        "username": "Max Brown (Prospela Students (beta))",
        "icons": {
            "image_48": "https:\/\/s3-us-west-2.amazonaws.com\/slack-files2\/bot_icons\/2020-02-05\/938525442341_48.png"
        },
        "bot_id": "B6CS60LDU"
    }
]