[
    {
        "type": "message",
        "subtype": "bot_message",
        "text": "Wow thanks! My teacher used to be a matchmover at The Mill and he’s given us a ton of footage to track, so I’ve gotten a lot of practice already. I’m definitely gonna try and get a work placement tracking if I can’t get one for Houdini. \n\nI need to render out a ton of my stuff and make my first showreel soon, so I have it all completed before the internship application deadlines",
        "ts": "1580834320.000400",
        "username": "Max Brown (Prospela Students (beta))",
        "icons": {
            "image_48": "https:\/\/s3-us-west-2.amazonaws.com\/slack-files2\/bot_icons\/2020-02-04\/938456156678_48.png"
        },
        "bot_id": "B6CS60LDU"
    }
]