[
    {
        "type": "message",
        "subtype": "bot_message",
        "text": "It's OK, only took me 10 mins or so of wracking my brain. Haha.\n\nHere they are, in order of size\/notoriety and also how quickly I remembered them. The ones in italics I have either worked at or have friends at so would recommend, not to say anything bad about the others, only I don't know what they are like to work for.\n\n*VFX*\n_Framestore_\n_Double Negative\/DNEG_\nMoving Picture Company\/MPC (closing down)\nIndustrial Light &amp; Magic\/ILM\n_Technicolor_\n_The Mill_\nMolinare\nCineSite\n_Milk_ \nNvizible\nPrime Focus World\n_One of Us_\nBlueBolt\n_Nexus Studios_\nPeerless \nUnion VFX\nMethod Studios\nGlassworks\nLipSync Post\nSmoke &amp; Mirrors\nIvor VFX\nAutomatick \n_Electric Theatre Collective_\n_Third Floor_ (previs)\nFreefolk\nHappy Finish\nINK\n\n*Animation*\nLocksmith Animation\n_Mikros Image_\n_Jellyfish Pictures_\n_Blue Zoo_\n_Passion Pictures_\n_Tiger Aspect_\n_Axis Animation_\nStudio AKA\nMagic Light\nHello Charlie",
        "ts": "1579011770.000600",
        "username": "Jamie Harris (Prospela Mentors (beta))",
        "icons": {
            "image_48": "https:\/\/s3-us-west-2.amazonaws.com\/slack-files2\/bot_icons\/2020-01-14\/905241751652_48.png"
        },
        "bot_id": "B6CS60LDU"
    },
    {
        "type": "message",
        "subtype": "bot_message",
        "text": "Thanks! Theres a few of those that I'll definitely be sending applications to. I didn't realise that MPC were closing down. Seems like everything is going badly for them right now.",
        "ts": "1579035720.000700",
        "username": "Max Brown (Prospela Students (beta))",
        "icons": {
            "image_48": "https:\/\/s3-us-west-2.amazonaws.com\/slack-files2\/bot_icons\/2020-01-14\/908634745446_48.png"
        },
        "bot_id": "B6CS60LDU"
    },
    {
        "type": "message",
        "subtype": "bot_message",
        "text": "I've been really into The Mill for awhile now. I've always liked the idea of going into advertising, but I'd imagine they're super competitive, since they're so huge.\n\nI've kinda liked the look of animation too, especially Blue Zoo and Axis Animation, but I've never actually done character animation, and I don't think I'd be very good at it.\n\nDo you know if there is much of a demand for Houdini stuff in animation? That's probably one of the areas I'm most interested in right now, along with Matchmoving.",
        "ts": "1579036192.000800",
        "username": "Max Brown (Prospela Students (beta))",
        "icons": {
            "image_48": "https:\/\/s3-us-west-2.amazonaws.com\/slack-files2\/bot_icons\/2020-01-14\/896232434785_48.png"
        },
        "bot_id": "B6CS60LDU"
    }
]