[
    {
        "type": "message",
        "subtype": "bot_message",
        "text": "<mailto:lgregory1999@hotmail.com|lgregory1999@hotmail.com> ^^",
        "ts": "1583233542.003400",
        "username": "Lucy Harris (Prospela Students (beta))",
        "icons": {
            "image_48": "https:\/\/s3-us-west-2.amazonaws.com\/slack-files2\/bot_icons\/2020-03-03\/966335713602_48.png"
        },
        "bot_id": "B6CS60LDU"
    },
    {
        "type": "message",
        "subtype": "bot_message",
        "text": "Ah thank you for answering them !! Crikey, I'm trying to follow a similar pipeline which I a relief to hear !",
        "ts": "1583234116.003500",
        "username": "Lucy Harris (Prospela Students (beta))",
        "icons": {
            "image_48": "https:\/\/s3-us-west-2.amazonaws.com\/slack-files2\/bot_icons\/2020-03-03\/980999069591_48.png"
        },
        "bot_id": "B6CS60LDU"
    },
    {
        "type": "message",
        "subtype": "bot_message",
        "text": "Set up! I'll also invite you to my syncsketch space, which is where I put the feedback when it's done",
        "ts": "1583246461.003600",
        "username": "Kat Seale (Prospela Mentors (beta))",
        "icons": {
            "image_48": "https:\/\/s3-us-west-2.amazonaws.com\/slack-files2\/bot_icons\/2020-03-03\/981312450343_48.png"
        },
        "bot_id": "B6CS60LDU"
    },
    {
        "type": "message",
        "subtype": "bot_message",
        "text": "So how're you finding Escape Studios?",
        "ts": "1583246469.003700",
        "username": "Kat Seale (Prospela Mentors (beta))",
        "icons": {
            "image_48": "https:\/\/s3-us-west-2.amazonaws.com\/slack-files2\/bot_icons\/2020-03-03\/979449541600_48.png"
        },
        "bot_id": "B6CS60LDU"
    }
]