[
    {
        "type": "message",
        "subtype": "bot_message",
        "text": "Deepest apologies for the lack of comunication &gt;&lt;",
        "ts": "1586519310.000100",
        "username": "Lucy Harris (Prospela Students (beta))",
        "icons": {
            "image_48": "https:\/\/s3-us-west-2.amazonaws.com\/slack-files2\/bot_icons\/2020-04-10\/1052596057142_48.png"
        },
        "bot_id": "B6CS60LDU"
    },
    {
        "type": "message",
        "subtype": "bot_message",
        "text": "I have been doing alright ! Working my butt off at home but I was afraid to message without any major updates as I felt like I'd be wasting your time &gt;&lt;;",
        "ts": "1586519351.000200",
        "username": "Lucy Harris (Prospela Students (beta))",
        "icons": {
            "image_48": "https:\/\/s3-us-west-2.amazonaws.com\/slack-files2\/bot_icons\/2020-04-10\/1046445804823_48.png"
        },
        "bot_id": "B6CS60LDU"
    },
    {
        "type": "message",
        "subtype": "bot_message",
        "text": "I hope you are well despite the post-apocalyptic situation we are all in right now !",
        "ts": "1586519371.000300",
        "username": "Lucy Harris (Prospela Students (beta))",
        "icons": {
            "image_48": "https:\/\/s3-us-west-2.amazonaws.com\/slack-files2\/bot_icons\/2020-04-10\/1046445842487_48.png"
        },
        "bot_id": "B6CS60LDU"
    }
]