[
    {
        "type": "message",
        "text": "Hi both, please watch this short intro video! Your Career Plan is also pinned to this conversation for easy access. Best of luck!",
        "files": [
            {
                "id": "F63E7ARV4",
                "created": 1498905079,
                "timestamp": 1498905079,
                "name": "Movie on 21-06-2017 at 18.35.mov",
                "title": "Introduction - Oubeid &amp; Chris",
                "mimetype": "video\/quicktime",
                "filetype": "mov",
                "pretty_type": "QuickTime Movie",
                "user": "U4VR52RQE",
                "editable": false,
                "size": 27671516,
                "mode": "hosted",
                "is_external": false,
                "external_type": "",
                "is_public": false,
                "public_url_shared": false,
                "display_as_bot": false,
                "username": "",
                "url_private": "https:\/\/files.slack.com\/files-pri\/T4UUTPV18-F63E7ARV4\/movie_on_21-06-2017_at_18.35.mov?t=xoxe-164979811042-1081742544354-1080362743317-fee6284c0ee20406565ca4cadf37d845",
                "url_private_download": "https:\/\/files.slack.com\/files-pri\/T4UUTPV18-F63E7ARV4\/download\/movie_on_21-06-2017_at_18.35.mov?t=xoxe-164979811042-1081742544354-1080362743317-fee6284c0ee20406565ca4cadf37d845",
                "permalink": "https:\/\/prospela.slack.com\/files\/U4VR52RQE\/F63E7ARV4\/movie_on_21-06-2017_at_18.35.mov",
                "permalink_public": "https:\/\/slack-files.com\/T4UUTPV18-F63E7ARV4-a75f45aedd",
                "is_starred": false,
                "has_rich_preview": false
            }
        ],
        "upload": true,
        "user": "U4VR52RQE",
        "display_as_bot": false,
        "ts": "1498905081.371615"
    },
    {
        "type": "message",
        "text": "",
        "files": [
            {
                "id": "F61FF1E9L",
                "created": 1498635489,
                "timestamp": 1498635489,
                "name": "Prospela - Career Plan: Oubeid",
                "title": "Prospela - Career Plan: Oubeid.pptm",
                "mimetype": "application\/vnd.google-apps.presentation",
                "filetype": "gpres",
                "pretty_type": "GSuite Presentation",
                "user": "U4VR52RQE",
                "editable": false,
                "size": 10125,
                "mode": "external",
                "is_external": true,
                "external_type": "gdrive",
                "is_public": false,
                "public_url_shared": false,
                "display_as_bot": false,
                "username": "",
                "url_private": "https:\/\/docs.google.com\/presentation\/d\/1TjF92xvl9bEqtvneEkirLew5rJyXlWVqPnjHWELt-6A\/edit?usp=drive_web",
                "thumb_64": "https:\/\/files.slack.com\/files-tmb\/T4UUTPV18-F61FF1E9L-5cc3546b80\/prospela_-_career_plan__oubeid_64.png?t=xoxe-164979811042-1081742544354-1080362743317-fee6284c0ee20406565ca4cadf37d845",
                "thumb_80": "https:\/\/files.slack.com\/files-tmb\/T4UUTPV18-F61FF1E9L-5cc3546b80\/prospela_-_career_plan__oubeid_80.png?t=xoxe-164979811042-1081742544354-1080362743317-fee6284c0ee20406565ca4cadf37d845",
                "thumb_360": "https:\/\/files.slack.com\/files-tmb\/T4UUTPV18-F61FF1E9L-5cc3546b80\/prospela_-_career_plan__oubeid_360.png?t=xoxe-164979811042-1081742544354-1080362743317-fee6284c0ee20406565ca4cadf37d845",
                "thumb_360_w": 360,
                "thumb_360_h": 203,
                "thumb_480": "https:\/\/files.slack.com\/files-tmb\/T4UUTPV18-F61FF1E9L-5cc3546b80\/prospela_-_career_plan__oubeid_480.png?t=xoxe-164979811042-1081742544354-1080362743317-fee6284c0ee20406565ca4cadf37d845",
                "thumb_480_w": 480,
                "thumb_480_h": 270,
                "thumb_160": "https:\/\/files.slack.com\/files-tmb\/T4UUTPV18-F61FF1E9L-5cc3546b80\/prospela_-_career_plan__oubeid_160.png?t=xoxe-164979811042-1081742544354-1080362743317-fee6284c0ee20406565ca4cadf37d845",
                "thumb_720": "https:\/\/files.slack.com\/files-tmb\/T4UUTPV18-F61FF1E9L-5cc3546b80\/prospela_-_career_plan__oubeid_720.png?t=xoxe-164979811042-1081742544354-1080362743317-fee6284c0ee20406565ca4cadf37d845",
                "thumb_720_w": 720,
                "thumb_720_h": 405,
                "thumb_800": "https:\/\/files.slack.com\/files-tmb\/T4UUTPV18-F61FF1E9L-5cc3546b80\/prospela_-_career_plan__oubeid_800.png?t=xoxe-164979811042-1081742544354-1080362743317-fee6284c0ee20406565ca4cadf37d845",
                "thumb_800_w": 800,
                "thumb_800_h": 450,
                "image_exif_rotation": 1,
                "original_w": 800,
                "original_h": 450,
                "permalink": "https:\/\/prospela.slack.com\/files\/U4VR52RQE\/F61FF1E9L\/prospela_-_career_plan__oubeid",
                "is_starred": false,
                "external_id": "1TjF92xvl9bEqtvneEkirLew5rJyXlWVqPnjHWELt-6A",
                "external_url": "https:\/\/docs.google.com\/presentation\/d\/1TjF92xvl9bEqtvneEkirLew5rJyXlWVqPnjHWELt-6A\/edit?usp=drive_web",
                "has_rich_preview": true
            }
        ],
        "upload": false,
        "user": "U4VR52RQE",
        "display_as_bot": false,
        "ts": "1498905096.372568",
        "edited": {
            "user": "U4VR52RQE",
            "ts": "1499155625.000000"
        }
    },
    {
        "type": "message",
        "subtype": "pinned_item",
        "text": "<@U4VR52RQE> pinned their GSuite Presentation <https:\/\/prospela.slack.com\/files\/U4VR52RQE\/F61FF1E9L\/prospela_-_career_plan__oubeid|Prospela - Career Plan: Oubeid.pptm> to this channel.",
        "user": "U4VR52RQE",
        "item_type": "F",
        "item": {
            "id": "F61FF1E9L",
            "created": 1498635489,
            "timestamp": 1498635489,
            "name": "Prospela - Career Plan: Oubeid",
            "title": "Prospela - Career Plan: Oubeid.pptm",
            "mimetype": "application\/vnd.google-apps.presentation",
            "filetype": "gpres",
            "pretty_type": "GSuite Presentation",
            "user": "U4VR52RQE",
            "editable": false,
            "size": 10125,
            "mode": "external",
            "is_external": true,
            "external_type": "gdrive",
            "is_public": false,
            "public_url_shared": false,
            "display_as_bot": false,
            "username": "",
            "url_private": "https:\/\/docs.google.com\/presentation\/d\/1TjF92xvl9bEqtvneEkirLew5rJyXlWVqPnjHWELt-6A\/edit?usp=drive_web",
            "thumb_64": "https:\/\/files.slack.com\/files-tmb\/T4UUTPV18-F61FF1E9L-5cc3546b80\/prospela_-_career_plan__oubeid_64.png?t=xoxe-164979811042-1081742544354-1080362743317-fee6284c0ee20406565ca4cadf37d845",
            "thumb_80": "https:\/\/files.slack.com\/files-tmb\/T4UUTPV18-F61FF1E9L-5cc3546b80\/prospela_-_career_plan__oubeid_80.png?t=xoxe-164979811042-1081742544354-1080362743317-fee6284c0ee20406565ca4cadf37d845",
            "thumb_360": "https:\/\/files.slack.com\/files-tmb\/T4UUTPV18-F61FF1E9L-5cc3546b80\/prospela_-_career_plan__oubeid_360.png?t=xoxe-164979811042-1081742544354-1080362743317-fee6284c0ee20406565ca4cadf37d845",
            "thumb_360_w": 360,
            "thumb_360_h": 203,
            "thumb_480": "https:\/\/files.slack.com\/files-tmb\/T4UUTPV18-F61FF1E9L-5cc3546b80\/prospela_-_career_plan__oubeid_480.png?t=xoxe-164979811042-1081742544354-1080362743317-fee6284c0ee20406565ca4cadf37d845",
            "thumb_480_w": 480,
            "thumb_480_h": 270,
            "thumb_160": "https:\/\/files.slack.com\/files-tmb\/T4UUTPV18-F61FF1E9L-5cc3546b80\/prospela_-_career_plan__oubeid_160.png?t=xoxe-164979811042-1081742544354-1080362743317-fee6284c0ee20406565ca4cadf37d845",
            "thumb_720": "https:\/\/files.slack.com\/files-tmb\/T4UUTPV18-F61FF1E9L-5cc3546b80\/prospela_-_career_plan__oubeid_720.png?t=xoxe-164979811042-1081742544354-1080362743317-fee6284c0ee20406565ca4cadf37d845",
            "thumb_720_w": 720,
            "thumb_720_h": 405,
            "thumb_800": "https:\/\/files.slack.com\/files-tmb\/T4UUTPV18-F61FF1E9L-5cc3546b80\/prospela_-_career_plan__oubeid_800.png?t=xoxe-164979811042-1081742544354-1080362743317-fee6284c0ee20406565ca4cadf37d845",
            "thumb_800_w": 800,
            "thumb_800_h": 450,
            "image_exif_rotation": 1,
            "original_w": 800,
            "original_h": 450,
            "permalink": "https:\/\/prospela.slack.com\/files\/U4VR52RQE\/F61FF1E9L\/prospela_-_career_plan__oubeid",
            "is_starred": false,
            "external_id": "1TjF92xvl9bEqtvneEkirLew5rJyXlWVqPnjHWELt-6A",
            "external_url": "https:\/\/docs.google.com\/presentation\/d\/1TjF92xvl9bEqtvneEkirLew5rJyXlWVqPnjHWELt-6A\/edit?usp=drive_web",
            "has_rich_preview": true
        },
        "ts": "1498905102.372933"
    },
    {
        "type": "message",
        "text": "<@U5ZRZ6AU8>, we have matched you with Chris as your mentor. Please feel free to continue chatting within this group (Note: we are muted and won't be involved from here on out) but if you would prefer you should now be able to set up a Direct Message between just yourselves.",
        "user": "U4VR52RQE",
        "ts": "1498905120.374128",
        "team": "T4UUTPV18",
        "user_team": "T4UUTPV18",
        "source_team": "T4UUTPV18",
        "user_profile": {
            "avatar_hash": "d730c1e93535",
            "image_72": "https:\/\/avatars.slack-edge.com\/2017-06-20\/201542361287_d730c1e93535ae06c852_72.png",
            "first_name": "Dexter",
            "real_name": "Dexter",
            "display_name": "dexter-prospela",
            "team": "T4UUTPV18",
            "name": "dexter-prospela",
            "is_restricted": false,
            "is_ultra_restricted": false
        }
    },
    {
        "type": "message",
        "text": "Hello",
        "user": "U5ZRZ6AU8",
        "ts": "1498940243.262837",
        "team": "T4UUTPV18",
        "user_team": "T4UUTPV18",
        "source_team": "T4UUTPV18",
        "user_profile": {
            "avatar_hash": "g9af7e8bb2a8",
            "image_72": "https:\/\/secure.gravatar.com\/avatar\/c9af7e8bb2a88629cb539efe966226b2.jpg?s=72&d=https%3A%2F%2Fa.slack-edge.com%2Fdf10d%2Fimg%2Favatars%2Fava_0013-72.png",
            "first_name": "Oubeid",
            "real_name": "Oubeid Zitan",
            "display_name": "oubeidz",
            "team": "T4UUTPV18",
            "name": "oubeidz",
            "is_restricted": false,
            "is_ultra_restricted": false
        }
    }
]