[
    {
        "type": "message",
        "text": "I can't say I really like one or the other as I have never had a proper internship in those fields. However, if I had to choose one based on what they do I would lean more towards investment banking. Although when applying, I am going to attempt to secure a relevant experience in any of those fields. I haven´t built my career plan yet, and I would be please to fill it out with you",
        "user": "U5ZRZ6AU8",
        "ts": "1499155828.188541",
        "team": "T4UUTPV18",
        "user_team": "T4UUTPV18",
        "source_team": "T4UUTPV18",
        "user_profile": {
            "avatar_hash": "g9af7e8bb2a8",
            "image_72": "https:\/\/secure.gravatar.com\/avatar\/c9af7e8bb2a88629cb539efe966226b2.jpg?s=72&d=https%3A%2F%2Fa.slack-edge.com%2Fdf10d%2Fimg%2Favatars%2Fava_0013-72.png",
            "first_name": "Oubeid",
            "real_name": "Oubeid Zitan",
            "display_name": "oubeidz",
            "team": "T4UUTPV18",
            "name": "oubeidz",
            "is_restricted": false,
            "is_ultra_restricted": false
        }
    },
    {
        "type": "message",
        "text": "Awesome. Do you want to have a go at filling it out and then we can review it together \/ I can ask you some more questions?",
        "user": "U5W6M67LZ",
        "ts": "1499196788.665663",
        "team": "T4UUTPV18",
        "user_team": "T4UUTPV18",
        "source_team": "T4UUTPV18",
        "user_profile": {
            "avatar_hash": "0066291283d0",
            "image_72": "https:\/\/avatars.slack-edge.com\/2017-06-20\/200710056371_0066291283d0fb1e42af_72.png",
            "first_name": "Chris",
            "real_name": "Chris",
            "display_name": "chris",
            "team": "T4UUTPV18",
            "name": "chris",
            "is_restricted": false,
            "is_ultra_restricted": false
        }
    },
    {
        "type": "message",
        "text": "I will attempt filling it by the end of the week when I will have some free time. Yes sure, you can ask me anything",
        "user": "U5ZRZ6AU8",
        "ts": "1499218251.442813",
        "team": "T4UUTPV18",
        "user_team": "T4UUTPV18",
        "source_team": "T4UUTPV18",
        "user_profile": {
            "avatar_hash": "g9af7e8bb2a8",
            "image_72": "https:\/\/secure.gravatar.com\/avatar\/c9af7e8bb2a88629cb539efe966226b2.jpg?s=72&d=https%3A%2F%2Fa.slack-edge.com%2Fdf10d%2Fimg%2Favatars%2Fava_0013-72.png",
            "first_name": "Oubeid",
            "real_name": "Oubeid Zitan",
            "display_name": "oubeidz",
            "team": "T4UUTPV18",
            "name": "oubeidz",
            "is_restricted": false,
            "is_ultra_restricted": false
        }
    }
]