[
    {
        "type": "message",
        "text": "Good morning! Wanted to quickly check in with you - how’s the first page of your career plan looking? ",
        "user": "U5W6M67LZ",
        "ts": "1499410005.202082",
        "team": "T4UUTPV18",
        "user_team": "T4UUTPV18",
        "source_team": "T4UUTPV18",
        "user_profile": {
            "avatar_hash": "0066291283d0",
            "image_72": "https:\/\/avatars.slack-edge.com\/2017-06-20\/200710056371_0066291283d0fb1e42af_72.png",
            "first_name": "Chris",
            "real_name": "Chris",
            "display_name": "chris",
            "team": "T4UUTPV18",
            "name": "chris",
            "is_restricted": false,
            "is_ultra_restricted": false
        }
    }
]