[
    {
        "type": "message",
        "text": "",
        "files": [
            {
                "id": "F011NDVERU0",
                "created": 1586169933,
                "timestamp": 1586169933,
                "name": "climb.PNG",
                "title": "climb",
                "mimetype": "image\/png",
                "filetype": "png",
                "pretty_type": "PNG",
                "user": "U6D2VCN07",
                "editable": false,
                "size": 69103,
                "mode": "hosted",
                "is_external": false,
                "external_type": "",
                "is_public": true,
                "public_url_shared": false,
                "display_as_bot": false,
                "username": "",
                "url_private": "https:\/\/files.slack.com\/files-pri\/T4UUTPV18-F011NDVERU0\/climb.png?t=xoxe-164979811042-1081742544354-1080362743317-fee6284c0ee20406565ca4cadf37d845",
                "url_private_download": "https:\/\/files.slack.com\/files-pri\/T4UUTPV18-F011NDVERU0\/download\/climb.png?t=xoxe-164979811042-1081742544354-1080362743317-fee6284c0ee20406565ca4cadf37d845",
                "thumb_64": "https:\/\/files.slack.com\/files-tmb\/T4UUTPV18-F011NDVERU0-21b145cf99\/climb_64.png?t=xoxe-164979811042-1081742544354-1080362743317-fee6284c0ee20406565ca4cadf37d845",
                "thumb_80": "https:\/\/files.slack.com\/files-tmb\/T4UUTPV18-F011NDVERU0-21b145cf99\/climb_80.png?t=xoxe-164979811042-1081742544354-1080362743317-fee6284c0ee20406565ca4cadf37d845",
                "thumb_360": "https:\/\/files.slack.com\/files-tmb\/T4UUTPV18-F011NDVERU0-21b145cf99\/climb_360.png?t=xoxe-164979811042-1081742544354-1080362743317-fee6284c0ee20406565ca4cadf37d845",
                "thumb_360_w": 360,
                "thumb_360_h": 199,
                "thumb_480": "https:\/\/files.slack.com\/files-tmb\/T4UUTPV18-F011NDVERU0-21b145cf99\/climb_480.png?t=xoxe-164979811042-1081742544354-1080362743317-fee6284c0ee20406565ca4cadf37d845",
                "thumb_480_w": 480,
                "thumb_480_h": 265,
                "thumb_160": "https:\/\/files.slack.com\/files-tmb\/T4UUTPV18-F011NDVERU0-21b145cf99\/climb_160.png?t=xoxe-164979811042-1081742544354-1080362743317-fee6284c0ee20406565ca4cadf37d845",
                "thumb_720": "https:\/\/files.slack.com\/files-tmb\/T4UUTPV18-F011NDVERU0-21b145cf99\/climb_720.png?t=xoxe-164979811042-1081742544354-1080362743317-fee6284c0ee20406565ca4cadf37d845",
                "thumb_720_w": 720,
                "thumb_720_h": 397,
                "thumb_800": "https:\/\/files.slack.com\/files-tmb\/T4UUTPV18-F011NDVERU0-21b145cf99\/climb_800.png?t=xoxe-164979811042-1081742544354-1080362743317-fee6284c0ee20406565ca4cadf37d845",
                "thumb_800_w": 800,
                "thumb_800_h": 441,
                "thumb_960": "https:\/\/files.slack.com\/files-tmb\/T4UUTPV18-F011NDVERU0-21b145cf99\/climb_960.png?t=xoxe-164979811042-1081742544354-1080362743317-fee6284c0ee20406565ca4cadf37d845",
                "thumb_960_w": 960,
                "thumb_960_h": 530,
                "thumb_1024": "https:\/\/files.slack.com\/files-tmb\/T4UUTPV18-F011NDVERU0-21b145cf99\/climb_1024.png?t=xoxe-164979811042-1081742544354-1080362743317-fee6284c0ee20406565ca4cadf37d845",
                "thumb_1024_w": 1024,
                "thumb_1024_h": 565,
                "image_exif_rotation": 1,
                "original_w": 1249,
                "original_h": 689,
                "permalink": "https:\/\/prospela.slack.com\/files\/U6D2VCN07\/F011NDVERU0\/climb.png",
                "permalink_public": "https:\/\/slack-files.com\/T4UUTPV18-F011NDVERU0-d14b29c328",
                "is_starred": false,
                "has_rich_preview": false
            }
        ],
        "upload": true,
        "user": "U6D2VCN07",
        "display_as_bot": false,
        "ts": "1586169937.002900"
    },
    {
        "type": "message",
        "text": "",
        "files": [
            {
                "id": "F011C4PAKK3",
                "created": 1586170011,
                "timestamp": 1586170011,
                "name": "jump.PNG",
                "title": "jump",
                "mimetype": "image\/png",
                "filetype": "png",
                "pretty_type": "PNG",
                "user": "U6D2VCN07",
                "editable": false,
                "size": 77769,
                "mode": "hosted",
                "is_external": false,
                "external_type": "",
                "is_public": true,
                "public_url_shared": false,
                "display_as_bot": false,
                "username": "",
                "url_private": "https:\/\/files.slack.com\/files-pri\/T4UUTPV18-F011C4PAKK3\/jump.png?t=xoxe-164979811042-1081742544354-1080362743317-fee6284c0ee20406565ca4cadf37d845",
                "url_private_download": "https:\/\/files.slack.com\/files-pri\/T4UUTPV18-F011C4PAKK3\/download\/jump.png?t=xoxe-164979811042-1081742544354-1080362743317-fee6284c0ee20406565ca4cadf37d845",
                "thumb_64": "https:\/\/files.slack.com\/files-tmb\/T4UUTPV18-F011C4PAKK3-b2981be33f\/jump_64.png?t=xoxe-164979811042-1081742544354-1080362743317-fee6284c0ee20406565ca4cadf37d845",
                "thumb_80": "https:\/\/files.slack.com\/files-tmb\/T4UUTPV18-F011C4PAKK3-b2981be33f\/jump_80.png?t=xoxe-164979811042-1081742544354-1080362743317-fee6284c0ee20406565ca4cadf37d845",
                "thumb_360": "https:\/\/files.slack.com\/files-tmb\/T4UUTPV18-F011C4PAKK3-b2981be33f\/jump_360.png?t=xoxe-164979811042-1081742544354-1080362743317-fee6284c0ee20406565ca4cadf37d845",
                "thumb_360_w": 360,
                "thumb_360_h": 200,
                "thumb_480": "https:\/\/files.slack.com\/files-tmb\/T4UUTPV18-F011C4PAKK3-b2981be33f\/jump_480.png?t=xoxe-164979811042-1081742544354-1080362743317-fee6284c0ee20406565ca4cadf37d845",
                "thumb_480_w": 480,
                "thumb_480_h": 267,
                "thumb_160": "https:\/\/files.slack.com\/files-tmb\/T4UUTPV18-F011C4PAKK3-b2981be33f\/jump_160.png?t=xoxe-164979811042-1081742544354-1080362743317-fee6284c0ee20406565ca4cadf37d845",
                "thumb_720": "https:\/\/files.slack.com\/files-tmb\/T4UUTPV18-F011C4PAKK3-b2981be33f\/jump_720.png?t=xoxe-164979811042-1081742544354-1080362743317-fee6284c0ee20406565ca4cadf37d845",
                "thumb_720_w": 720,
                "thumb_720_h": 400,
                "thumb_800": "https:\/\/files.slack.com\/files-tmb\/T4UUTPV18-F011C4PAKK3-b2981be33f\/jump_800.png?t=xoxe-164979811042-1081742544354-1080362743317-fee6284c0ee20406565ca4cadf37d845",
                "thumb_800_w": 800,
                "thumb_800_h": 444,
                "thumb_960": "https:\/\/files.slack.com\/files-tmb\/T4UUTPV18-F011C4PAKK3-b2981be33f\/jump_960.png?t=xoxe-164979811042-1081742544354-1080362743317-fee6284c0ee20406565ca4cadf37d845",
                "thumb_960_w": 960,
                "thumb_960_h": 533,
                "thumb_1024": "https:\/\/files.slack.com\/files-tmb\/T4UUTPV18-F011C4PAKK3-b2981be33f\/jump_1024.png?t=xoxe-164979811042-1081742544354-1080362743317-fee6284c0ee20406565ca4cadf37d845",
                "thumb_1024_w": 1024,
                "thumb_1024_h": 569,
                "image_exif_rotation": 1,
                "original_w": 1359,
                "original_h": 755,
                "thumb_tiny": "AwAaADCKiikoAWiikoAWiiigCUQhlB3EZpDAApO9uB7VMn3F+lDfcb6GgCmhJQE9SKfGnmFssRjHSmR\/6tfpU9v95\/woAPs4\/vt+lRuu1sZzVqoJv9YaAP\/Z",
                "permalink": "https:\/\/prospela.slack.com\/files\/U6D2VCN07\/F011C4PAKK3\/jump.png",
                "permalink_public": "https:\/\/slack-files.com\/T4UUTPV18-F011C4PAKK3-6f1d2e2bca",
                "is_starred": false,
                "has_rich_preview": false
            }
        ],
        "upload": true,
        "user": "U6D2VCN07",
        "display_as_bot": false,
        "ts": "1586170015.003200"
    },
    {
        "type": "message",
        "text": "",
        "files": [
            {
                "id": "F011EBB8SPP",
                "created": 1586170037,
                "timestamp": 1586170037,
                "name": "motion.png",
                "title": "motion",
                "mimetype": "image\/png",
                "filetype": "png",
                "pretty_type": "PNG",
                "user": "U6D2VCN07",
                "editable": false,
                "size": 31206,
                "mode": "hosted",
                "is_external": false,
                "external_type": "",
                "is_public": true,
                "public_url_shared": false,
                "display_as_bot": false,
                "username": "",
                "url_private": "https:\/\/files.slack.com\/files-pri\/T4UUTPV18-F011EBB8SPP\/motion.png?t=xoxe-164979811042-1081742544354-1080362743317-fee6284c0ee20406565ca4cadf37d845",
                "url_private_download": "https:\/\/files.slack.com\/files-pri\/T4UUTPV18-F011EBB8SPP\/download\/motion.png?t=xoxe-164979811042-1081742544354-1080362743317-fee6284c0ee20406565ca4cadf37d845",
                "thumb_64": "https:\/\/files.slack.com\/files-tmb\/T4UUTPV18-F011EBB8SPP-950b72be33\/motion_64.png?t=xoxe-164979811042-1081742544354-1080362743317-fee6284c0ee20406565ca4cadf37d845",
                "thumb_80": "https:\/\/files.slack.com\/files-tmb\/T4UUTPV18-F011EBB8SPP-950b72be33\/motion_80.png?t=xoxe-164979811042-1081742544354-1080362743317-fee6284c0ee20406565ca4cadf37d845",
                "thumb_360": "https:\/\/files.slack.com\/files-tmb\/T4UUTPV18-F011EBB8SPP-950b72be33\/motion_360.png?t=xoxe-164979811042-1081742544354-1080362743317-fee6284c0ee20406565ca4cadf37d845",
                "thumb_360_w": 360,
                "thumb_360_h": 136,
                "thumb_480": "https:\/\/files.slack.com\/files-tmb\/T4UUTPV18-F011EBB8SPP-950b72be33\/motion_480.png?t=xoxe-164979811042-1081742544354-1080362743317-fee6284c0ee20406565ca4cadf37d845",
                "thumb_480_w": 480,
                "thumb_480_h": 182,
                "thumb_160": "https:\/\/files.slack.com\/files-tmb\/T4UUTPV18-F011EBB8SPP-950b72be33\/motion_160.png?t=xoxe-164979811042-1081742544354-1080362743317-fee6284c0ee20406565ca4cadf37d845",
                "thumb_720": "https:\/\/files.slack.com\/files-tmb\/T4UUTPV18-F011EBB8SPP-950b72be33\/motion_720.png?t=xoxe-164979811042-1081742544354-1080362743317-fee6284c0ee20406565ca4cadf37d845",
                "thumb_720_w": 720,
                "thumb_720_h": 273,
                "image_exif_rotation": 1,
                "original_w": 726,
                "original_h": 275,
                "thumb_tiny": "AwASADBguJMffaj7RKP43qI4HTPSm7vrQBP9pm\/56NSrcTE4Mh\/GoUBdwuTzUjRlCOc5oAf50v8Az2NIbiYf8tWP0qM\/hSom84zjFAEff8KbTu\/4U2gCSD\/WirMgBxkVWg\/1oqy\/agBmB6CnRgAnApKcnU0Af\/\/Z",
                "permalink": "https:\/\/prospela.slack.com\/files\/U6D2VCN07\/F011EBB8SPP\/motion.png",
                "permalink_public": "https:\/\/slack-files.com\/T4UUTPV18-F011EBB8SPP-e5ae09cba2",
                "is_starred": false,
                "has_rich_preview": false
            }
        ],
        "upload": true,
        "user": "U6D2VCN07",
        "display_as_bot": false,
        "ts": "1586170042.003500"
    }
]