[
    {
        "type": "message",
        "subtype": "channel_join",
        "ts": "1585819445.000200",
        "user": "U4VR52RQE",
        "text": "<@U4VR52RQE> has joined the channel"
    },
    {
        "type": "message",
        "subtype": "channel_join",
        "ts": "1585819445.000400",
        "user": "U6D2VCN07",
        "text": "<@U6D2VCN07> has joined the channel",
        "inviter": "U4VR52RQE"
    },
    {
        "type": "message",
        "subtype": "bot_message",
        "text": ":champagne: _You have opened a new, empty shared channel._ \n_Share <https:\/\/www.smooz.io\/room\/5e85af3486e7aa00042448c5|this link> with other teams to invite them in it_",
        "ts": "1585819445.000500",
        "username": "Smooz",
        "bot_id": "B6CS60LDU"
    },
    {
        "type": "message",
        "subtype": "bot_message",
        "text": "_Team *Prospela Students (beta)* joined the shared channel_",
        "ts": "1585820134.000600",
        "username": "Smooz",
        "bot_id": "B6CS60LDU"
    },
    {
        "type": "message",
        "subtype": "bot_message",
        "text": "_Team *Prospela Mentors (beta)* joined the shared channel_",
        "ts": "1585820138.000700",
        "username": "Smooz",
        "bot_id": "B6CS60LDU"
    },
    {
        "type": "message",
        "subtype": "channel_join",
        "ts": "1585820202.000900",
        "user": "UTTNC1BJM",
        "text": "<@UTTNC1BJM> has joined the channel",
        "inviter": "U4VR52RQE"
    },
    {
        "type": "message",
        "subtype": "channel_join",
        "ts": "1585820202.001100",
        "user": "U4V22C6A1",
        "text": "<@U4V22C6A1> has joined the channel",
        "inviter": "U4VR52RQE"
    },
    {
        "type": "message",
        "subtype": "channel_name",
        "ts": "1585820208.001200",
        "user": "U4VR52RQE",
        "text": "<@U4VR52RQE> has renamed the channel from \"z-shared-23\" to \"steve-and-izzy\"",
        "old_name": "z-shared-23",
        "name": "steve-and-izzy"
    },
    {
        "type": "message",
        "subtype": "bot_message",
        "text": "_@steve has joined the channel_",
        "ts": "1585820352.001300",
        "username": "smooz (Prospela Mentors (beta))",
        "icons": {
            "image_48": "https:\/\/s3-us-west-2.amazonaws.com\/slack-files2\/bot_icons\/2020-04-02\/1034548052817_48.png"
        },
        "bot_id": "B6CS60LDU"
    },
    {
        "type": "message",
        "subtype": "bot_message",
        "text": "_@izzyhudson has joined the channel_",
        "ts": "1585820364.001400",
        "username": "smooz (Prospela Students (beta))",
        "icons": {
            "image_48": "https:\/\/s3-us-west-2.amazonaws.com\/slack-files2\/bot_icons\/2020-04-02\/1034548627841_48.png"
        },
        "bot_id": "B6CS60LDU"
    },
    {
        "type": "message",
        "subtype": "bot_message",
        "text": "Hey Izzy, please meet Steve your incredible E-Mentor we've been telling you about :smile:. Feel free to introduce yourselves, say a little bit about what you would like to get out of the mentorship and continue chatting within this channel. :wave:\n\nI will now be leaving the channel, but please direct message myself or penny-prospela if you have any questions. All the best for now! :slightly_smiling_face:\n\nNote: You will not see your match as a \"member\" in this channel however you can see from the chat history that they have joined\/been added :smile:",
        "ts": "1585820377.001500",
        "username": "Dexter Boyce (Prospela Students (beta))",
        "icons": {
            "image_48": "https:\/\/s3-us-west-2.amazonaws.com\/slack-files2\/bot_icons\/2020-04-02\/1044580832336_48.png"
        },
        "bot_id": "B6CS60LDU"
    },
    {
        "type": "message",
        "subtype": "bot_message",
        "text": "_@dexter has left the channel_",
        "ts": "1585820390.001600",
        "username": "smooz (Prospela Mentors (beta))",
        "icons": {
            "image_48": "https:\/\/s3-us-west-2.amazonaws.com\/slack-files2\/bot_icons\/2020-04-02\/1044581615488_48.png"
        },
        "bot_id": "B6CS60LDU"
    },
    {
        "type": "message",
        "subtype": "bot_message",
        "text": "_@dexter has left the channel_",
        "ts": "1585820396.001700",
        "username": "smooz (Prospela Students (beta))",
        "icons": {
            "image_48": "https:\/\/s3-us-west-2.amazonaws.com\/slack-files2\/bot_icons\/2020-04-02\/1032567742787_48.png"
        },
        "bot_id": "B6CS60LDU"
    },
    {
        "type": "message",
        "subtype": "bot_message",
        "text": "Hi Izzy, I had a quick look at the bio they sent over to me but if you want to just give me a rundown of what you're currently doing and what you're thinking of doing in the future I'll see if I can help. Any questions you have, please ask and I'll do my best to answer them =]",
        "ts": "1585821389.001800",
        "username": "Steve Kimbrey (Prospela Mentors (beta))",
        "icons": {
            "image_48": "https:\/\/s3-us-west-2.amazonaws.com\/slack-files2\/bot_icons\/2020-04-02\/1044964518694_48.png"
        },
        "bot_id": "B6CS60LDU"
    },
    {
        "type": "message",
        "subtype": "bot_message",
        "text": "Hey there! Im currently trying to get to grips with 3D animation, hoping for it to be one of my specialisms to take into my final year. Currently working on a body mechanics brief so for the end of this semester have to complete a Standing up, jumping, dance, and climb animation - all of which ive started but would appreciate feedback and help on! would like to get these body mechanic down so i can plan out some more animations to attempt over the summer. As for what im thinking of doing in the future, right now i think id like to go into film\/tv animation not really too sure yet! hope this helps a bit :slightly_smiling_face:",
        "ts": "1585824515.001900",
        "username": "izzy hudson (Prospela Students (beta))",
        "icons": {
            "image_48": "https:\/\/s3-us-west-2.amazonaws.com\/slack-files2\/bot_icons\/2020-04-02\/1043424139492_48.png"
        },
        "bot_id": "B6CS60LDU"
    },
    {
        "type": "message",
        "subtype": "bot_message",
        "text": "Cool, ok. Well I'm happy to give feedback if you have links to your work.\nHave you filmed any reference for the body mechanics stuff? If you're concentrating on body mechanics it's always good to film yourself or someone else acting the motion out. You might be surprised with some of the things you that you might not have realised. If you do it yourself you'll also be able to notice where all the weight shifting happens.\nWhich uni are you at if you don't mind me asking?",
        "ts": "1585825445.002000",
        "username": "Steve Kimbrey (Prospela Mentors (beta))",
        "icons": {
            "image_48": "https:\/\/s3-us-west-2.amazonaws.com\/slack-files2\/bot_icons\/2020-04-02\/1032767567379_48.png"
        },
        "bot_id": "B6CS60LDU"
    },
    {
        "type": "message",
        "subtype": "bot_message",
        "text": "i havent filmed any reference actually ill def do that then thanks! I can upload my current work up onto one drive or smth and share the link with you to take a look at that would be great!",
        "ts": "1585846693.002100",
        "username": "izzy hudson (Prospela Students (beta))",
        "icons": {
            "image_48": "https:\/\/s3-us-west-2.amazonaws.com\/slack-files2\/bot_icons\/2020-04-02\/1036565692225_48.png"
        },
        "bot_id": "B6CS60LDU"
    },
    {
        "type": "message",
        "subtype": "bot_message",
        "text": "Im currently studying at DJCAD in Dundee!",
        "ts": "1585846705.002200",
        "username": "izzy hudson (Prospela Students (beta))",
        "icons": {
            "image_48": "https:\/\/s3-us-west-2.amazonaws.com\/slack-files2\/bot_icons\/2020-04-02\/1046598577392_48.png"
        },
        "bot_id": "B6CS60LDU"
    },
    {
        "type": "message",
        "subtype": "bot_message",
        "text": "<https:\/\/1drv.ms\/u\/s!AuVCxmW1-b4ThB8mJfC8j7hISfJs?e=GKftlu>",
        "ts": "1585847058.002300",
        "username": "izzy hudson (Prospela Students (beta))",
        "icons": {
            "image_48": "https:\/\/s3-us-west-2.amazonaws.com\/slack-files2\/bot_icons\/2020-04-02\/1045450059318_48.png"
        },
        "bot_id": "B6CS60LDU"
    },
    {
        "type": "message",
        "subtype": "bot_message",
        "text": "heres the link to current wips",
        "ts": "1585847068.002400",
        "username": "izzy hudson (Prospela Students (beta))",
        "icons": {
            "image_48": "https:\/\/s3-us-west-2.amazonaws.com\/slack-files2\/bot_icons\/2020-04-02\/1045450278518_48.png"
        },
        "bot_id": "B6CS60LDU"
    },
    {
        "type": "message",
        "subtype": "bot_message",
        "text": "The Dance was referencing Taylor Swifts Shake it off",
        "ts": "1585847153.002500",
        "username": "izzy hudson (Prospela Students (beta))",
        "icons": {
            "image_48": "https:\/\/s3-us-west-2.amazonaws.com\/slack-files2\/bot_icons\/2020-04-02\/1044788075703_48.png"
        },
        "bot_id": "B6CS60LDU"
    },
    {
        "type": "message",
        "subtype": "bot_message",
        "text": "and the run and climb is referenced from a Parkour vid",
        "ts": "1585847191.002600",
        "username": "izzy hudson (Prospela Students (beta))",
        "icons": {
            "image_48": "https:\/\/s3-us-west-2.amazonaws.com\/slack-files2\/bot_icons\/2020-04-02\/1034008041715_48.png"
        },
        "bot_id": "B6CS60LDU"
    }
]