[
    {
        "type": "message",
        "text": "Your team’s scheduled Do Not Disturb hours have been disabled by a Team Owner or Admin.  If you’d like to set your own, you can do that in your notification preferences.",
        "user": "USLACKBOT",
        "ts": "1503075291.000322",
        "team": "T4UUTPV18",
        "user_team": "T4UUTPV18",
        "source_team": "T4UUTPV18",
        "user_profile": {
            "avatar_hash": "sv41d8cd98f0",
            "image_72": "https:\/\/a.slack-edge.com\/80588\/img\/slackbot_72.png",
            "first_name": "slackbot",
            "real_name": "Slackbot",
            "display_name": "Slackbot",
            "team": "T4UUTPV18",
            "name": "slackbot",
            "is_restricted": false,
            "is_ultra_restricted": false
        }
    }
]