[
    {
        "type": "message",
        "subtype": "bot_message",
        "text": "sure thing! <https:\/\/www.artstation.com\/teeteegone|https:\/\/www.artstation.com\/teeteegone> sorry for the slow reply - been a busy week",
        "ts": "1581948631.001900",
        "username": "Laith Shewayish (Prospela Students (beta))",
        "icons": {
            "image_48": "https:\/\/s3-us-west-2.amazonaws.com\/slack-files2\/bot_icons\/2020-02-17\/955220953604_48.png"
        },
        "bot_id": "B6CS60LDU",
        "attachments": [
            {
                "service_name": "ArtStation",
                "title": "Laith Shewayish",
                "title_link": "https:\/\/www.artstation.com\/teeteegone",
                "text": "Concept and 3D Artist",
                "fallback": "ArtStation: Laith Shewayish",
                "thumb_url": "https:\/\/cdnb.artstation.com\/p\/users\/covers\/000\/632\/659\/default\/4361eef860cd4e3fb38495b3633735c5.jpg?1551452340",
                "from_url": "https:\/\/www.artstation.com\/teeteegone",
                "thumb_width": 1920,
                "thumb_height": 640,
                "service_icon": "https:\/\/www.artstation.com\/assets\/apple-touch-icon-72x72-precomposed-c7189dfd4e315a35afe9a7f6dcb0c99d.png",
                "id": 1,
                "original_url": "https:\/\/www.artstation.com\/teeteegone"
            }
        ],
        "edited": {
            "user": "B6CS60LDU",
            "ts": "1581948632.000000"
        }
    }
]