[
    {
        "type": "message",
        "subtype": "bot_message",
        "text": "Hi Laith, Nice to meet you, I'm Ashley and I'm here to help in any way possible and if you have any questions feel free to ask. How may I help you with your current project ?",
        "ts": "1580377638.001600",
        "username": "Ashley Mountford (Prospela Mentors (beta))",
        "icons": {
            "image_48": "https:\/\/s3-us-west-2.amazonaws.com\/slack-files2\/bot_icons\/2020-01-30\/916018046706_48.png"
        },
        "bot_id": "B6CS60LDU"
    }
]