[
    {
        "type": "message",
        "subtype": "bot_message",
        "text": "im currently doing, intro to game design which has given me stuff weekly to do where I break down levels and such , 3d engines where I am currently making an unreal tornament map, Fundamentals of gameplay which is teaching me academic writing as I analyse a mobile game and Narratology where I have written about playing a D&amp;D campaign and I'm now writing a analysis of the campaign using narrative theory.",
        "ts": "1575113332.002400",
        "username": "Greg Alderton (Prospela Students (beta))",
        "icons": {
            "image_48": "https:\/\/s3-us-west-2.amazonaws.com\/slack-files2\/bot_icons\/2019-11-30\/854648963605_48.png"
        },
        "bot_id": "B6CS60LDU"
    }
]