[
    {
        "type": "message",
        "subtype": "bot_message",
        "text": "Nice! What modules have you done so far? Built anything cool?\n\nI’m currently trying to figure out why some a creature’s legs are coming out too fat in some renders. Made more difficult by the artist and all the data being in Adelaide, so I’m having to copy tons of assets across to try and reproduce the problem.",
        "ts": "1575042166.002300",
        "username": "Tom Mawby (Prospela Mentors (beta))",
        "icons": {
            "image_48": "https:\/\/s3-us-west-2.amazonaws.com\/slack-files2\/bot_icons\/2019-11-29\/853644385028_48.png"
        },
        "bot_id": "B6CS60LDU"
    }
]