[
    {
        "type": "message",
        "subtype": "bot_message",
        "text": "Hey Greg,\nThe Access:VFX guys did a podcast about how to stand out at a time when things like career events are getting cancelled. Quite a lot of it applies to games as well as VFX, I reckon. Give it a look if you're interested!\n<https:\/\/www.youtube.com\/watch?v=8dI3ZkDm2sY>\nCheers.",
        "ts": "1584440758.005600",
        "username": "Tom Mawby (Prospela Mentors (beta))",
        "icons": {
            "image_48": "https:\/\/s3-us-west-2.amazonaws.com\/slack-files2\/bot_icons\/2020-03-17\/1007142021015_48.png"
        },
        "bot_id": "B6CS60LDU",
        "attachments": [
            {
                "service_name": "YouTube",
                "service_url": "https:\/\/www.youtube.com\/",
                "title": "ACCESS:VFX Podcast - Standing Out While Staying In",
                "title_link": "https:\/\/www.youtube.com\/watch?v=8dI3ZkDm2sY",
                "author_name": "ACCESS: VFX",
                "author_link": "https:\/\/www.youtube.com\/channel\/UCX4Vt8ZpXkd6c-MBZqEBIIw",
                "thumb_url": "https:\/\/i.ytimg.com\/vi\/8dI3ZkDm2sY\/hqdefault.jpg",
                "thumb_width": 480,
                "thumb_height": 360,
                "fallback": "YouTube Video: ACCESS:VFX Podcast - Standing Out While Staying In",
                "video_html": "<iframe width=\"400\" height=\"225\" src=\"https:\/\/www.youtube.com\/embed\/8dI3ZkDm2sY?feature=oembed&autoplay=1&iv_load_policy=3\" frameborder=\"0\" allow=\"accelerometer; autoplay; encrypted-media; gyroscope; picture-in-picture\" allowfullscreen><\/iframe>",
                "video_html_width": 400,
                "video_html_height": 225,
                "from_url": "https:\/\/www.youtube.com\/watch?v=8dI3ZkDm2sY",
                "service_icon": "https:\/\/a.slack-edge.com\/80588\/img\/unfurl_icons\/youtube.png",
                "id": 1,
                "original_url": "https:\/\/www.youtube.com\/watch?v=8dI3ZkDm2sY"
            }
        ],
        "edited": {
            "user": "B6CS60LDU",
            "ts": "1584440758.000000"
        }
    },
    {
        "type": "message",
        "subtype": "bot_message",
        "text": "Another potentially interesting thing I just got sent - spreadsheet of salaries for different game industry jobs:\n<https:\/\/docs.google.com\/spreadsheets\/d\/1uZF-gfBDHNJE8ebDQUFy49pwrAnCMx8uf6VzNITaOKI\/edit#gid=846726335>",
        "ts": "1584457407.005800",
        "username": "Tom Mawby (Prospela Mentors (beta))",
        "icons": {
            "image_48": "https:\/\/s3-us-west-2.amazonaws.com\/slack-files2\/bot_icons\/2020-03-17\/994545433427_48.png"
        },
        "bot_id": "B6CS60LDU"
    },
    {
        "type": "message",
        "subtype": "bot_message",
        "text": "thanks. Uni has just moved to online teaching only.",
        "ts": "1584488552.005900",
        "username": "Greg Alderton (Prospela Students (beta))",
        "icons": {
            "image_48": "https:\/\/s3-us-west-2.amazonaws.com\/slack-files2\/bot_icons\/2020-03-17\/995925635315_48.png"
        },
        "bot_id": "B6CS60LDU"
    }
]