[
    {
        "type": "message",
        "subtype": "bot_message",
        "text": "im so sorry. I totally missed your message. im always free on thursdays, friday afternoon and the weekends.",
        "ts": "1579280504.000100",
        "username": "Greg Alderton (Prospela Students (beta))",
        "icons": {
            "image_48": "https:\/\/s3-us-west-2.amazonaws.com\/slack-files2\/bot_icons\/2020-01-17\/913567361734_48.png"
        },
        "bot_id": "B6CS60LDU"
    },
    {
        "type": "message",
        "subtype": "bot_message",
        "text": "my break was nice.",
        "ts": "1579280536.000200",
        "username": "Greg Alderton (Prospela Students (beta))",
        "icons": {
            "image_48": "https:\/\/s3-us-west-2.amazonaws.com\/slack-files2\/bot_icons\/2020-01-17\/898577213442_48.png"
        },
        "bot_id": "B6CS60LDU"
    }
]