[
    {
        "type": "message",
        "subtype": "bot_message",
        "text": "Hey Greg, hope you're keeping well with all this Coronavirus stuff.",
        "ts": "1584367935.004900",
        "username": "Tom Mawby (Prospela Mentors (beta))",
        "icons": {
            "image_48": "https:\/\/s3-us-west-2.amazonaws.com\/slack-files2\/bot_icons\/2020-03-16\/1002926849749_48.png"
        },
        "bot_id": "B6CS60LDU"
    },
    {
        "type": "message",
        "subtype": "bot_message",
        "text": "My ex-Games friend came back to me with another tidbit - one of his former colleagues at Codemasters runs a podcast where she talks to various games industry professionals that she's worked with in different roles. It has stories of how people got into game development, and always has advice about how to get into the industry (which is the main focus of the podcast). He says it's well worth a listen:\n<https:\/\/www.supercoolcast.com\/>",
        "ts": "1584368010.005000",
        "username": "Tom Mawby (Prospela Mentors (beta))",
        "icons": {
            "image_48": "https:\/\/s3-us-west-2.amazonaws.com\/slack-files2\/bot_icons\/2020-03-16\/1002930742597_48.png"
        },
        "bot_id": "B6CS60LDU",
        "attachments": [
            {
                "service_name": "Welcome to the SuperCoolCast",
                "title": "SuperCoolCast",
                "title_link": "https:\/\/www.supercoolcast.com\/",
                "text": "The SuperCoolCast is a twice-monthly podcast where games industry veteran Lauran Carter unlocks the mysteries of how to break into a career in games.",
                "fallback": "Welcome to the SuperCoolCast: SuperCoolCast",
                "image_url": "https:\/\/www.supercoolcast.com\/wp-content\/uploads\/elementor\/thumbs\/new-ep-badge-o4tsc20372ofx2wdjdcdhud31nmelr31xmzt1405mm.jpg",
                "from_url": "https:\/\/www.supercoolcast.com\/",
                "image_width": 320,
                "image_height": 115,
                "image_bytes": 10089,
                "service_icon": "https:\/\/www.supercoolcast.com\/wp-content\/uploads\/2019\/02\/cropped-SITEICON-1-1-180x180.png",
                "id": 1,
                "original_url": "https:\/\/www.supercoolcast.com\/"
            }
        ],
        "edited": {
            "user": "B6CS60LDU",
            "ts": "1584368010.000000"
        }
    },
    {
        "type": "message",
        "subtype": "bot_message",
        "text": "Thought that might be of interest!",
        "ts": "1584368024.005200",
        "username": "Tom Mawby (Prospela Mentors (beta))",
        "icons": {
            "image_48": "https:\/\/s3-us-west-2.amazonaws.com\/slack-files2\/bot_icons\/2020-03-16\/1002912907008_48.png"
        },
        "bot_id": "B6CS60LDU"
    },
    {
        "type": "message",
        "subtype": "bot_message",
        "text": "Stay safe + healthy, etc!",
        "ts": "1584368041.005300",
        "username": "Tom Mawby (Prospela Mentors (beta))",
        "icons": {
            "image_48": "https:\/\/s3-us-west-2.amazonaws.com\/slack-files2\/bot_icons\/2020-03-16\/1004777503911_48.png"
        },
        "bot_id": "B6CS60LDU"
    },
    {
        "type": "message",
        "subtype": "bot_message",
        "text": "Thanks! Uni is still open :flushed:. I'll give that a listen.",
        "ts": "1584368097.005400",
        "username": "Greg Alderton (Prospela Students (beta))",
        "icons": {
            "image_48": "https:\/\/s3-us-west-2.amazonaws.com\/slack-files2\/bot_icons\/2020-03-16\/1004780344039_48.png"
        },
        "bot_id": "B6CS60LDU"
    },
    {
        "type": "message",
        "subtype": "bot_message",
        "text": "My work is still open too. On balance, I'd rather be working from home (like *all* of my non-VFX mates are), but we're still working out how to make that work",
        "ts": "1584370507.005500",
        "username": "Tom Mawby (Prospela Mentors (beta))",
        "icons": {
            "image_48": "https:\/\/s3-us-west-2.amazonaws.com\/slack-files2\/bot_icons\/2020-03-16\/1002589529236_48.png"
        },
        "bot_id": "B6CS60LDU"
    }
]