[
    {
        "type": "message",
        "subtype": "bot_message",
        "text": "Hi Greg! Happy New Year. Did you have a good break?\n\nWe should arrange a call at some point soon, if you’re up for that - I’m conscious that we never actually got around to chatting. When would be good for you?",
        "ts": "1578321125.000100",
        "username": "Tom Mawby (Prospela Mentors (beta))",
        "icons": {
            "image_48": "https:\/\/s3-us-west-2.amazonaws.com\/slack-files2\/bot_icons\/2020-01-06\/883233890291_48.png"
        },
        "bot_id": "B6CS60LDU"
    }
]