[
    {
        "type": "message",
        "subtype": "pinned_item",
        "text": "<@U5XGXM0PP> pinned <@U4VR52RQE>’s QuickTime Movie <https:\/\/prospela.slack.com\/files\/U4VR52RQE\/F5XCB4UKV\/movie_on_21-06-2017_at_18.35.mov|Introduction - Eleanor &amp; Ewelina> to this channel.",
        "user": "U5XGXM0PP",
        "item_type": "F",
        "item": {
            "id": "F5XCB4UKV",
            "created": 1498072963,
            "timestamp": 1498072963,
            "name": "Movie on 21-06-2017 at 18.35.mov",
            "title": "Introduction - Eleanor &amp; Ewelina",
            "mimetype": "video\/quicktime",
            "filetype": "mov",
            "pretty_type": "QuickTime Movie",
            "user": "U4VR52RQE",
            "editable": false,
            "size": 27671516,
            "mode": "hosted",
            "is_external": false,
            "external_type": "",
            "is_public": false,
            "public_url_shared": false,
            "display_as_bot": false,
            "username": "",
            "url_private": "https:\/\/files.slack.com\/files-pri\/T4UUTPV18-F5XCB4UKV\/movie_on_21-06-2017_at_18.35.mov?t=xoxe-164979811042-1081742544354-1080362743317-fee6284c0ee20406565ca4cadf37d845",
            "url_private_download": "https:\/\/files.slack.com\/files-pri\/T4UUTPV18-F5XCB4UKV\/download\/movie_on_21-06-2017_at_18.35.mov?t=xoxe-164979811042-1081742544354-1080362743317-fee6284c0ee20406565ca4cadf37d845",
            "permalink": "https:\/\/prospela.slack.com\/files\/U4VR52RQE\/F5XCB4UKV\/movie_on_21-06-2017_at_18.35.mov",
            "permalink_public": "https:\/\/slack-files.com\/T4UUTPV18-F5XCB4UKV-6149f02e14",
            "is_starred": false,
            "has_rich_preview": false
        },
        "ts": "1498982875.995470"
    }
]