[
    {
        "type": "message",
        "text": "",
        "files": [
            {
                "id": "F5WTHUZ7B",
                "created": 1498072924,
                "timestamp": 1498072924,
                "name": "Prospela - Career Plan: Ewelina",
                "title": "Prospela - Career Plan: Ewelina.pptm",
                "mimetype": "application\/vnd.google-apps.presentation",
                "filetype": "gpres",
                "pretty_type": "GSuite Presentation",
                "user": "U4VR52RQE",
                "editable": false,
                "size": 10125,
                "mode": "external",
                "is_external": true,
                "external_type": "gdrive",
                "is_public": false,
                "public_url_shared": false,
                "display_as_bot": false,
                "username": "",
                "url_private": "https:\/\/docs.google.com\/presentation\/d\/1wbjKWfpLN2KuqGkIz2ZkuZBR4GhOqf9pjDsVzrTZ63Y\/edit?usp=drive_web",
                "thumb_64": "https:\/\/files.slack.com\/files-tmb\/T4UUTPV18-F5WTHUZ7B-2fc5021ebe\/prospela_-_career_plan__ewelina_64.png?t=xoxe-164979811042-1081742544354-1080362743317-fee6284c0ee20406565ca4cadf37d845",
                "thumb_80": "https:\/\/files.slack.com\/files-tmb\/T4UUTPV18-F5WTHUZ7B-2fc5021ebe\/prospela_-_career_plan__ewelina_80.png?t=xoxe-164979811042-1081742544354-1080362743317-fee6284c0ee20406565ca4cadf37d845",
                "thumb_360": "https:\/\/files.slack.com\/files-tmb\/T4UUTPV18-F5WTHUZ7B-2fc5021ebe\/prospela_-_career_plan__ewelina_360.png?t=xoxe-164979811042-1081742544354-1080362743317-fee6284c0ee20406565ca4cadf37d845",
                "thumb_360_w": 360,
                "thumb_360_h": 203,
                "thumb_480": "https:\/\/files.slack.com\/files-tmb\/T4UUTPV18-F5WTHUZ7B-2fc5021ebe\/prospela_-_career_plan__ewelina_480.png?t=xoxe-164979811042-1081742544354-1080362743317-fee6284c0ee20406565ca4cadf37d845",
                "thumb_480_w": 480,
                "thumb_480_h": 270,
                "thumb_160": "https:\/\/files.slack.com\/files-tmb\/T4UUTPV18-F5WTHUZ7B-2fc5021ebe\/prospela_-_career_plan__ewelina_160.png?t=xoxe-164979811042-1081742544354-1080362743317-fee6284c0ee20406565ca4cadf37d845",
                "thumb_720": "https:\/\/files.slack.com\/files-tmb\/T4UUTPV18-F5WTHUZ7B-2fc5021ebe\/prospela_-_career_plan__ewelina_720.png?t=xoxe-164979811042-1081742544354-1080362743317-fee6284c0ee20406565ca4cadf37d845",
                "thumb_720_w": 720,
                "thumb_720_h": 405,
                "thumb_800": "https:\/\/files.slack.com\/files-tmb\/T4UUTPV18-F5WTHUZ7B-2fc5021ebe\/prospela_-_career_plan__ewelina_800.png?t=xoxe-164979811042-1081742544354-1080362743317-fee6284c0ee20406565ca4cadf37d845",
                "thumb_800_w": 800,
                "thumb_800_h": 450,
                "image_exif_rotation": 1,
                "original_w": 800,
                "original_h": 450,
                "permalink": "https:\/\/prospela.slack.com\/files\/U4VR52RQE\/F5WTHUZ7B\/prospela_-_career_plan__ewelina",
                "is_starred": false,
                "external_id": "1wbjKWfpLN2KuqGkIz2ZkuZBR4GhOqf9pjDsVzrTZ63Y",
                "external_url": "https:\/\/docs.google.com\/presentation\/d\/1wbjKWfpLN2KuqGkIz2ZkuZBR4GhOqf9pjDsVzrTZ63Y\/edit?usp=drive_web",
                "has_rich_preview": true
            }
        ],
        "upload": false,
        "user": "U4VR52RQE",
        "display_as_bot": false,
        "ts": "1498072926.002179",
        "edited": {
            "user": "U4VR52RQE",
            "ts": "1498906018.000000"
        }
    },
    {
        "type": "message",
        "subtype": "pinned_item",
        "text": "<@U4VR52RQE> pinned their GSuite Presentation <https:\/\/prospela.slack.com\/files\/U4VR52RQE\/F5WTHUZ7B\/prospela_-_career_plan__ewelina|Prospela - Career Plan: Ewelina.pptm> to this channel.",
        "user": "U4VR52RQE",
        "item_type": "F",
        "item": {
            "id": "F5WTHUZ7B",
            "created": 1498072924,
            "timestamp": 1498072924,
            "name": "Prospela - Career Plan: Ewelina",
            "title": "Prospela - Career Plan: Ewelina.pptm",
            "mimetype": "application\/vnd.google-apps.presentation",
            "filetype": "gpres",
            "pretty_type": "GSuite Presentation",
            "user": "U4VR52RQE",
            "editable": false,
            "size": 10125,
            "mode": "external",
            "is_external": true,
            "external_type": "gdrive",
            "is_public": false,
            "public_url_shared": false,
            "display_as_bot": false,
            "username": "",
            "url_private": "https:\/\/docs.google.com\/presentation\/d\/1wbjKWfpLN2KuqGkIz2ZkuZBR4GhOqf9pjDsVzrTZ63Y\/edit?usp=drive_web",
            "thumb_64": "https:\/\/files.slack.com\/files-tmb\/T4UUTPV18-F5WTHUZ7B-2fc5021ebe\/prospela_-_career_plan__ewelina_64.png?t=xoxe-164979811042-1081742544354-1080362743317-fee6284c0ee20406565ca4cadf37d845",
            "thumb_80": "https:\/\/files.slack.com\/files-tmb\/T4UUTPV18-F5WTHUZ7B-2fc5021ebe\/prospela_-_career_plan__ewelina_80.png?t=xoxe-164979811042-1081742544354-1080362743317-fee6284c0ee20406565ca4cadf37d845",
            "thumb_360": "https:\/\/files.slack.com\/files-tmb\/T4UUTPV18-F5WTHUZ7B-2fc5021ebe\/prospela_-_career_plan__ewelina_360.png?t=xoxe-164979811042-1081742544354-1080362743317-fee6284c0ee20406565ca4cadf37d845",
            "thumb_360_w": 360,
            "thumb_360_h": 203,
            "thumb_480": "https:\/\/files.slack.com\/files-tmb\/T4UUTPV18-F5WTHUZ7B-2fc5021ebe\/prospela_-_career_plan__ewelina_480.png?t=xoxe-164979811042-1081742544354-1080362743317-fee6284c0ee20406565ca4cadf37d845",
            "thumb_480_w": 480,
            "thumb_480_h": 270,
            "thumb_160": "https:\/\/files.slack.com\/files-tmb\/T4UUTPV18-F5WTHUZ7B-2fc5021ebe\/prospela_-_career_plan__ewelina_160.png?t=xoxe-164979811042-1081742544354-1080362743317-fee6284c0ee20406565ca4cadf37d845",
            "thumb_720": "https:\/\/files.slack.com\/files-tmb\/T4UUTPV18-F5WTHUZ7B-2fc5021ebe\/prospela_-_career_plan__ewelina_720.png?t=xoxe-164979811042-1081742544354-1080362743317-fee6284c0ee20406565ca4cadf37d845",
            "thumb_720_w": 720,
            "thumb_720_h": 405,
            "thumb_800": "https:\/\/files.slack.com\/files-tmb\/T4UUTPV18-F5WTHUZ7B-2fc5021ebe\/prospela_-_career_plan__ewelina_800.png?t=xoxe-164979811042-1081742544354-1080362743317-fee6284c0ee20406565ca4cadf37d845",
            "thumb_800_w": 800,
            "thumb_800_h": 450,
            "image_exif_rotation": 1,
            "original_w": 800,
            "original_h": 450,
            "permalink": "https:\/\/prospela.slack.com\/files\/U4VR52RQE\/F5WTHUZ7B\/prospela_-_career_plan__ewelina",
            "is_starred": false,
            "external_id": "1wbjKWfpLN2KuqGkIz2ZkuZBR4GhOqf9pjDsVzrTZ63Y",
            "external_url": "https:\/\/docs.google.com\/presentation\/d\/1wbjKWfpLN2KuqGkIz2ZkuZBR4GhOqf9pjDsVzrTZ63Y\/edit?usp=drive_web",
            "has_rich_preview": true
        },
        "ts": "1498072947.009358"
    },
    {
        "type": "message",
        "text": "Hi both, please watch this short intro video. Your Career Plan is also pinned to this conversation for easy access. Best of luck!",
        "files": [
            {
                "id": "F5XCB4UKV",
                "created": 1498072963,
                "timestamp": 1498072963,
                "name": "Movie on 21-06-2017 at 18.35.mov",
                "title": "Introduction - Eleanor &amp; Ewelina",
                "mimetype": "video\/quicktime",
                "filetype": "mov",
                "pretty_type": "QuickTime Movie",
                "user": "U4VR52RQE",
                "editable": false,
                "size": 27671516,
                "mode": "hosted",
                "is_external": false,
                "external_type": "",
                "is_public": false,
                "public_url_shared": false,
                "display_as_bot": false,
                "username": "",
                "url_private": "https:\/\/files.slack.com\/files-pri\/T4UUTPV18-F5XCB4UKV\/movie_on_21-06-2017_at_18.35.mov?t=xoxe-164979811042-1081742544354-1080362743317-fee6284c0ee20406565ca4cadf37d845",
                "url_private_download": "https:\/\/files.slack.com\/files-pri\/T4UUTPV18-F5XCB4UKV\/download\/movie_on_21-06-2017_at_18.35.mov?t=xoxe-164979811042-1081742544354-1080362743317-fee6284c0ee20406565ca4cadf37d845",
                "permalink": "https:\/\/prospela.slack.com\/files\/U4VR52RQE\/F5XCB4UKV\/movie_on_21-06-2017_at_18.35.mov",
                "permalink_public": "https:\/\/slack-files.com\/T4UUTPV18-F5XCB4UKV-6149f02e14",
                "is_starred": false,
                "has_rich_preview": false
            }
        ],
        "upload": true,
        "user": "U4VR52RQE",
        "display_as_bot": false,
        "ts": "1498072966.015492"
    },
    {
        "type": "message",
        "text": "Please feel free to continue chatting within this group (Note: we are muted and won't be involved from here on out) but if you would prefer you should now be able to set up a Direct Message between just yourselves.",
        "user": "U4VR52RQE",
        "ts": "1498085819.781243",
        "team": "T4UUTPV18",
        "user_team": "T4UUTPV18",
        "source_team": "T4UUTPV18",
        "user_profile": {
            "avatar_hash": "d730c1e93535",
            "image_72": "https:\/\/avatars.slack-edge.com\/2017-06-20\/201542361287_d730c1e93535ae06c852_72.png",
            "first_name": "Dexter",
            "real_name": "Dexter",
            "display_name": "dexter-prospela",
            "team": "T4UUTPV18",
            "name": "dexter-prospela",
            "is_restricted": false,
            "is_ultra_restricted": false
        }
    }
]