[
    {
        "type": "message",
        "text": "",
        "files": [
            {
                "id": "F5Y7UTS1M",
                "created": 1498067941,
                "timestamp": 1498067941,
                "name": "Prospela - Career Plan: Yasir",
                "title": "Prospela - Career Plan: Yasir.pptm",
                "mimetype": "application\/vnd.google-apps.presentation",
                "filetype": "gpres",
                "pretty_type": "GSuite Presentation",
                "user": "U4VR52RQE",
                "editable": false,
                "size": 10125,
                "mode": "external",
                "is_external": true,
                "external_type": "gdrive",
                "is_public": false,
                "public_url_shared": false,
                "display_as_bot": false,
                "username": "",
                "url_private": "https:\/\/docs.google.com\/presentation\/d\/1R3ZH_3HV2h1h5XPjukgsdZd1haPQt_5CTeT-aGrFYRg\/edit?usp=drive_web",
                "thumb_64": "https:\/\/files.slack.com\/files-tmb\/T4UUTPV18-F5Y7UTS1M-fd830fd75c\/prospela_-_career_plan__yasir_64.png?t=xoxe-164979811042-1081742544354-1080362743317-fee6284c0ee20406565ca4cadf37d845",
                "thumb_80": "https:\/\/files.slack.com\/files-tmb\/T4UUTPV18-F5Y7UTS1M-fd830fd75c\/prospela_-_career_plan__yasir_80.png?t=xoxe-164979811042-1081742544354-1080362743317-fee6284c0ee20406565ca4cadf37d845",
                "thumb_360": "https:\/\/files.slack.com\/files-tmb\/T4UUTPV18-F5Y7UTS1M-fd830fd75c\/prospela_-_career_plan__yasir_360.png?t=xoxe-164979811042-1081742544354-1080362743317-fee6284c0ee20406565ca4cadf37d845",
                "thumb_360_w": 360,
                "thumb_360_h": 203,
                "thumb_480": "https:\/\/files.slack.com\/files-tmb\/T4UUTPV18-F5Y7UTS1M-fd830fd75c\/prospela_-_career_plan__yasir_480.png?t=xoxe-164979811042-1081742544354-1080362743317-fee6284c0ee20406565ca4cadf37d845",
                "thumb_480_w": 480,
                "thumb_480_h": 270,
                "thumb_160": "https:\/\/files.slack.com\/files-tmb\/T4UUTPV18-F5Y7UTS1M-fd830fd75c\/prospela_-_career_plan__yasir_160.png?t=xoxe-164979811042-1081742544354-1080362743317-fee6284c0ee20406565ca4cadf37d845",
                "thumb_720": "https:\/\/files.slack.com\/files-tmb\/T4UUTPV18-F5Y7UTS1M-fd830fd75c\/prospela_-_career_plan__yasir_720.png?t=xoxe-164979811042-1081742544354-1080362743317-fee6284c0ee20406565ca4cadf37d845",
                "thumb_720_w": 720,
                "thumb_720_h": 405,
                "thumb_800": "https:\/\/files.slack.com\/files-tmb\/T4UUTPV18-F5Y7UTS1M-fd830fd75c\/prospela_-_career_plan__yasir_800.png?t=xoxe-164979811042-1081742544354-1080362743317-fee6284c0ee20406565ca4cadf37d845",
                "thumb_800_w": 800,
                "thumb_800_h": 450,
                "image_exif_rotation": 1,
                "original_w": 800,
                "original_h": 450,
                "permalink": "https:\/\/prospela.slack.com\/files\/U4VR52RQE\/F5Y7UTS1M\/prospela_-_career_plan__yasir",
                "is_starred": false,
                "external_id": "1R3ZH_3HV2h1h5XPjukgsdZd1haPQt_5CTeT-aGrFYRg",
                "external_url": "https:\/\/docs.google.com\/presentation\/d\/1R3ZH_3HV2h1h5XPjukgsdZd1haPQt_5CTeT-aGrFYRg\/edit?usp=drive_web",
                "has_rich_preview": true
            }
        ],
        "upload": false,
        "user": "U4VR52RQE",
        "display_as_bot": false,
        "ts": "1498067943.226404"
    },
    {
        "type": "message",
        "subtype": "pinned_item",
        "text": "<@U4VR52RQE> pinned their GSuite Presentation <https:\/\/prospela.slack.com\/files\/U4VR52RQE\/F5Y7UTS1M\/prospela_-_career_plan__yasir|Prospela - Career Plan: Yasir.pptm> to this channel.",
        "user": "U4VR52RQE",
        "item_type": "F",
        "item": {
            "id": "F5Y7UTS1M",
            "created": 1498067941,
            "timestamp": 1498067941,
            "name": "Prospela - Career Plan: Yasir",
            "title": "Prospela - Career Plan: Yasir.pptm",
            "mimetype": "application\/vnd.google-apps.presentation",
            "filetype": "gpres",
            "pretty_type": "GSuite Presentation",
            "user": "U4VR52RQE",
            "editable": false,
            "size": 10125,
            "mode": "external",
            "is_external": true,
            "external_type": "gdrive",
            "is_public": false,
            "public_url_shared": false,
            "display_as_bot": false,
            "username": "",
            "url_private": "https:\/\/docs.google.com\/presentation\/d\/1R3ZH_3HV2h1h5XPjukgsdZd1haPQt_5CTeT-aGrFYRg\/edit?usp=drive_web",
            "thumb_64": "https:\/\/files.slack.com\/files-tmb\/T4UUTPV18-F5Y7UTS1M-fd830fd75c\/prospela_-_career_plan__yasir_64.png?t=xoxe-164979811042-1081742544354-1080362743317-fee6284c0ee20406565ca4cadf37d845",
            "thumb_80": "https:\/\/files.slack.com\/files-tmb\/T4UUTPV18-F5Y7UTS1M-fd830fd75c\/prospela_-_career_plan__yasir_80.png?t=xoxe-164979811042-1081742544354-1080362743317-fee6284c0ee20406565ca4cadf37d845",
            "thumb_360": "https:\/\/files.slack.com\/files-tmb\/T4UUTPV18-F5Y7UTS1M-fd830fd75c\/prospela_-_career_plan__yasir_360.png?t=xoxe-164979811042-1081742544354-1080362743317-fee6284c0ee20406565ca4cadf37d845",
            "thumb_360_w": 360,
            "thumb_360_h": 203,
            "thumb_480": "https:\/\/files.slack.com\/files-tmb\/T4UUTPV18-F5Y7UTS1M-fd830fd75c\/prospela_-_career_plan__yasir_480.png?t=xoxe-164979811042-1081742544354-1080362743317-fee6284c0ee20406565ca4cadf37d845",
            "thumb_480_w": 480,
            "thumb_480_h": 270,
            "thumb_160": "https:\/\/files.slack.com\/files-tmb\/T4UUTPV18-F5Y7UTS1M-fd830fd75c\/prospela_-_career_plan__yasir_160.png?t=xoxe-164979811042-1081742544354-1080362743317-fee6284c0ee20406565ca4cadf37d845",
            "thumb_720": "https:\/\/files.slack.com\/files-tmb\/T4UUTPV18-F5Y7UTS1M-fd830fd75c\/prospela_-_career_plan__yasir_720.png?t=xoxe-164979811042-1081742544354-1080362743317-fee6284c0ee20406565ca4cadf37d845",
            "thumb_720_w": 720,
            "thumb_720_h": 405,
            "thumb_800": "https:\/\/files.slack.com\/files-tmb\/T4UUTPV18-F5Y7UTS1M-fd830fd75c\/prospela_-_career_plan__yasir_800.png?t=xoxe-164979811042-1081742544354-1080362743317-fee6284c0ee20406565ca4cadf37d845",
            "thumb_800_w": 800,
            "thumb_800_h": 450,
            "image_exif_rotation": 1,
            "original_w": 800,
            "original_h": 450,
            "permalink": "https:\/\/prospela.slack.com\/files\/U4VR52RQE\/F5Y7UTS1M\/prospela_-_career_plan__yasir",
            "is_starred": false,
            "external_id": "1R3ZH_3HV2h1h5XPjukgsdZd1haPQt_5CTeT-aGrFYRg",
            "external_url": "https:\/\/docs.google.com\/presentation\/d\/1R3ZH_3HV2h1h5XPjukgsdZd1haPQt_5CTeT-aGrFYRg\/edit?usp=drive_web",
            "has_rich_preview": true
        },
        "ts": "1498067953.230169"
    },
    {
        "type": "message",
        "text": "Hi both, please watch this short intro video. Your Career Plan is also pinned to this conversation for easy access. Best of luck!",
        "files": [
            {
                "id": "F5XFQKU4D",
                "created": 1498068005,
                "timestamp": 1498068005,
                "name": "Movie on 21-06-2017 at 18.35.mov",
                "title": "Introduction - Thomas &amp; Yasir",
                "mimetype": "video\/quicktime",
                "filetype": "mov",
                "pretty_type": "QuickTime Movie",
                "user": "U4VR52RQE",
                "editable": false,
                "size": 27671516,
                "mode": "hosted",
                "is_external": false,
                "external_type": "",
                "is_public": false,
                "public_url_shared": false,
                "display_as_bot": false,
                "username": "",
                "url_private": "https:\/\/files.slack.com\/files-pri\/T4UUTPV18-F5XFQKU4D\/movie_on_21-06-2017_at_18.35.mov?t=xoxe-164979811042-1081742544354-1080362743317-fee6284c0ee20406565ca4cadf37d845",
                "url_private_download": "https:\/\/files.slack.com\/files-pri\/T4UUTPV18-F5XFQKU4D\/download\/movie_on_21-06-2017_at_18.35.mov?t=xoxe-164979811042-1081742544354-1080362743317-fee6284c0ee20406565ca4cadf37d845",
                "permalink": "https:\/\/prospela.slack.com\/files\/U4VR52RQE\/F5XFQKU4D\/movie_on_21-06-2017_at_18.35.mov",
                "permalink_public": "https:\/\/slack-files.com\/T4UUTPV18-F5XFQKU4D-d0692a4a8d",
                "is_starred": false,
                "has_rich_preview": false
            }
        ],
        "upload": true,
        "user": "U4VR52RQE",
        "display_as_bot": false,
        "ts": "1498068007.252633"
    }
]