[
    {
        "type": "message",
        "text": "<@U5X5V3NAE> I hope you have had a chance to look through your career plan and was wondering if there was any particular element you would like to focus on on any questions you have?",
        "user": "U5WVD9VEX",
        "ts": "1498654978.364329",
        "team": "T4UUTPV18",
        "user_team": "T4UUTPV18",
        "source_team": "T4UUTPV18",
        "user_profile": {
            "avatar_hash": "2da0126f33a2",
            "image_72": "https:\/\/avatars.slack-edge.com\/2017-06-21\/201889746406_2da0126f33a2bb51d9c6_72.jpg",
            "first_name": "Thomas",
            "real_name": "Thomas",
            "display_name": "thomas",
            "team": "T4UUTPV18",
            "name": "thomas",
            "is_restricted": false,
            "is_ultra_restricted": false
        }
    }
]