[
    {
        "type": "message",
        "text": "Doesn't happen all the time but Fridays are normally really relaxed in the property industry so a quick trip to the pub is always an option.",
        "files": [
            {
                "id": "F634C3971",
                "created": 1498834545,
                "timestamp": 1498834545,
                "name": "Image uploaded from iOS.jpg",
                "title": "Friday property lunch",
                "mimetype": "image\/jpeg",
                "filetype": "jpg",
                "pretty_type": "JPEG",
                "user": "U5WVD9VEX",
                "editable": false,
                "size": 5254710,
                "mode": "hosted",
                "is_external": false,
                "external_type": "",
                "is_public": false,
                "public_url_shared": false,
                "display_as_bot": false,
                "username": "",
                "url_private": "https:\/\/files.slack.com\/files-pri\/T4UUTPV18-F634C3971\/image_uploaded_from_ios.jpg?t=xoxe-164979811042-1081742544354-1080362743317-fee6284c0ee20406565ca4cadf37d845",
                "url_private_download": "https:\/\/files.slack.com\/files-pri\/T4UUTPV18-F634C3971\/download\/image_uploaded_from_ios.jpg?t=xoxe-164979811042-1081742544354-1080362743317-fee6284c0ee20406565ca4cadf37d845",
                "thumb_64": "https:\/\/files.slack.com\/files-tmb\/T4UUTPV18-F634C3971-abfb146c3f\/image_uploaded_from_ios_64.jpg?t=xoxe-164979811042-1081742544354-1080362743317-fee6284c0ee20406565ca4cadf37d845",
                "thumb_80": "https:\/\/files.slack.com\/files-tmb\/T4UUTPV18-F634C3971-abfb146c3f\/image_uploaded_from_ios_80.jpg?t=xoxe-164979811042-1081742544354-1080362743317-fee6284c0ee20406565ca4cadf37d845",
                "thumb_360": "https:\/\/files.slack.com\/files-tmb\/T4UUTPV18-F634C3971-abfb146c3f\/image_uploaded_from_ios_360.jpg?t=xoxe-164979811042-1081742544354-1080362743317-fee6284c0ee20406565ca4cadf37d845",
                "thumb_360_w": 270,
                "thumb_360_h": 360,
                "thumb_480": "https:\/\/files.slack.com\/files-tmb\/T4UUTPV18-F634C3971-abfb146c3f\/image_uploaded_from_ios_480.jpg?t=xoxe-164979811042-1081742544354-1080362743317-fee6284c0ee20406565ca4cadf37d845",
                "thumb_480_w": 361,
                "thumb_480_h": 480,
                "thumb_160": "https:\/\/files.slack.com\/files-tmb\/T4UUTPV18-F634C3971-abfb146c3f\/image_uploaded_from_ios_160.jpg?t=xoxe-164979811042-1081742544354-1080362743317-fee6284c0ee20406565ca4cadf37d845",
                "thumb_720": "https:\/\/files.slack.com\/files-tmb\/T4UUTPV18-F634C3971-abfb146c3f\/image_uploaded_from_ios_720.jpg?t=xoxe-164979811042-1081742544354-1080362743317-fee6284c0ee20406565ca4cadf37d845",
                "thumb_720_w": 541,
                "thumb_720_h": 720,
                "thumb_800": "https:\/\/files.slack.com\/files-tmb\/T4UUTPV18-F634C3971-abfb146c3f\/image_uploaded_from_ios_800.jpg?t=xoxe-164979811042-1081742544354-1080362743317-fee6284c0ee20406565ca4cadf37d845",
                "thumb_800_w": 800,
                "thumb_800_h": 1065,
                "thumb_960": "https:\/\/files.slack.com\/files-tmb\/T4UUTPV18-F634C3971-abfb146c3f\/image_uploaded_from_ios_960.jpg?t=xoxe-164979811042-1081742544354-1080362743317-fee6284c0ee20406565ca4cadf37d845",
                "thumb_960_w": 721,
                "thumb_960_h": 960,
                "thumb_1024": "https:\/\/files.slack.com\/files-tmb\/T4UUTPV18-F634C3971-abfb146c3f\/image_uploaded_from_ios_1024.jpg?t=xoxe-164979811042-1081742544354-1080362743317-fee6284c0ee20406565ca4cadf37d845",
                "thumb_1024_w": 769,
                "thumb_1024_h": 1024,
                "image_exif_rotation": 1,
                "original_w": 2320,
                "original_h": 3088,
                "permalink": "https:\/\/prospela.slack.com\/files\/U5WVD9VEX\/F634C3971\/image_uploaded_from_ios.jpg",
                "permalink_public": "https:\/\/slack-files.com\/T4UUTPV18-F634C3971-b39dfd41fc",
                "is_starred": false,
                "has_rich_preview": false
            }
        ],
        "upload": true,
        "user": "U5WVD9VEX",
        "display_as_bot": false,
        "upload_reply_to": "4405CA7B-AC01-4A39-B34A-10C812FC59F3",
        "ts": "1498834545.698988"
    }
]