[
    {
        "type": "message",
        "text": "Morning <@U5X5V3NAE>, as a bit of background I work for a real estate investment fund on the transaction side focused on retail and office assets. I understand that you are interested in going into law with a potential real estate focus so hopefully I will be able to help you get a better understanding of the industry and answer any questions you might have. I will do my best to get back to you on anything as quickly as possible but I apologies in advance if there are some delays! Tom",
        "user": "U5WVD9VEX",
        "ts": "1498124209.846600",
        "team": "T4UUTPV18",
        "user_team": "T4UUTPV18",
        "source_team": "T4UUTPV18",
        "user_profile": {
            "avatar_hash": "2da0126f33a2",
            "image_72": "https:\/\/avatars.slack-edge.com\/2017-06-21\/201889746406_2da0126f33a2bb51d9c6_72.jpg",
            "first_name": "Thomas",
            "real_name": "Thomas",
            "display_name": "thomas",
            "team": "T4UUTPV18",
            "name": "thomas",
            "is_restricted": false,
            "is_ultra_restricted": false
        }
    }
]