[
    {
        "type": "message",
        "text": "<@U5WBDCAFJ> here are some personal stats on you and your conversation with your mentor. Thanks a million for your involvement so far! The mentors have been really enjoying their conversation with you all and have given some great feedback :ok_hand:. We hope the stats also give you an idea of the interaction you have been having and provide plenty of fuel for conversation over the remainder of the programme up to the 21st July. :thinking_face: At the end of the programme we will of course have a another prize giving! But also have many more stats to share on performance and progression so keep your eyes peeled :laughing:",
        "user": "U4VR52RQE",
        "ts": "1499805783.033093",
        "team": "T4UUTPV18",
        "user_team": "T4UUTPV18",
        "source_team": "T4UUTPV18",
        "user_profile": {
            "avatar_hash": "d730c1e93535",
            "image_72": "https:\/\/avatars.slack-edge.com\/2017-06-20\/201542361287_d730c1e93535ae06c852_72.png",
            "first_name": "Dexter",
            "real_name": "Dexter",
            "display_name": "dexter-prospela",
            "team": "T4UUTPV18",
            "name": "dexter-prospela",
            "is_restricted": false,
            "is_ultra_restricted": false
        }
    },
    {
        "type": "message",
        "text": "",
        "files": [
            {
                "id": "F67B50620",
                "created": 1499805790,
                "timestamp": 1499805790,
                "name": "Ester Remedios De Brito - Prospela Stats.PNG",
                "title": "Ester Remedios De Brito - Prospela Stats",
                "mimetype": "image\/png",
                "filetype": "png",
                "pretty_type": "PNG",
                "user": "U4VR52RQE",
                "editable": false,
                "size": 54987,
                "mode": "hosted",
                "is_external": false,
                "external_type": "",
                "is_public": false,
                "public_url_shared": false,
                "display_as_bot": false,
                "username": "",
                "url_private": "https:\/\/files.slack.com\/files-pri\/T4UUTPV18-F67B50620\/ester_remedios_de_brito_-_prospela_stats.png?t=xoxe-164979811042-1081742544354-1080362743317-fee6284c0ee20406565ca4cadf37d845",
                "url_private_download": "https:\/\/files.slack.com\/files-pri\/T4UUTPV18-F67B50620\/download\/ester_remedios_de_brito_-_prospela_stats.png?t=xoxe-164979811042-1081742544354-1080362743317-fee6284c0ee20406565ca4cadf37d845",
                "thumb_64": "https:\/\/files.slack.com\/files-tmb\/T4UUTPV18-F67B50620-edafb40610\/ester_remedios_de_brito_-_prospela_stats_64.png?t=xoxe-164979811042-1081742544354-1080362743317-fee6284c0ee20406565ca4cadf37d845",
                "thumb_80": "https:\/\/files.slack.com\/files-tmb\/T4UUTPV18-F67B50620-edafb40610\/ester_remedios_de_brito_-_prospela_stats_80.png?t=xoxe-164979811042-1081742544354-1080362743317-fee6284c0ee20406565ca4cadf37d845",
                "thumb_360": "https:\/\/files.slack.com\/files-tmb\/T4UUTPV18-F67B50620-edafb40610\/ester_remedios_de_brito_-_prospela_stats_360.png?t=xoxe-164979811042-1081742544354-1080362743317-fee6284c0ee20406565ca4cadf37d845",
                "thumb_360_w": 282,
                "thumb_360_h": 360,
                "thumb_480": "https:\/\/files.slack.com\/files-tmb\/T4UUTPV18-F67B50620-edafb40610\/ester_remedios_de_brito_-_prospela_stats_480.png?t=xoxe-164979811042-1081742544354-1080362743317-fee6284c0ee20406565ca4cadf37d845",
                "thumb_480_w": 376,
                "thumb_480_h": 480,
                "thumb_160": "https:\/\/files.slack.com\/files-tmb\/T4UUTPV18-F67B50620-edafb40610\/ester_remedios_de_brito_-_prospela_stats_160.png?t=xoxe-164979811042-1081742544354-1080362743317-fee6284c0ee20406565ca4cadf37d845",
                "image_exif_rotation": 1,
                "original_w": 515,
                "original_h": 658,
                "permalink": "https:\/\/prospela.slack.com\/files\/U4VR52RQE\/F67B50620\/ester_remedios_de_brito_-_prospela_stats.png",
                "permalink_public": "https:\/\/slack-files.com\/T4UUTPV18-F67B50620-e3263d39e9",
                "is_starred": false,
                "has_rich_preview": false
            }
        ],
        "upload": true,
        "user": "U4VR52RQE",
        "display_as_bot": false,
        "ts": "1499805792.037689"
    },
    {
        "type": "message",
        "text": "Thank you!",
        "user": "U5WBDCAFJ",
        "ts": "1499805899.092804",
        "team": "T4UUTPV18",
        "user_team": "T4UUTPV18",
        "source_team": "T4UUTPV18",
        "user_profile": {
            "avatar_hash": "g0c196659188",
            "image_72": "https:\/\/secure.gravatar.com\/avatar\/40c1966591882ebf521486107b33078c.jpg?s=72&d=https%3A%2F%2Fa.slack-edge.com%2Fdf10d%2Fimg%2Favatars%2Fava_0001-72.png",
            "first_name": "Ester",
            "real_name": "Ester Remedios De Brito",
            "display_name": "ester15",
            "team": "T4UUTPV18",
            "name": "ester15",
            "is_restricted": false,
            "is_ultra_restricted": false
        }
    },
    {
        "type": "message",
        "text": "You're very welcome!",
        "user": "U4VR52RQE",
        "ts": "1499805951.119440",
        "team": "T4UUTPV18",
        "user_team": "T4UUTPV18",
        "source_team": "T4UUTPV18",
        "user_profile": {
            "avatar_hash": "d730c1e93535",
            "image_72": "https:\/\/avatars.slack-edge.com\/2017-06-20\/201542361287_d730c1e93535ae06c852_72.png",
            "first_name": "Dexter",
            "real_name": "Dexter",
            "display_name": "dexter-prospela",
            "team": "T4UUTPV18",
            "name": "dexter-prospela",
            "is_restricted": false,
            "is_ultra_restricted": false
        }
    }
]