[
    {
        "type": "message",
        "subtype": "channel_join",
        "ts": "1585240376.000200",
        "user": "U4VR52RQE",
        "text": "<@U4VR52RQE> has joined the channel"
    },
    {
        "type": "message",
        "subtype": "bot_message",
        "text": ":champagne: _You have opened a new, empty shared channel._ \n_Share <https:\/\/www.smooz.io\/room\/5e7cd938d5ddd300047269d6|this link> with other teams to invite them in it_",
        "ts": "1585240377.000400",
        "username": "Smooz",
        "bot_id": "B6CS60LDU"
    },
    {
        "type": "message",
        "subtype": "channel_join",
        "ts": "1585240377.000500",
        "user": "U6D2VCN07",
        "text": "<@U6D2VCN07> has joined the channel",
        "inviter": "U4VR52RQE"
    },
    {
        "type": "message",
        "subtype": "channel_name",
        "ts": "1585240395.000600",
        "user": "U4VR52RQE",
        "text": "<@U4VR52RQE> has renamed the channel from \"z-shared-23\" to \"samantha-and-adeena\"",
        "old_name": "z-shared-23",
        "name": "samantha-and-adeena"
    },
    {
        "type": "message",
        "subtype": "channel_join",
        "ts": "1585240401.000800",
        "user": "U4V22C6A1",
        "text": "<@U4V22C6A1> has joined the channel",
        "inviter": "U4VR52RQE"
    },
    {
        "type": "message",
        "subtype": "channel_join",
        "ts": "1585240401.001000",
        "user": "UTTNC1BJM",
        "text": "<@UTTNC1BJM> has joined the channel",
        "inviter": "U4VR52RQE"
    },
    {
        "type": "message",
        "subtype": "bot_message",
        "text": "_Team *Villiers E-Mentoring* joined the shared channel_",
        "ts": "1585240482.001100",
        "username": "Smooz",
        "bot_id": "B6CS60LDU"
    },
    {
        "type": "message",
        "subtype": "bot_message",
        "text": "_Team *Mentor* joined the shared channel_",
        "ts": "1585240645.001200",
        "username": "Smooz",
        "bot_id": "B6CS60LDU"
    },
    {
        "type": "message",
        "subtype": "bot_message",
        "text": "_@adeenasaeed59 has joined the channel_",
        "ts": "1585240753.001300",
        "username": "smooz (Villiers E-Mentoring)",
        "icons": {
            "image_48": "https:\/\/s3-us-west-2.amazonaws.com\/slack-files2\/bot_icons\/2020-03-26\/1029073349136_48.png"
        },
        "bot_id": "B6CS60LDU"
    },
    {
        "type": "message",
        "subtype": "bot_message",
        "text": "_@grivens2 has joined the channel_",
        "ts": "1585240764.001400",
        "username": "smooz (Mentor)",
        "icons": {
            "image_48": "https:\/\/s3-us-west-2.amazonaws.com\/slack-files2\/bot_icons\/2020-03-26\/1028319577828_48.png"
        },
        "bot_id": "B6CS60LDU"
    },
    {
        "type": "message",
        "subtype": "bot_message",
        "text": "Hey Adeena, please meet Samantha your incredible E-Mentor we've been telling you about :smile:.  Feel free to introduce yourselves, say a little bit about what you would like to get out of the mentorship and continue chatting within this channel. :wave:\n\nI will now be leaving the channel, but please direct message myself or penny-prospela if you have any questions. All the best for now! :slightly_smiling_face:",
        "ts": "1585240789.001500",
        "username": "emma-prospela (Villiers E-Mentoring)",
        "icons": {
            "image_48": "https:\/\/s3-us-west-2.amazonaws.com\/slack-files2\/bot_icons\/2020-03-26\/1019036681729_48.png"
        },
        "bot_id": "B6CS60LDU"
    },
    {
        "type": "message",
        "subtype": "bot_message",
        "text": "_@emma has left the channel_",
        "ts": "1585240800.001600",
        "username": "smooz (Mentor)",
        "icons": {
            "image_48": "https:\/\/s3-us-west-2.amazonaws.com\/slack-files2\/bot_icons\/2020-03-26\/1030693007270_48.png"
        },
        "bot_id": "B6CS60LDU"
    },
    {
        "type": "message",
        "subtype": "bot_message",
        "text": "_@emma has left the channel_",
        "ts": "1585240804.001700",
        "username": "smooz (Villiers E-Mentoring)",
        "icons": {
            "image_48": "https:\/\/s3-us-west-2.amazonaws.com\/slack-files2\/bot_icons\/2020-03-26\/1016301122962_48.png"
        },
        "bot_id": "B6CS60LDU"
    }
]