[
    {
        "type": "message",
        "subtype": "bot_message",
        "text": "Ohh okay thank you ",
        "ts": "1508621891.000039",
        "username": "kurwinderkaur15 (Mentee)",
        "icons": {
            "image_48": "https:\/\/slack-files2.s3-us-west-2.amazonaws.com\/bot_icons\/2017-10-21\/259866065747_48.png"
        },
        "bot_id": "B6CS60LDU"
    },
    {
        "type": "message",
        "subtype": "bot_message",
        "text": "I was wondering in my personal statement should I only mention criminology or should I talk about criminal justice aswell ",
        "ts": "1508621894.000060",
        "username": "kurwinderkaur15 (Mentee)",
        "icons": {
            "image_48": "https:\/\/slack-files2.s3-us-west-2.amazonaws.com\/bot_icons\/2017-10-21\/260827004870_48.png"
        },
        "bot_id": "B6CS60LDU"
    }
]