[
    {
        "type": "message",
        "subtype": "bot_message",
        "text": "If you have any more questions on that specifically let me know and I can chat to her again. Other than that, happy to answer nay other questions you might have. Are you currently at university, or thinking about what to do when you apply?",
        "ts": "1508227870.000092",
        "username": "christian.jeffery (Mentor)",
        "icons": {
            "image_48": "https:\/\/slack-files2.s3-us-west-2.amazonaws.com\/bot_icons\/2017-10-17\/257373081714_48.png"
        },
        "bot_id": "B6CS60LDU"
    },
    {
        "type": "message",
        "subtype": "bot_message",
        "text": "Right now I’m in yr13 and I’m planning on applying at UCL to do security and crime science. \nBut as my safe options I have decided to look at the university of Kent and City to do criminology and criminal justice ",
        "ts": "1508257841.000516",
        "username": "kurwinderkaur15 (Mentee)",
        "icons": {
            "image_48": "https:\/\/slack-files2.s3-us-west-2.amazonaws.com\/bot_icons\/2017-10-17\/257645443506_48.png"
        },
        "bot_id": "B6CS60LDU"
    },
    {
        "type": "message",
        "subtype": "bot_message",
        "text": "I have a question about my options, as I wanna do criminology I was wondering is it useful if I do criminal justice as well or not  ",
        "ts": "1508257954.000314",
        "username": "kurwinderkaur15 (Mentee)",
        "icons": {
            "image_48": "https:\/\/slack-files2.s3-us-west-2.amazonaws.com\/bot_icons\/2017-10-17\/257129311089_48.png"
        },
        "bot_id": "B6CS60LDU"
    },
    {
        "type": "message",
        "subtype": "bot_message",
        "text": "I think that would be useful. There are two strands in criminology - one looks at crime within the existing justice system. The other, “radical” criminology asks what could happen if the current justice system was different. In either case, understanding the system would be a big help. So if it was me I would probably go for both - that would also set you apart from other students.",
        "ts": "1508259612.000635",
        "username": "christian.jeffery (Mentor)",
        "icons": {
            "image_48": "https:\/\/slack-files2.s3-us-west-2.amazonaws.com\/bot_icons\/2017-10-17\/257718586708_48.png"
        },
        "bot_id": "B6CS60LDU"
    }
]