[
    {
        "type": "message",
        "subtype": "bot_message",
        "text": "it would be helpful from my perspective if you could introduce yourself, a bit about what you;re interested in, what your aims are, what you want to get out of this program etc.",
        "ts": "1507709546.000439",
        "username": "christian.jeffery (Mentor)",
        "icons": {
            "image_48": "https:\/\/slack-files2.s3-us-west-2.amazonaws.com\/bot_icons\/2017-10-11\/255619346583_48.png"
        },
        "bot_id": "B6CS60LDU"
    },
    {
        "type": "message",
        "subtype": "bot_message",
        "text": "My work routine today: I'm working from home today - I had to be up at 6 to get ready for a call with a client in the Philippines at 7am. Then a call with a lawyer in Dubai to discuss a possible partnership bidding for a large project in Cyprus. That took me to lunch. After a morning talking, the afternoon will be spent reading through documents sent from the Philippines to see if the information needed for our analysis is there. A fairly typical day when projects are in full flow.",
        "ts": "1507723024.000097",
        "username": "christian.jeffery (Mentor)",
        "icons": {
            "image_48": "https:\/\/slack-files2.s3-us-west-2.amazonaws.com\/bot_icons\/2017-10-11\/255721817943_48.png"
        },
        "bot_id": "B6CS60LDU"
    },
    {
        "type": "message",
        "text": "",
        "files": [
            {
                "id": "F7H8FHBNZ",
                "created": 1507790573,
                "timestamp": 1507790573,
                "name": "Image uploaded from iOS.jpg",
                "title": "Image uploaded from iOS",
                "mimetype": "image\/jpeg",
                "filetype": "jpg",
                "pretty_type": "JPEG",
                "user": "U6D2VCN07",
                "editable": false,
                "size": 3771852,
                "mode": "hosted",
                "is_external": false,
                "external_type": "",
                "is_public": true,
                "public_url_shared": false,
                "display_as_bot": false,
                "username": "",
                "url_private": "https:\/\/files.slack.com\/files-pri\/T4UUTPV18-F7H8FHBNZ\/image_uploaded_from_ios.jpg?t=xoxe-164979811042-1081742544354-1080362743317-fee6284c0ee20406565ca4cadf37d845",
                "url_private_download": "https:\/\/files.slack.com\/files-pri\/T4UUTPV18-F7H8FHBNZ\/download\/image_uploaded_from_ios.jpg?t=xoxe-164979811042-1081742544354-1080362743317-fee6284c0ee20406565ca4cadf37d845",
                "thumb_64": "https:\/\/files.slack.com\/files-tmb\/T4UUTPV18-F7H8FHBNZ-63236a87ea\/image_uploaded_from_ios_64.jpg?t=xoxe-164979811042-1081742544354-1080362743317-fee6284c0ee20406565ca4cadf37d845",
                "thumb_80": "https:\/\/files.slack.com\/files-tmb\/T4UUTPV18-F7H8FHBNZ-63236a87ea\/image_uploaded_from_ios_80.jpg?t=xoxe-164979811042-1081742544354-1080362743317-fee6284c0ee20406565ca4cadf37d845",
                "thumb_360": "https:\/\/files.slack.com\/files-tmb\/T4UUTPV18-F7H8FHBNZ-63236a87ea\/image_uploaded_from_ios_360.jpg?t=xoxe-164979811042-1081742544354-1080362743317-fee6284c0ee20406565ca4cadf37d845",
                "thumb_360_w": 360,
                "thumb_360_h": 270,
                "thumb_480": "https:\/\/files.slack.com\/files-tmb\/T4UUTPV18-F7H8FHBNZ-63236a87ea\/image_uploaded_from_ios_480.jpg?t=xoxe-164979811042-1081742544354-1080362743317-fee6284c0ee20406565ca4cadf37d845",
                "thumb_480_w": 480,
                "thumb_480_h": 360,
                "thumb_160": "https:\/\/files.slack.com\/files-tmb\/T4UUTPV18-F7H8FHBNZ-63236a87ea\/image_uploaded_from_ios_160.jpg?t=xoxe-164979811042-1081742544354-1080362743317-fee6284c0ee20406565ca4cadf37d845",
                "thumb_720": "https:\/\/files.slack.com\/files-tmb\/T4UUTPV18-F7H8FHBNZ-63236a87ea\/image_uploaded_from_ios_720.jpg?t=xoxe-164979811042-1081742544354-1080362743317-fee6284c0ee20406565ca4cadf37d845",
                "thumb_720_w": 720,
                "thumb_720_h": 540,
                "thumb_800": "https:\/\/files.slack.com\/files-tmb\/T4UUTPV18-F7H8FHBNZ-63236a87ea\/image_uploaded_from_ios_800.jpg?t=xoxe-164979811042-1081742544354-1080362743317-fee6284c0ee20406565ca4cadf37d845",
                "thumb_800_w": 800,
                "thumb_800_h": 600,
                "thumb_960": "https:\/\/files.slack.com\/files-tmb\/T4UUTPV18-F7H8FHBNZ-63236a87ea\/image_uploaded_from_ios_960.jpg?t=xoxe-164979811042-1081742544354-1080362743317-fee6284c0ee20406565ca4cadf37d845",
                "thumb_960_w": 960,
                "thumb_960_h": 720,
                "thumb_1024": "https:\/\/files.slack.com\/files-tmb\/T4UUTPV18-F7H8FHBNZ-63236a87ea\/image_uploaded_from_ios_1024.jpg?t=xoxe-164979811042-1081742544354-1080362743317-fee6284c0ee20406565ca4cadf37d845",
                "thumb_1024_w": 1024,
                "thumb_1024_h": 768,
                "image_exif_rotation": 1,
                "original_w": 3264,
                "original_h": 2448,
                "permalink": "https:\/\/prospela.slack.com\/files\/U6D2VCN07\/F7H8FHBNZ\/image_uploaded_from_ios.jpg",
                "permalink_public": "https:\/\/slack-files.com\/T4UUTPV18-F7H8FHBNZ-dadbb01a90",
                "is_starred": false,
                "has_rich_preview": false
            }
        ],
        "upload": true,
        "user": "U6D2VCN07",
        "display_as_bot": false,
        "ts": "1507790578.000204"
    }
]