[
    {
        "type": "message",
        "subtype": "channel_join",
        "ts": "1507463006.000044",
        "user": "U4VR52RQE",
        "text": "<@U4VR52RQE> has joined the channel"
    },
    {
        "type": "message",
        "subtype": "bot_message",
        "text": ":champagne: _You have opened a new, empty shared channel._ \n_Share <https:\/\/www.smooz.io\/room\/59da0f5efcd36500045961a5|this link> with other teams to invite them in it_",
        "ts": "1507463006.000065",
        "username": "Smooz",
        "bot_id": "B6CS60LDU"
    },
    {
        "type": "message",
        "subtype": "channel_join",
        "ts": "1507463006.000069",
        "user": "U6D2VCN07",
        "text": "<@U6D2VCN07> has joined the channel",
        "inviter": "U4VR52RQE"
    },
    {
        "type": "message",
        "subtype": "channel_join",
        "ts": "1507467521.000041",
        "user": "U4V22C6A1",
        "text": "<@U4V22C6A1> has joined the channel"
    },
    {
        "type": "message",
        "subtype": "channel_name",
        "ts": "1507467603.000022",
        "user": "U4VR52RQE",
        "text": "<@U4VR52RQE> has renamed the channel from \"z-shared-19\" to \"christian-kurwinder\"",
        "old_name": "z-shared-19",
        "name": "christian-kurwinder"
    },
    {
        "type": "message",
        "subtype": "bot_message",
        "text": "_Team *Mentee* joined the shared channel_",
        "ts": "1507467670.000018",
        "username": "Smooz",
        "bot_id": "B6CS60LDU"
    },
    {
        "type": "message",
        "subtype": "bot_message",
        "text": "_Team *Mentor* joined the shared channel_",
        "ts": "1507467687.000072",
        "username": "Smooz",
        "bot_id": "B6CS60LDU"
    }
]