[
    {
        "type": "message",
        "subtype": "bot_message",
        "text": "Ohh okay thanks ",
        "ts": "1509264047.000013",
        "username": "kurwinderkaur15 (Mentee)",
        "icons": {
            "image_48": "https:\/\/slack-files2.s3-us-west-2.amazonaws.com\/bot_icons\/2017-10-29\/263086633953_48.png"
        },
        "bot_id": "B6CS60LDU"
    },
    {
        "type": "message",
        "subtype": "bot_message",
        "text": "I was wondering how did you decide to work in your current job ",
        "ts": "1509264089.000030",
        "username": "kurwinderkaur15 (Mentee)",
        "icons": {
            "image_48": "https:\/\/slack-files2.s3-us-west-2.amazonaws.com\/bot_icons\/2017-10-29\/263742774821_48.png"
        },
        "bot_id": "B6CS60LDU"
    },
    {
        "type": "message",
        "subtype": "bot_message",
        "text": "To be honest I didn't really - I was about to leave uni with no idea what I really wanted to do when I met someone at a networking event. I was handing out CVs and he gave me a call a couple of days later and asked if I wanted to interview for a job. So I did and that got me started in my career to date. So I guess it shows that just getting out there and meeting people works!",
        "ts": "1509266291.000002",
        "username": "christian.jeffery (Mentor)",
        "icons": {
            "image_48": "https:\/\/slack-files2.s3-us-west-2.amazonaws.com\/bot_icons\/2017-10-29\/263530216451_48.png"
        },
        "bot_id": "B6CS60LDU"
    }
]